accuracy,balanced_accuracy,specificity_low,sensitivity_high,tn,fp,fn,tp
0.7684210526315789,0.7684692671394799,0.7638888888888888,0.7730496453900709,110,34,32,109
