{
  "experiment": "Task7 DINOv3 frozen whole+crop feature development CV",
  "data_boundary": "Only old batch1+batch2 and third-batch development data are used. Strict external folder is not read.",
  "n_old": 285,
  "n_third": 306,
  "feature_shape_old": [
    285,
    2048
  ],
  "feature_shape_third": [
    306,
    2048
  ],
  "selected": {
    "feature_model": "eva02_large_patch14_clip_336.merged2b",
    "global_pool": "token",
    "input_variant": "whole_plus_crop",
    "image_size": 336,
    "estimator": "extra_d2",
    "weight_mode": "label",
    "objective": "balanced_accuracy",
    "all_threshold": 0.62,
    "all_accuracy": 0.6531302876480541,
    "all_balanced_accuracy": 0.6622757847533632,
    "all_f1": 0.6034816247582205,
    "all_tn": 230,
    "all_fp": 138,
    "all_fn": 67,
    "all_tp": 156,
    "all_sensitivity_high": 0.6995515695067265,
    "all_specificity_low": 0.625,
    "all_auc": 0.6860011698186781,
    "old_threshold": 0.62,
    "old_accuracy": 0.6350877192982456,
    "old_balanced_accuracy": 0.6356382978723405,
    "old_f1": 0.6510067114093959,
    "old_tn": 84,
    "old_fp": 60,
    "old_fn": 44,
    "old_tp": 97,
    "old_sensitivity_high": 0.6879432624113475,
    "old_specificity_low": 0.5833333333333334,
    "old_auc": 0.6528270291568163,
    "third_threshold": 0.62,
    "third_accuracy": 0.6699346405228758,
    "third_balanced_accuracy": 0.6856489547038327,
    "third_f1": 0.5388127853881278,
    "third_tn": 146,
    "third_fp": 78,
    "third_fn": 23,
    "third_tp": 59,
    "third_sensitivity_high": 0.7195121951219512,
    "third_specificity_low": 0.6517857142857143,
    "third_auc": 0.7188044425087108,
    "selection_score": 0.3924783670353218,
    "old_guard_090": false,
    "old_guard_092": false
  },
  "top10": [
    {
      "feature_model": "eva02_large_patch14_clip_336.merged2b",
      "global_pool": "token",
      "input_variant": "whole_plus_crop",
      "image_size": 336,
      "estimator": "extra_d2",
      "weight_mode": "label",
      "objective": "balanced_accuracy",
      "all_threshold": 0.62,
      "all_accuracy": 0.6531302876480541,
      "all_balanced_accuracy": 0.6622757847533632,
      "all_f1": 0.6034816247582205,
      "all_tn": 230,
      "all_fp": 138,
      "all_fn": 67,
      "all_tp": 156,
      "all_sensitivity_high": 0.6995515695067265,
      "all_specificity_low": 0.625,
      "all_auc": 0.6860011698186781,
      "old_threshold": 0.62,
      "old_accuracy": 0.6350877192982456,
      "old_balanced_accuracy": 0.6356382978723405,
      "old_f1": 0.6510067114093959,
      "old_tn": 84,
      "old_fp": 60,
      "old_fn": 44,
      "old_tp": 97,
      "old_sensitivity_high": 0.6879432624113475,
      "old_specificity_low": 0.5833333333333334,
      "old_auc": 0.6528270291568163,
      "third_threshold": 0.62,
      "third_accuracy": 0.6699346405228758,
      "third_balanced_accuracy": 0.6856489547038327,
      "third_f1": 0.5388127853881278,
      "third_tn": 146,
      "third_fp": 78,
      "third_fn": 23,
      "third_tp": 59,
      "third_sensitivity_high": 0.7195121951219512,
      "third_specificity_low": 0.6517857142857143,
      "third_auc": 0.7188044425087108,
      "selection_score": 0.3924783670353218,
      "old_guard_090": false,
      "old_guard_092": false
    },
    {
      "feature_model": "eva02_large_patch14_clip_336.merged2b",
      "global_pool": "token",
      "input_variant": "whole_plus_crop",
      "image_size": 336,
      "estimator": "extra_d2",
      "weight_mode": "label",
      "objective": "high_sensitivity",
      "all_threshold": 0.62,
      "all_accuracy": 0.6531302876480541,
      "all_balanced_accuracy": 0.6622757847533632,
      "all_f1": 0.6034816247582205,
      "all_tn": 230,
      "all_fp": 138,
      "all_fn": 67,
      "all_tp": 156,
      "all_sensitivity_high": 0.6995515695067265,
      "all_specificity_low": 0.625,
      "all_auc": 0.6860011698186781,
      "old_threshold": 0.62,
      "old_accuracy": 0.6350877192982456,
      "old_balanced_accuracy": 0.6356382978723405,
      "old_f1": 0.6510067114093959,
      "old_tn": 84,
      "old_fp": 60,
      "old_fn": 44,
      "old_tp": 97,
      "old_sensitivity_high": 0.6879432624113475,
      "old_specificity_low": 0.5833333333333334,
      "old_auc": 0.6528270291568163,
      "third_threshold": 0.62,
      "third_accuracy": 0.6699346405228758,
      "third_balanced_accuracy": 0.6856489547038327,
      "third_f1": 0.5388127853881278,
      "third_tn": 146,
      "third_fp": 78,
      "third_fn": 23,
      "third_tp": 59,
      "third_sensitivity_high": 0.7195121951219512,
      "third_specificity_low": 0.6517857142857143,
      "third_auc": 0.7188044425087108,
      "selection_score": 0.3924783670353218,
      "old_guard_090": false,
      "old_guard_092": false
    },
    {
      "feature_model": "eva02_large_patch14_clip_336.merged2b",
      "global_pool": "token",
      "input_variant": "whole_plus_crop",
      "image_size": 336,
      "estimator": "extra_d2",
      "weight_mode": "domain_label_third_up",
      "objective": "balanced_accuracy",
      "all_threshold": 0.6,
      "all_accuracy": 0.6294416243654822,
      "all_balanced_accuracy": 0.6485547865080912,
      "all_f1": 0.5966850828729282,
      "all_tn": 210,
      "all_fp": 158,
      "all_fn": 61,
      "all_tp": 162,
      "all_sensitivity_high": 0.726457399103139,
      "all_specificity_low": 0.5706521739130435,
      "all_auc": 0.6718780464028076,
      "old_threshold": 0.6,
      "old_accuracy": 0.6210526315789474,
      "old_balanced_accuracy": 0.6220449172576832,
      "old_f1": 0.6516129032258065,
      "old_tn": 76,
      "old_fp": 68,
      "old_fn": 40,
      "old_tp": 101,
      "old_sensitivity_high": 0.7163120567375887,
      "old_specificity_low": 0.5277777777777778,
      "old_auc": 0.6387411347517731,
      "third_threshold": 0.6,
      "third_accuracy": 0.6372549019607843,
      "third_balanced_accuracy": 0.671058362369338,
      "third_f1": 0.5236051502145923,
      "third_tn": 134,
      "third_fp": 90,
      "third_fn": 21,
      "third_tp": 61,
      "third_sensitivity_high": 0.7439024390243902,
      "third_specificity_low": 0.5982142857142857,
      "third_auc": 0.706935975609756,
      "selection_score": 0.360645122175,
      "old_guard_090": false,
      "old_guard_092": false
    },
    {
      "feature_model": "eva02_large_patch14_clip_336.merged2b",
      "global_pool": "token",
      "input_variant": "whole_plus_crop",
      "image_size": 336,
      "estimator": "extra_d2",
      "weight_mode": "domain_label_third_up",
      "objective": "high_sensitivity",
      "all_threshold": 0.6,
      "all_accuracy": 0.6294416243654822,
      "all_balanced_accuracy": 0.6485547865080912,
      "all_f1": 0.5966850828729282,
      "all_tn": 210,
      "all_fp": 158,
      "all_fn": 61,
      "all_tp": 162,
      "all_sensitivity_high": 0.726457399103139,
      "all_specificity_low": 0.5706521739130435,
      "all_auc": 0.6718780464028076,
      "old_threshold": 0.6,
      "old_accuracy": 0.6210526315789474,
      "old_balanced_accuracy": 0.6220449172576832,
      "old_f1": 0.6516129032258065,
      "old_tn": 76,
      "old_fp": 68,
      "old_fn": 40,
      "old_tp": 101,
      "old_sensitivity_high": 0.7163120567375887,
      "old_specificity_low": 0.5277777777777778,
      "old_auc": 0.6387411347517731,
      "third_threshold": 0.6,
      "third_accuracy": 0.6372549019607843,
      "third_balanced_accuracy": 0.671058362369338,
      "third_f1": 0.5236051502145923,
      "third_tn": 134,
      "third_fp": 90,
      "third_fn": 21,
      "third_tp": 61,
      "third_sensitivity_high": 0.7439024390243902,
      "third_specificity_low": 0.5982142857142857,
      "third_auc": 0.706935975609756,
      "selection_score": 0.360645122175,
      "old_guard_090": false,
      "old_guard_092": false
    },
    {
      "feature_model": "eva02_large_patch14_clip_336.merged2b",
      "global_pool": "token",