{
  "selection_uses_holdout": false,
  "profiles": {
    "adapt72_high_focus": {
      "AB": 24,
      "B1": 4,
      "B2": 22,
      "TC": 22
    },
    "adapt96_high_focus": {
      "AB": 32,
      "B1": 6,
      "B2": 24,
      "TC": 34
    },
    "adapt120_high_focus": {
      "AB": 50,
      "B1": 6,
      "B2": 22,
      "TC": 42
    },
    "adapt150_high_focus": {
      "AB": 80,
      "B1": 6,
      "B2": 22,
      "TC": 42
    },
    "adapt180_mixed": {
      "AB": 110,
      "B1": 8,
      "B2": 22,
      "TC": 40
    }
  },
  "selected_by_oof": {
    "profile": "adapt96_high_focus",
    "adapt_n": 96,
    "holdout_n": 210,
    "model_kind": "logreg_0.0003",
    "repeat_adapt": 2,
    "threshold_objective": "balanced_accuracy",
    "threshold": 0.5099999999999999,
    "train_accuracy": 0.7244094488188977,
    "train_balanced_accuracy": 0.7251504776630404,
    "train_f1": 0.7286821705426356,
    "train_tn": 135,
    "train_fp": 47,
    "train_fn": 58,
    "train_tp": 141,
    "train_auc": 0.7529681373902479,
    "old_oof_accuracy": 0.7228070175438597,
    "old_oof_balanced_accuracy": 0.7225916075650118,
    "old_oof_f1": 0.7148014440433214,
    "old_oof_tn": 107,
    "old_oof_fp": 37,
    "old_oof_fn": 42,
    "old_oof_tp": 99,
    "old_oof_auc": 0.7481284475965327,
    "adapt_oof_accuracy": 0.7291666666666666,
    "adapt_oof_balanced_accuracy": 0.7304900181488203,
    "adapt_oof_f1": 0.7636363636363637,
    "adapt_oof_tn": 28,
    "adapt_oof_fp": 10,
    "adapt_oof_fn": 16,
    "adapt_oof_tp": 42,
    "adapt_oof_auc": 0.7735934664246824,
    "holdout_accuracy": 0.638095238095238,
    "holdout_balanced_accuracy": 0.6505376344086021,
    "holdout_f1": 0.2962962962962963,
    "holdout_tn": 118,
    "holdout_fp": 68,
    "holdout_fn": 8,
    "holdout_tp": 16,
    "holdout_auc": 0.7318548387096775,
    "selection_score": 0.8457500157617697
  },
  "best_holdout_accuracy_for_reference": {
    "profile": "adapt180_mixed",
    "adapt_n": 180,
    "holdout_n": 126,
    "model_kind": "extratrees_3",
    "repeat_adapt": 1,
    "threshold_objective": "accuracy",
    "threshold": 0.5299999999999999,
    "train_accuracy": 0.6709677419354839,
    "train_balanced_accuracy": 0.6392377693377956,
    "train_f1": 0.5080385852090032,
    "train_tn": 233,
    "train_fp": 29,
    "train_fn": 124,
    "train_tp": 79,
    "train_auc": 0.7102620990486219,
    "old_oof_accuracy": 0.631578947368421,
    "old_oof_balanced_accuracy": 0.6292109929078014,
    "old_oof_f1": 0.5205479452054794,
    "old_oof_tn": 123,
    "old_oof_fp": 21,
    "old_oof_fn": 84,
    "old_oof_tp": 57,
    "old_oof_auc": 0.6955772261623326,
    "adapt_oof_accuracy": 0.7333333333333333,
    "adapt_oof_balanced_accuracy": 0.6435210497539638,
    "adapt_oof_f1": 0.4782608695652174,
    "adapt_oof_tn": 110,
    "adapt_oof_fp": 8,
    "adapt_oof_fn": 40,
    "adapt_oof_tp": 22,
    "adapt_oof_auc": 0.7204756697648987,
    "holdout_accuracy": 0.9047619047619048,
    "holdout_balanced_accuracy": 0.8014150943396227,
    "holdout_f1": 0.6842105263157895,
    "holdout_tn": 101,
    "holdout_fp": 5,
    "holdout_fn": 7,
    "holdout_tp": 13,
    "holdout_auc": 0.8764150943396226,
    "selection_score": 0.7374984725967578
  },
  "best_holdout_balanced_accuracy_for_reference": {
    "profile": "adapt180_mixed",
    "adapt_n": 180,
    "holdout_n": 126,
    "model_kind": "logreg_0.0003",
    "repeat_adapt": 4,
    "threshold_objective": "accuracy",
    "threshold": 0.6,
    "train_accuracy": 0.6924731182795699,
    "train_balanced_accuracy": 0.6782893994660248,
    "train_f1": 0.6166219839142091,
    "train_tn": 207,
    "train_fp": 55,
    "train_fn": 88,
    "train_tp": 115,
    "train_auc": 0.7486932651449629,
    "old_oof_accuracy": 0.6666666666666666,
    "old_oof_balanced_accuracy": 0.6657062647754137,
    "old_oof_f1": 0.6303501945525292,
    "old_oof_tn": 109,
    "old_oof_fp": 35,
    "old_oof_fn": 60,
    "old_oof_tp": 81,
    "old_oof_auc": 0.7343873128447597,
    "adapt_oof_accuracy": 0.7333333333333333,
    "adapt_oof_balanced_accuracy": 0.6894477856752323,
    "adapt_oof_f1": 0.5862068965517241,
    "adapt_oof_tn": 98,
    "adapt_oof_fp": 20,
    "adapt_oof_fn": 28,
    "adapt_oof_tp": 34,
    "adapt_oof_auc": 0.7644887916894478,
    "holdout_accuracy": 0.8888888888888888,
    "holdout_balanced_accuracy": 0.8933962264150943,
    "holdout_f1": 0.72,
    "holdout_tn": 94,
    "holdout_fp": 12,
    "holdout_fn": 2,
    "holdout_tp": 18,
    "holdout_auc": 0.8952830188679245,
    "selection_score": 0.78043432604467
  },
  "output_dir": "D:\\影响分析\\outputs\\batch1_batch2_task567_20260514\\task7_adaptation_runs\\17_adaptation_profile_scan_20260521"
}