{
  "selection_uses_third_holdout": false,
  "old_n": 285,
  "third_adapt_n": 72,
  "third_holdout_n": 234,
  "selected_by_oof": {
    "candidate": "raw__logreg_0.0003__r2",
    "variant": "raw",
    "model_kind": "logreg_0.0003",
    "repeat_adapt": 2.0,
    "threshold_objective": "balanced_accuracy",
    "threshold": 0.5199999999999999,
    "train_accuracy": 0.6778711484593838,
    "train_balanced_accuracy": 0.6781583909490887,
    "train_f1": 0.6831955922865014,
    "train_tn": 118.0,
    "train_fp": 54.0,
    "train_fn": 61.0,
    "train_tp": 124.0,
    "train_auc": 0.7264299182903835,
    "old_oof_accuracy": 0.6736842105263158,
    "old_oof_balanced_accuracy": 0.6734633569739953,
    "old_oof_f1": 0.6642599277978339,
    "old_oof_tn": 100.0,
    "old_oof_fp": 44.0,
    "old_oof_fn": 49.0,
    "old_oof_tp": 92.0,
    "old_oof_auc": 0.7238967691095352,
    "adapt_oof_accuracy": 0.6944444444444444,
    "adapt_oof_balanced_accuracy": 0.6850649350649352,
    "adapt_oof_f1": 0.7441860465116279,
    "adapt_oof_tn": 18.0,
    "adapt_oof_fp": 10.0,
    "adapt_oof_fn": 12.0,
    "adapt_oof_tp": 32.0,
    "adapt_oof_auc": 0.7183441558441558,
    "holdout_accuracy": 0.7393162393162394,
    "holdout_balanced_accuracy": 0.6746777658431794,
    "holdout_f1": 0.41904761904761906,
    "holdout_tn": 151.0,
    "holdout_fp": 45.0,
    "holdout_fn": 16.0,
    "holdout_tp": 22.0,
    "holdout_auc": 0.7602040816326531,
    "selection_score": 0.7885265744142017,
    "error": NaN
  },
  "best_holdout_accuracy_for_reference": {
    "candidate": "raw__extratrees_5__r1",
    "variant": "raw",
    "model_kind": "extratrees_5",
    "repeat_adapt": 1.0,
    "threshold_objective": "balanced_accuracy",
    "threshold": 0.5299999999999999,
    "train_accuracy": 0.6414565826330533,
    "train_balanced_accuracy": 0.6450659962287869,
    "train_f1": 0.6121212121212121,
    "train_tn": 128.0,
    "train_fp": 44.0,
    "train_fn": 84.0,
    "train_tp": 101.0,
    "train_auc": 0.6992457573852923,
    "old_oof_accuracy": 0.6526315789473685,
    "old_oof_balanced_accuracy": 0.6515218676122931,
    "old_oof_f1": 0.6086956521739131,
    "old_oof_tn": 109.0,
    "old_oof_fp": 35.0,
    "old_oof_fn": 64.0,
    "old_oof_tp": 77.0,
    "old_oof_auc": 0.7021276595744681,
    "adapt_oof_accuracy": 0.5972222222222222,
    "adapt_oof_balanced_accuracy": 0.612012987012987,
    "adapt_oof_f1": 0.6233766233766234,
    "adapt_oof_tn": 19.0,
    "adapt_oof_fp": 9.0,
    "adapt_oof_fn": 20.0,
    "adapt_oof_tp": 24.0,
    "adapt_oof_auc": 0.6655844155844156,
    "holdout_accuracy": 0.8461538461538461,
    "holdout_balanced_accuracy": 0.7278464017185822,
    "holdout_f1": 0.5384615384615384,
    "holdout_tn": 177.0,
    "holdout_fp": 19.0,
    "holdout_fn": 17.0,
    "holdout_tp": 21.0,
    "holdout_auc": 0.7893394199785178,
    "selection_score": 0.7192820176715525,
    "error": NaN
  },
  "best_holdout_balanced_accuracy_for_reference": {
    "candidate": "raw__extratrees_5__r1",
    "variant": "raw",
    "model_kind": "extratrees_5",
    "repeat_adapt": 1.0,
    "threshold_objective": "balanced_accuracy",
    "threshold": 0.5299999999999999,
    "train_accuracy": 0.6414565826330533,
    "train_balanced_accuracy": 0.6450659962287869,
    "train_f1": 0.6121212121212121,
    "train_tn": 128.0,
    "train_fp": 44.0,
    "train_fn": 84.0,
    "train_tp": 101.0,
    "train_auc": 0.6992457573852923,
    "old_oof_accuracy": 0.6526315789473685,
    "old_oof_balanced_accuracy": 0.6515218676122931,
    "old_oof_f1": 0.6086956521739131,
    "old_oof_tn": 109.0,
    "old_oof_fp": 35.0,
    "old_oof_fn": 64.0,
    "old_oof_tp": 77.0,
    "old_oof_auc": 0.7021276595744681,
    "adapt_oof_accuracy": 0.5972222222222222,
    "adapt_oof_balanced_accuracy": 0.612012987012987,
    "adapt_oof_f1": 0.6233766233766234,
    "adapt_oof_tn": 19.0,
    "adapt_oof_fp": 9.0,
    "adapt_oof_fn": 20.0,
    "adapt_oof_tp": 24.0,
    "adapt_oof_auc": 0.6655844155844156,
    "holdout_accuracy": 0.8461538461538461,
    "holdout_balanced_accuracy": 0.7278464017185822,
    "holdout_f1": 0.5384615384615384,
    "holdout_tn": 177.0,
    "holdout_fp": 19.0,
    "holdout_fn": 17.0,
    "holdout_tp": 21.0,
    "holdout_auc": 0.7893394199785178,
    "selection_score": 0.7192820176715525,
    "error": NaN
  },
  "output_dir": "D:\\影响分析\\outputs\\batch1_batch2_task567_20260514\\task7_adaptation_runs\\14_adapt72_fast_feature_heads_20260521"
}