{
  "experiment": "Task7 DINOv3 frozen whole+crop feature development CV",
  "data_boundary": "Only old batch1+batch2 and third-batch development data are used. Strict external folder is not read.",
  "n_old": 285,
  "n_third": 306,
  "feature_shape_old": [
    285,
    1536
  ],
  "feature_shape_third": [
    306,
    1536
  ],
  "selected": {
    "feature_model": "vit_base_patch16_dinov3.lvd1689m",
    "input_variant": "whole_plus_crop",
    "image_size": 512,
    "estimator": "logreg_bal_c0.3",
    "weight_mode": "none",
    "objective": "balanced_accuracy",
    "all_threshold": 0.30499999999999994,
    "all_accuracy": 0.6463620981387479,
    "all_balanced_accuracy": 0.6709763111717684,
    "all_f1": 0.6220614828209765,
    "all_tn": 210,
    "all_fp": 158,
    "all_fn": 51,
    "all_tp": 172,
    "all_sensitivity_high": 0.7713004484304933,
    "all_specificity_low": 0.5706521739130435,
    "all_auc": 0.727395691167869,
    "old_threshold": 0.30499999999999994,
    "old_accuracy": 0.6912280701754386,
    "old_balanced_accuracy": 0.6924497635933806,
    "old_f1": 0.7215189873417721,
    "old_tn": 83,
    "old_fp": 61,
    "old_fn": 27,
    "old_tp": 114,
    "old_sensitivity_high": 0.8085106382978723,
    "old_specificity_low": 0.5763888888888888,
    "old_auc": 0.7597025216706067,
    "third_threshold": 0.30499999999999994,
    "third_accuracy": 0.6045751633986928,
    "third_balanced_accuracy": 0.6371406794425087,
    "third_f1": 0.48945147679324896,
    "third_tn": 127,
    "third_fp": 97,
    "third_fn": 24,
    "third_tp": 58,
    "third_sensitivity_high": 0.7073170731707317,
    "third_specificity_low": 0.5669642857142857,
    "third_auc": 0.6689351045296167,
    "selection_score": 0.4492658498010318,
    "old_guard_090": false,
    "old_guard_092": false
  },
  "top10": [
    {
      "feature_model": "vit_base_patch16_dinov3.lvd1689m",
      "input_variant": "whole_plus_crop",
      "image_size": 512,
      "estimator": "logreg_bal_c0.3",
      "weight_mode": "none",
      "objective": "balanced_accuracy",
      "all_threshold": 0.30499999999999994,
      "all_accuracy": 0.6463620981387479,
      "all_balanced_accuracy": 0.6709763111717684,
      "all_f1": 0.6220614828209765,
      "all_tn": 210,
      "all_fp": 158,
      "all_fn": 51,
      "all_tp": 172,
      "all_sensitivity_high": 0.7713004484304933,
      "all_specificity_low": 0.5706521739130435,
      "all_auc": 0.727395691167869,
      "old_threshold": 0.30499999999999994,
      "old_accuracy": 0.6912280701754386,
      "old_balanced_accuracy": 0.6924497635933806,
      "old_f1": 0.7215189873417721,
      "old_tn": 83,
      "old_fp": 61,
      "old_fn": 27,
      "old_tp": 114,
      "old_sensitivity_high": 0.8085106382978723,
      "old_specificity_low": 0.5763888888888888,
      "old_auc": 0.7597025216706067,
      "third_threshold": 0.30499999999999994,
      "third_accuracy": 0.6045751633986928,
      "third_balanced_accuracy": 0.6371406794425087,
      "third_f1": 0.48945147679324896,
      "third_tn": 127,
      "third_fp": 97,
      "third_fn": 24,
      "third_tp": 58,
      "third_sensitivity_high": 0.7073170731707317,
      "third_specificity_low": 0.5669642857142857,
      "third_auc": 0.6689351045296167,
      "selection_score": 0.4492658498010318,
      "old_guard_090": false,
      "old_guard_092": false
    },
    {
      "feature_model": "vit_base_patch16_dinov3.lvd1689m",
      "input_variant": "whole_plus_crop",
      "image_size": 512,
      "estimator": "logreg_bal_c0.3",
      "weight_mode": "label",
      "objective": "balanced_accuracy",
      "all_threshold": 0.30499999999999994,
      "all_accuracy": 0.6463620981387479,
      "all_balanced_accuracy": 0.6709763111717684,
      "all_f1": 0.6220614828209765,
      "all_tn": 210,
      "all_fp": 158,
      "all_fn": 51,
      "all_tp": 172,
      "all_sensitivity_high": 0.7713004484304933,
      "all_specificity_low": 0.5706521739130435,
      "all_auc": 0.727395691167869,
      "old_threshold": 0.30499999999999994,
      "old_accuracy": 0.6912280701754386,
      "old_balanced_accuracy": 0.6924497635933806,
      "old_f1": 0.7215189873417721,
      "old_tn": 83,
      "old_fp": 61,
      "old_fn": 27,
      "old_tp": 114,
      "old_sensitivity_high": 0.8085106382978723,
      "old_specificity_low": 0.5763888888888888,
      "old_auc": 0.7597025216706067,
      "third_threshold": 0.30499999999999994,
      "third_accuracy": 0.6045751633986928,
      "third_balanced_accuracy": 0.6371406794425087,
      "third_f1": 0.48945147679324896,
      "third_tn": 127,
      "third_fp": 97,
      "third_fn": 24,
      "third_tp": 58,
      "third_sensitivity_high": 0.7073170731707317,
      "third_specificity_low": 0.5669642857142857,
      "third_auc": 0.6688806620209059,
      "selection_score": 0.4492658498010318,
      "old_guard_090": false,
      "old_guard_092": false
    },
    {
      "feature_model": "vit_base_patch16_dinov3.lvd1689m",
      "input_variant": "whole_plus_crop",
      "image_size": 512,
      "estimator": "logreg_plain_c0.3",
      "weight_mode": "label",
      "objective": "balanced_accuracy",
      "all_threshold": 0.30499999999999994,
      "all_accuracy": 0.6463620981387479,
      "all_balanced_accuracy": 0.6709763111717684,
      "all_f1": 0.6220614828209765,
      "all_tn": 210,
      "all_fp": 158,
      "all_fn": 51,
      "all_tp": 172,
      "all_sensitivity_high": 0.7713004484304933,
      "all_specificity_low": 0.5706521739130435,
      "all_auc": 0.727395691167869,
      "old_threshold": 0.30499999999999994,
      "old_accuracy": 0.6912280701754386,
      "old_balanced_accuracy": 0.6924497635933806,
      "old_f1": 0.7215189873417721,
      "old_tn": 83,
      "old_fp": 61,
      "old_fn": 27,
      "old_tp": 114,
      "old_sensitivity_high": 0.8085106382978723,
      "old_specificity_low": 0.5763888888888888,
      "old_auc": 0.7597025216706067,
      "third_threshold": 0.30499999999999994,
      "third_accuracy": 0.6045751633986928,
      "third_balanced_accuracy": 0.6371406794425087,
      "third_f1": 0.48945147679324896,
      "third_tn": 127,
      "third_fp": 97,
      "third_fn": 24,
      "third_tp": 58,
      "third_sensitivity_high": 0.7073170731707317,
      "third_specificity_low": 0.5669642857142857,
      "third_auc": 0.6689351045296167,
      "selection_score": 0.4492658498010318,
      "old_guard_090": false,
      "old_guard_092": false
    },
    {
      "feature_model": "vit_base_patch16_dinov3.lvd1689m",
      "input_variant": "whole_plus_crop",
      "image_size": 512,
      "estimator": "logreg_plain_c0.1",
      "weight_mode": "domain_label",
      "objective": "balanced_accuracy",
      "all_threshold": 0.32499999999999996,
      "all_accuracy": 0.6412859560067682,
      "all_balanced_accuracy": 0.6677836810294404,
      "all_f1": 0.6200716845878136,
      "all_tn": 206,
      "all_fp": 162,
      "all_fn": 50,
      "all_tp": 173,
      "all_sensitivity_high": 0.7757847533632287,
      "all_specificity_low": 0.5597826086956522,
      "all_auc": 0.7298084421914603,
      "old_threshold": 0.32499999999999996,
      "old_accuracy": 0.6842105263157895,
      "old_balanced_accuracy": 0.6855791962174941,
      "old_f1": 0.71875,
      "old_tn": 80,
      "old_fp": 64,
      "old_fn": 26,
      "old_tp": 115,
      "old_sensitivity_high": 0.8156028368794326,
      "old_specificity_low": 0.5555555555555556,
      "old_auc": 0.7630516154452324,
      "third_threshold": 0.32499999999999996,
      "third_accuracy": 0.6013071895424836,
      "third_balanced_accuracy": 0.6349085365853658,
      "third_f1": 0.48739495798319327,
      "third_tn": 126,
      "third_fp": 98,
      "third_fn": 24,
      "third_tp": 58,
      "third_sensitivity_high": 0.7073170731707317,
      "third_specificity_low": 0.5625,
      "third_auc": 0.6693162020905923,
      "selection_score": 0.4374603893283021,
      "old_guard_090": false,