{
  "pred_csv": "experiments/base_model_expansion_20260706/outputs/extra_candidate_external_sweep/168_qkvb_seed20260525__strict_external/external_tta_predictions.csv",
  "n": 108,
  "overall": {
    "group": "overall",
    "n": 108,
    "auc": 0.65364492500872,
    "accuracy": 0.5648148148148148,
    "balanced_accuracy": 0.5927799093128705,
    "sensitivity": 0.8085106382978723,
    "specificity": 0.3770491803278688,
    "precision": 0.5,
    "f1": 0.6178861788617886,
    "tn": 23,
    "fp": 38,
    "fn": 9,
    "tp": 38
  }
}