{
  "boundary": {
    "third_batch_is_external_only": true,
    "no_doctor_gross_text": true,
    "no_case_id_lookup": true,
    "note": "The exact original No.64 candidate checkpoints were unavailable, so this is a frozen 64-style retraining on old 285 with third batch used only once for external scoring."
  },
  "old_data_n": 285,
  "third_data_n": 306,
  "third_distribution": {
    "AB": 212,
    "B1": 12,
    "B2": 29,
    "TC": 53
  },
  "old_oof_selected_base": {
    "accuracy": 0.712280701754386,
    "balanced_accuracy": 0.7124704491725768,
    "f1": 0.7152777777777778,
    "tn": 100,
    "fp": 44,
    "fn": 38,
    "tp": 103,
    "auc": 0.7714243498817968,
    "base_name": "logreg_c0003",
    "threshold": 0.4699999999999999,
    "kind": "single"
  },
  "old_oof_selected_policy": {
    "accuracy": 0.743859649122807,
    "balanced_accuracy": 0.7443853427895981,
    "f1": 0.7542087542087542,
    "tn": 100,
    "fp": 44,
    "fn": 29,
    "tp": 112,
    "auc": 0.7920114263199368,
    "route_name": "hard_core_model_route_extra_d5",
    "route_threshold": 0.5399586866753121,
    "budget_pct": 10,
    "corrector": "model_non_easy_corr_extra_d5",
    "corrector_threshold": 0.45,
    "routed_n": 28,
    "routed_pct": 0.09824561403508772,
    "pass_n": 257,
    "pass_acc": 0.7431906614785992,
    "routed_acc": 0.75,
    "hard_core_routed": 11,
    "rescue_n": 14,
    "hurt_n": 5,
    "net_rescue": 9
  },
  "third_external_base_metrics": {
    "accuracy": 0.6895424836601307,
    "balanced_accuracy": 0.6294642857142857,
    "f1": 0.4632768361581921,
    "tn": 170,
    "fp": 54,
    "fn": 41,
    "tp": 41,
    "auc": 0.6610953832752613
  },
  "third_external_final_metrics": {
    "accuracy": 0.6830065359477124,
    "balanced_accuracy": 0.625,
    "f1": 0.4581005586592179,
    "tn": 168,
    "fp": 56,
    "fn": 41,
    "tp": 41,
    "auc": 0.6585365853658537,
    "routed_n": 2,
    "routed_pct": 0.006535947712418301,
    "pass_n": 304,
    "pass_acc": 0.6875,
    "routed_acc": 0.0,
    "base_accuracy": 0.6895424836601307,
    "base_balanced_accuracy": 0.6294642857142857,
    "base_f1": 0.4632768361581921,
    "selected_base": {
      "accuracy": 0.712280701754386,
      "balanced_accuracy": 0.7124704491725768,
      "f1": 0.7152777777777778,
      "tn": 100,
      "fp": 44,
      "fn": 38,
      "tp": 103,
      "auc": 0.7714243498817968,
      "base_name": "logreg_c0003",
      "threshold": 0.4699999999999999,
      "kind": "single"
    },
    "selected_old_oof_policy": {
      "accuracy": 0.743859649122807,
      "balanced_accuracy": 0.7443853427895981,
      "f1": 0.7542087542087542,
      "tn": 100,
      "fp": 44,
      "fn": 29,
      "tp": 112,
      "auc": 0.7920114263199368,
      "route_name": "hard_core_model_route_extra_d5",
      "route_threshold": 0.5399586866753121,
      "budget_pct": 10,
      "corrector": "model_non_easy_corr_extra_d5",
      "corrector_threshold": 0.45,
      "routed_n": 28,
      "routed_pct": 0.09824561403508772,
      "pass_n": 257,
      "pass_acc": 0.7431906614785992,
      "routed_acc": 0.75,
      "hard_core_routed": 11,
      "rescue_n": 14,
      "hurt_n": 5,
      "net_rescue": 9
    }
  }
}