{
  "pred_csv": "experiments/base_model_expansion_20260706/outputs/extra_candidate_external_sweep/201_subtypeaux_lowrisk__strict_external/external_tta_predictions.csv",
  "n": 108,
  "overall": {
    "group": "overall",
    "n": 108,
    "auc": 0.6442274154168119,
    "accuracy": 0.5740740740740741,
    "balanced_accuracy": 0.5936519009417509,
    "sensitivity": 0.7446808510638298,
    "specificity": 0.4426229508196721,
    "precision": 0.5072463768115942,
    "f1": 0.603448275862069,
    "tn": 27,
    "fp": 34,
    "fn": 12,
    "tp": 35
  }
}