{
  "experiment": "Task7 DINOv3 frozen whole+crop feature development CV",
  "data_boundary": "Only old batch1+batch2 and third-batch development data are used. Strict external folder is not read.",
  "n_old": 285,
  "n_third": 306,
  "feature_shape_old": [
    285,
    2048
  ],
  "feature_shape_third": [
    306,
    2048
  ],
  "selected": {
    "feature_model": "vit_large_patch16_siglip_384.v2_webli",
    "global_pool": "avg",
    "input_variant": "whole_plus_crop",
    "image_size": 384,
    "estimator": "logreg_bal_c0.003",
    "weight_mode": "none",
    "objective": "balanced_accuracy",
    "all_threshold": 0.5299999999999999,
    "all_accuracy": 0.7021996615905245,
    "all_balanced_accuracy": 0.7069786995515694,
    "all_f1": 0.648,
    "all_tn": 253,
    "all_fp": 115,
    "all_fn": 61,
    "all_tp": 162,
    "all_sensitivity_high": 0.726457399103139,
    "all_specificity_low": 0.6875,
    "all_auc": 0.756957984012478,
    "old_threshold": 0.5299999999999999,
    "old_accuracy": 0.6771929824561403,
    "old_balanced_accuracy": 0.6779698581560283,
    "old_f1": 0.6973684210526315,
    "old_tn": 87,
    "old_fp": 57,
    "old_fn": 35,
    "old_tp": 106,
    "old_sensitivity_high": 0.75177304964539,
    "old_specificity_low": 0.6041666666666666,
    "old_auc": 0.7377364066193853,
    "third_threshold": 0.5299999999999999,
    "third_accuracy": 0.7254901960784313,
    "third_balanced_accuracy": 0.7119991289198606,
    "third_f1": 0.5714285714285714,
    "third_tn": 166,
    "third_fp": 58,
    "third_fn": 26,
    "third_tp": 56,
    "third_sensitivity_high": 0.6829268292682927,
    "third_specificity_low": 0.7410714285714286,
    "third_auc": 0.7565331010452963,
    "selection_score": 0.4576471435541142,
    "old_guard_090": false,
    "old_guard_092": false
  },
  "top10": [
    {
      "feature_model": "vit_large_patch16_siglip_384.v2_webli",
      "global_pool": "avg",
      "input_variant": "whole_plus_crop",
      "image_size": 384,
      "estimator": "logreg_bal_c0.003",
      "weight_mode": "none",
      "objective": "balanced_accuracy",
      "all_threshold": 0.5299999999999999,
      "all_accuracy": 0.7021996615905245,
      "all_balanced_accuracy": 0.7069786995515694,
      "all_f1": 0.648,
      "all_tn": 253,
      "all_fp": 115,
      "all_fn": 61,
      "all_tp": 162,
      "all_sensitivity_high": 0.726457399103139,
      "all_specificity_low": 0.6875,
      "all_auc": 0.756957984012478,
      "old_threshold": 0.5299999999999999,
      "old_accuracy": 0.6771929824561403,
      "old_balanced_accuracy": 0.6779698581560283,
      "old_f1": 0.6973684210526315,
      "old_tn": 87,
      "old_fp": 57,
      "old_fn": 35,
      "old_tp": 106,
      "old_sensitivity_high": 0.75177304964539,
      "old_specificity_low": 0.6041666666666666,
      "old_auc": 0.7377364066193853,
      "third_threshold": 0.5299999999999999,
      "third_accuracy": 0.7254901960784313,
      "third_balanced_accuracy": 0.7119991289198606,
      "third_f1": 0.5714285714285714,
      "third_tn": 166,
      "third_fp": 58,
      "third_fn": 26,
      "third_tp": 56,
      "third_sensitivity_high": 0.6829268292682927,
      "third_specificity_low": 0.7410714285714286,
      "third_auc": 0.7565331010452963,
      "selection_score": 0.4576471435541142,
      "old_guard_090": false,
      "old_guard_092": false
    },
    {
      "feature_model": "vit_large_patch16_siglip_384.v2_webli",
      "global_pool": "avg",
      "input_variant": "whole_plus_crop",
      "image_size": 384,
      "estimator": "logreg_bal_c0.003",
      "weight_mode": "label",
      "objective": "balanced_accuracy",
      "all_threshold": 0.5299999999999999,
      "all_accuracy": 0.7021996615905245,
      "all_balanced_accuracy": 0.7069786995515694,
      "all_f1": 0.648,
      "all_tn": 253,
      "all_fp": 115,
      "all_fn": 61,
      "all_tp": 162,
      "all_sensitivity_high": 0.726457399103139,
      "all_specificity_low": 0.6875,
      "all_auc": 0.756957984012478,
      "old_threshold": 0.5299999999999999,
      "old_accuracy": 0.6771929824561403,
      "old_balanced_accuracy": 0.6779698581560283,
      "old_f1": 0.6973684210526315,
      "old_tn": 87,
      "old_fp": 57,
      "old_fn": 35,
      "old_tp": 106,
      "old_sensitivity_high": 0.75177304964539,
      "old_specificity_low": 0.6041666666666666,
      "old_auc": 0.7377364066193853,
      "third_threshold": 0.5299999999999999,
      "third_accuracy": 0.7254901960784313,
      "third_balanced_accuracy": 0.7119991289198606,
      "third_f1": 0.5714285714285714,
      "third_tn": 166,
      "third_fp": 58,
      "third_fn": 26,
      "third_tp": 56,
      "third_sensitivity_high": 0.6829268292682927,
      "third_specificity_low": 0.7410714285714286,
      "third_auc": 0.7565331010452963,
      "selection_score": 0.4576471435541142,
      "old_guard_090": false,
      "old_guard_092": false
    },
    {
      "feature_model": "vit_large_patch16_siglip_384.v2_webli",
      "global_pool": "avg",
      "input_variant": "whole_plus_crop",
      "image_size": 384,
      "estimator": "logreg_plain_c0.003",
      "weight_mode": "label",
      "objective": "balanced_accuracy",
      "all_threshold": 0.5299999999999999,
      "all_accuracy": 0.7021996615905245,
      "all_balanced_accuracy": 0.7069786995515694,
      "all_f1": 0.648,
      "all_tn": 253,
      "all_fp": 115,
      "all_fn": 61,
      "all_tp": 162,
      "all_sensitivity_high": 0.726457399103139,
      "all_specificity_low": 0.6875,
      "all_auc": 0.756957984012478,
      "old_threshold": 0.5299999999999999,
      "old_accuracy": 0.6771929824561403,
      "old_balanced_accuracy": 0.6779698581560283,
      "old_f1": 0.6973684210526315,
      "old_tn": 87,
      "old_fp": 57,
      "old_fn": 35,
      "old_tp": 106,
      "old_sensitivity_high": 0.75177304964539,
      "old_specificity_low": 0.6041666666666666,
      "old_auc": 0.7377364066193853,
      "third_threshold": 0.5299999999999999,
      "third_accuracy": 0.7254901960784313,
      "third_balanced_accuracy": 0.7119991289198606,
      "third_f1": 0.5714285714285714,
      "third_tn": 166,
      "third_fp": 58,
      "third_fn": 26,
      "third_tp": 56,
      "third_sensitivity_high": 0.6829268292682927,
      "third_specificity_low": 0.7410714285714286,
      "third_auc": 0.7565331010452963,
      "selection_score": 0.4576471435541142,
      "old_guard_090": false,
      "old_guard_092": false
    },
    {
      "feature_model": "vit_large_patch16_siglip_384.v2_webli",
      "global_pool": "avg",
      "input_variant": "whole_plus_crop",
      "image_size": 384,
      "estimator": "logreg_bal_c0.01",
      "weight_mode": "none",
      "objective": "balanced_accuracy",
      "all_threshold": 0.48499999999999993,
      "all_accuracy": 0.6903553299492385,
      "all_balanced_accuracy": 0.7001182004289335,
      "all_f1": 0.6432748538011696,
      "all_tn": 243,
      "all_fp": 125,
      "all_fn": 58,
      "all_tp": 165,
      "all_sensitivity_high": 0.7399103139013453,
      "all_specificity_low": 0.6603260869565217,
      "all_auc": 0.7489398518229673,
      "old_threshold": 0.48499999999999993,
      "old_accuracy": 0.6736842105263158,
      "old_balanced_accuracy": 0.6747192671394799,
      "old_f1": 0.7009646302250804,
      "old_tn": 83,
      "old_fp": 61,
      "old_fn": 32,
      "old_tp": 109,
      "old_sensitivity_high": 0.7730496453900709,
      "old_specificity_low": 0.5763888888888888,
      "old_auc": 0.7370961386918833,
      "third_threshold": 0.48499999999999993,
      "third_accuracy": 0.7058823529411765,
      "third_balanced_accuracy": 0.6986062717770035,
      "third_f1": 0.5544554455445545,
      "third_tn": 160,
      "third_fp": 64,
      "third_fn": 26,
      "third_tp": 56,
      "third_sensitivity_high": 0.6829268292682927,
      "third_specificity_low": 0.7142857142857143,
      "third_auc": 0.7406358885017421,
      "selection_score": 0.44452201416305204,
      "old_guard_090": false,