{
  "boundary": {
    "third_batch_is_external_only": true,
    "no_doctor_gross_text": true,
    "no_case_id_lookup": true,
    "note": "Raw-top source models are re-trained as old-fold ensembles from DINO image features; thresholds and stackers are selected on old 285 only."
  },
  "old_n": 285,
  "third_n": 306,
  "best_external": {
    "accuracy": 0.7189542483660131,
    "balanced_accuracy": 0.6495535714285714,
    "f1": 0.4880952380952381,
    "sensitivity": 0.5,
    "specificity": 0.7991071428571429,
    "tn": 179,
    "fp": 45,
    "fn": 41,
    "tp": 41,
    "auc": 0.6855672909407665,
    "model": "gb_d1_lr05",
    "threshold_objective": "bacc",
    "threshold": 0.4799999999999999,
    "old_oof_accuracy": 0.7473684210526316,
    "old_oof_balanced_accuracy": 0.7475620567375887,
    "old_oof_f1": 0.75,
    "old_oof_sensitivity": 0.7659574468085106,
    "old_oof_specificity": 0.7291666666666666
  }
}