group,n,auc,accuracy,balanced_accuracy,sensitivity,specificity,precision,f1,tn,fp,fn,tp
overall,162,0.7239113827349122,0.6790123456790124,0.678838808250573,0.6823529411764706,0.6753246753246753,0.6987951807228916,0.6904761904761905,52,25,27,58
subtype:A,22,,0.5454545454545454,0.5454545454545454,0.0,0.5454545454545454,0.0,0.0,12,10,0,0
subtype:AB,29,,0.8275862068965517,0.8275862068965517,0.0,0.8275862068965517,0.0,0.0,24,5,0,0
subtype:B1,26,,0.6153846153846154,0.6153846153846154,0.0,0.6153846153846154,0.0,0.0,16,10,0,0
subtype:B2,28,,0.6428571428571429,0.6428571428571429,0.6428571428571429,,1.0,0.782608695652174,0,0,10,18
subtype:B3,29,,0.6206896551724138,0.6206896551724138,0.6206896551724138,,1.0,0.7659574468085106,0,0,11,18
subtype:TC,28,,0.7857142857142857,0.7857142857142857,0.7857142857142857,,1.0,0.88,0,0,6,22
domain:new_external_160,162,0.7239113827349122,0.6790123456790124,0.678838808250573,0.6823529411764706,0.6753246753246753,0.6987951807228916,0.6904761904761905,52,25,27,58
