{
  "boundary": {
    "third_batch_is_external_only": true,
    "no_doctor_gross_text": true,
    "no_case_id_lookup": true,
    "note": "The exact original No.64 candidate checkpoints were unavailable, so this is a frozen 64-style retraining on old 285 with third batch used only once for external scoring."
  },
  "old_data_n": 285,
  "third_data_n": 306,
  "third_distribution": {
    "AB": 212,
    "B1": 12,
    "B2": 29,
    "TC": 53
  },
  "old_oof_selected_base": {
    "accuracy": 0.7192982456140351,
    "balanced_accuracy": 0.7188238770685579,
    "f1": 0.7037037037037037,
    "tn": 110,
    "fp": 34,
    "fn": 46,
    "tp": 95,
    "auc": 0.7650216706067772,
    "base_name": "svc_c1",
    "threshold": 0.5099999999999999,
    "kind": "single"
  },
  "old_oof_selected_policy": {
    "accuracy": 0.7543859649122807,
    "balanced_accuracy": 0.7550236406619385,
    "f1": 0.7666666666666667,
    "tn": 100,
    "fp": 44,
    "fn": 26,
    "tp": 115,
    "auc": 0.7667947202521671,
    "route_name": "base_fn_model_route_extra_d3",
    "route_threshold": 0.5250326331869909,
    "budget_pct": 40,
    "corrector": "model_all_corr_logreg_c003",
    "corrector_threshold": 0.35,
    "routed_n": 114,
    "routed_pct": 0.4,
    "pass_n": 171,
    "pass_acc": 0.7485380116959064,
    "routed_acc": 0.7631578947368421,
    "hard_core_routed": 30,
    "rescue_n": 20,
    "hurt_n": 10,
    "net_rescue": 10
  },
  "third_external_base_metrics": {
    "accuracy": 0.6928104575163399,
    "balanced_accuracy": 0.6046385017421603,
    "f1": 0.41975308641975306,
    "tn": 178,
    "fp": 46,
    "fn": 48,
    "tp": 34,
    "auc": 0.668880662020906
  },
  "third_external_final_metrics": {
    "accuracy": 0.5294117647058824,
    "balanced_accuracy": 0.5432817944250871,
    "f1": 0.3949579831932773,
    "tn": 115,
    "fp": 109,
    "fn": 35,
    "tp": 47,
    "auc": 0.608694468641115,
    "routed_n": 165,
    "routed_pct": 0.5392156862745098,
    "pass_n": 141,
    "pass_acc": 0.5673758865248227,
    "routed_acc": 0.49696969696969695,
    "base_accuracy": 0.6928104575163399,
    "base_balanced_accuracy": 0.6046385017421603,
    "base_f1": 0.41975308641975306,
    "selected_base": {
      "accuracy": 0.7192982456140351,
      "balanced_accuracy": 0.7188238770685579,
      "f1": 0.7037037037037037,
      "tn": 110,
      "fp": 34,
      "fn": 46,
      "tp": 95,
      "auc": 0.7650216706067772,
      "base_name": "svc_c1",
      "threshold": 0.5099999999999999,
      "kind": "single"
    },
    "selected_old_oof_policy": {
      "accuracy": 0.7543859649122807,
      "balanced_accuracy": 0.7550236406619385,
      "f1": 0.7666666666666667,
      "tn": 100,
      "fp": 44,
      "fn": 26,
      "tp": 115,
      "auc": 0.7667947202521671,
      "route_name": "base_fn_model_route_extra_d3",
      "route_threshold": 0.5250326331869909,
      "budget_pct": 40,
      "corrector": "model_all_corr_logreg_c003",
      "corrector_threshold": 0.35,
      "routed_n": 114,
      "routed_pct": 0.4,
      "pass_n": 171,
      "pass_acc": 0.7485380116959064,
      "routed_acc": 0.7631578947368421,
      "hard_core_routed": 30,
      "rescue_n": 20,
      "hurt_n": 10,
      "net_rescue": 10
    }
  }
}