{
  "experiment": "Task7 DINOv3 frozen whole+crop feature development CV",
  "data_boundary": "Only old batch1+batch2 and third-batch development data are used. Strict external folder is not read.",
  "n_old": 285,
  "n_third": 306,
  "feature_shape_old": [
    285,
    2048
  ],
  "feature_shape_third": [
    306,
    2048
  ],
  "selected": {
    "feature_model": "vitamin_large_384.datacomp1b_clip",
    "global_pool": "avg",
    "input_variant": "whole_plus_crop",
    "image_size": 384,
    "estimator": "logreg_plain_c0.003",
    "weight_mode": "none",
    "objective": "high_sensitivity",
    "all_threshold": 0.44499999999999995,
    "all_accuracy": 0.6852791878172588,
    "all_balanced_accuracy": 0.7039932248001559,
    "all_f1": 0.651685393258427,
    "all_tn": 231,
    "all_fp": 137,
    "all_fn": 49,
    "all_tp": 174,
    "all_sensitivity_high": 0.7802690582959642,
    "all_specificity_low": 0.6277173913043478,
    "all_auc": 0.7677788067849483,
    "old_threshold": 0.44499999999999995,
    "old_accuracy": 0.6807017543859649,
    "old_balanced_accuracy": 0.6821069739952719,
    "old_f1": 0.7165109034267912,
    "old_tn": 79,
    "old_fp": 65,
    "old_fn": 26,
    "old_tp": 115,
    "old_sensitivity_high": 0.8156028368794326,
    "old_specificity_low": 0.5486111111111112,
    "old_auc": 0.7510835303388494,
    "third_threshold": 0.44499999999999995,
    "third_accuracy": 0.6895424836601307,
    "third_balanced_accuracy": 0.6990418118466899,
    "third_f1": 0.5539906103286385,
    "third_tn": 152,
    "third_fp": 72,
    "third_fn": 23,
    "third_tp": 59,
    "third_sensitivity_high": 0.7195121951219512,
    "third_specificity_low": 0.6785714285714286,
    "third_auc": 0.7618684668989547,
    "selection_score": 0.4690952377477726,
    "old_guard_090": false,
    "old_guard_092": false
  },
  "top10": [
    {
      "feature_model": "vitamin_large_384.datacomp1b_clip",
      "global_pool": "avg",
      "input_variant": "whole_plus_crop",
      "image_size": 384,
      "estimator": "logreg_plain_c0.003",
      "weight_mode": "none",
      "objective": "high_sensitivity",
      "all_threshold": 0.44499999999999995,
      "all_accuracy": 0.6852791878172588,
      "all_balanced_accuracy": 0.7039932248001559,
      "all_f1": 0.651685393258427,
      "all_tn": 231,
      "all_fp": 137,
      "all_fn": 49,
      "all_tp": 174,
      "all_sensitivity_high": 0.7802690582959642,
      "all_specificity_low": 0.6277173913043478,
      "all_auc": 0.7677788067849483,
      "old_threshold": 0.44499999999999995,
      "old_accuracy": 0.6807017543859649,
      "old_balanced_accuracy": 0.6821069739952719,
      "old_f1": 0.7165109034267912,
      "old_tn": 79,
      "old_fp": 65,
      "old_fn": 26,
      "old_tp": 115,
      "old_sensitivity_high": 0.8156028368794326,
      "old_specificity_low": 0.5486111111111112,
      "old_auc": 0.7510835303388494,
      "third_threshold": 0.44499999999999995,
      "third_accuracy": 0.6895424836601307,
      "third_balanced_accuracy": 0.6990418118466899,
      "third_f1": 0.5539906103286385,
      "third_tn": 152,
      "third_fp": 72,
      "third_fn": 23,
      "third_tp": 59,
      "third_sensitivity_high": 0.7195121951219512,
      "third_specificity_low": 0.6785714285714286,
      "third_auc": 0.7618684668989547,
      "selection_score": 0.4690952377477726,
      "old_guard_090": false,
      "old_guard_092": false
    },
    {
      "feature_model": "vitamin_large_384.datacomp1b_clip",
      "global_pool": "avg",
      "input_variant": "whole_plus_crop",
      "image_size": 384,
      "estimator": "logreg_bal_c0.003",
      "weight_mode": "domain_label",
      "objective": "high_sensitivity",
      "all_threshold": 0.4649999999999999,
      "all_accuracy": 0.676818950930626,
      "all_balanced_accuracy": 0.6980832033534803,
      "all_f1": 0.6469500924214417,
      "all_tn": 225,
      "all_fp": 143,
      "all_fn": 48,
      "all_tp": 175,
      "all_sensitivity_high": 0.7847533632286996,
      "all_specificity_low": 0.6114130434782609,
      "all_auc": 0.7697285045817899,
      "old_threshold": 0.4649999999999999,
      "old_accuracy": 0.6771929824561403,
      "old_balanced_accuracy": 0.6786347517730495,
      "old_f1": 0.7142857142857143,
      "old_tn": 78,
      "old_fp": 66,
      "old_fn": 26,
      "old_tp": 115,
      "old_sensitivity_high": 0.8156028368794326,
      "old_specificity_low": 0.5416666666666666,
      "old_auc": 0.7523148148148149,
      "third_threshold": 0.4649999999999999,
      "third_accuracy": 0.6764705882352942,
      "third_balanced_accuracy": 0.6939786585365854,
      "third_f1": 0.547945205479452,
      "third_tn": 147,
      "third_fp": 77,
      "third_fn": 22,
      "third_tp": 60,
      "third_sensitivity_high": 0.7317073170731707,
      "third_specificity_low": 0.65625,
      "third_auc": 0.7676938153310104,
      "selection_score": 0.45970971968731766,
      "old_guard_090": false,
      "old_guard_092": false
    },
    {
      "feature_model": "vitamin_large_384.datacomp1b_clip",
      "global_pool": "avg",
      "input_variant": "whole_plus_crop",
      "image_size": 384,
      "estimator": "logreg_bal_c0.003",
      "weight_mode": "domain_label_third_up",
      "objective": "high_sensitivity",
      "all_threshold": 0.4149999999999999,
      "all_accuracy": 0.6683587140439933,
      "all_balanced_accuracy": 0.6992408364203548,
      "all_f1": 0.6524822695035462,
      "all_tn": 211,
      "all_fp": 157,
      "all_fn": 39,
      "all_tp": 184,
      "all_sensitivity_high": 0.8251121076233184,
      "all_specificity_low": 0.5733695652173914,
      "all_auc": 0.7675716513940339,
      "old_threshold": 0.4149999999999999,
      "old_accuracy": 0.6736842105263158,
      "old_balanced_accuracy": 0.6753102836879432,
      "old_f1": 0.7155963302752294,
      "old_tn": 75,
      "old_fp": 69,
      "old_fn": 24,
      "old_tp": 117,
      "old_sensitivity_high": 0.8297872340425532,
      "old_specificity_low": 0.5208333333333334,
      "old_auc": 0.7435973207249803,
      "third_threshold": 0.4149999999999999,
      "third_accuracy": 0.6633986928104575,
      "third_balanced_accuracy": 0.7121080139372822,
      "third_f1": 0.5654008438818565,
      "third_tn": 136,
      "third_fp": 88,
      "third_fn": 15,
      "third_tp": 67,
      "third_sensitivity_high": 0.8170731707317073,
      "third_specificity_low": 0.6071428571428571,
      "third_auc": 0.7715047909407666,
      "selection_score": 0.457326280481238,
      "old_guard_090": false,
      "old_guard_092": false
    },
    {
      "feature_model": "vitamin_large_384.datacomp1b_clip",
      "global_pool": "avg",
      "input_variant": "whole_plus_crop",
      "image_size": 384,
      "estimator": "logreg_plain_c0.003",
      "weight_mode": "domain_label_third_up",
      "objective": "high_sensitivity",
      "all_threshold": 0.4149999999999999,
      "all_accuracy": 0.6666666666666666,
      "all_balanced_accuracy": 0.6969986839539872,
      "all_f1": 0.650088809946714,
      "all_tn": 211,
      "all_fp": 157,
      "all_fn": 40,
      "all_tp": 183,
      "all_sensitivity_high": 0.820627802690583,
      "all_specificity_low": 0.5733695652173914,
      "all_auc": 0.7676569506726457,
      "old_threshold": 0.4149999999999999,
      "old_accuracy": 0.6736842105263158,
      "old_balanced_accuracy": 0.6753102836879432,
      "old_f1": 0.7155963302752294,
      "old_tn": 75,
      "old_fp": 69,
      "old_fn": 24,
      "old_tp": 117,
      "old_sensitivity_high": 0.8297872340425532,
      "old_specificity_low": 0.5208333333333334,
      "old_auc": 0.7439913317572892,
      "third_threshold": 0.4149999999999999,
      "third_accuracy": 0.6601307189542484,
      "third_balanced_accuracy": 0.7060104529616724,
      "third_f1": 0.559322033898305,
      "third_tn": 136,
      "third_fp": 88,
      "third_fn": 16,
      "third_tp": 66,
      "third_sensitivity_high": 0.8048780487804879,