{
  "experiment": "Task7 DINOv3 frozen whole+crop feature development CV",
  "data_boundary": "Only old batch1+batch2 and third-batch development data are used. Strict external folder is not read.",
  "n_old": 285,
  "n_third": 306,
  "feature_shape_old": [
    285,
    2048
  ],
  "feature_shape_third": [
    306,
    2048
  ],
  "selected": {
    "feature_model": "eva02_large_patch14_clip_336.merged2b",
    "global_pool": "avg",
    "input_variant": "whole_plus_crop",
    "image_size": 336,
    "estimator": "logreg_bal_c0.003",
    "weight_mode": "domain_label_third_up",
    "objective": "balanced_accuracy",
    "all_threshold": 0.44499999999999995,
    "all_accuracy": 0.6362098138747885,
    "all_balanced_accuracy": 0.6610572236303374,
    "all_f1": 0.6126126126126126,
    "all_tn": 206,
    "all_fp": 162,
    "all_fn": 53,
    "all_tp": 170,
    "all_sensitivity_high": 0.7623318385650224,
    "all_specificity_low": 0.5597826086956522,
    "all_auc": 0.7010382140768181,
    "old_threshold": 0.44499999999999995,
    "old_accuracy": 0.6421052631578947,
    "old_balanced_accuracy": 0.6436170212765957,
    "old_f1": 0.6851851851851852,
    "old_tn": 72,
    "old_fp": 72,
    "old_fn": 30,
    "old_tp": 111,
    "old_sensitivity_high": 0.7872340425531915,
    "old_specificity_low": 0.5,
    "old_auc": 0.6839539007092198,
    "third_threshold": 0.44499999999999995,
    "third_accuracy": 0.630718954248366,
    "third_balanced_accuracy": 0.6588632404181185,
    "third_f1": 0.5108225108225108,
    "third_tn": 134,
    "third_fp": 90,
    "third_fn": 23,
    "third_tp": 59,
    "third_sensitivity_high": 0.7195121951219512,
    "third_specificity_low": 0.5982142857142857,
    "third_auc": 0.6999128919860627,
    "selection_score": 0.3874141851475611,
    "old_guard_090": false,
    "old_guard_092": false
  },
  "top10": [
    {
      "feature_model": "eva02_large_patch14_clip_336.merged2b",
      "global_pool": "avg",
      "input_variant": "whole_plus_crop",
      "image_size": 336,
      "estimator": "logreg_bal_c0.003",
      "weight_mode": "domain_label_third_up",
      "objective": "balanced_accuracy",
      "all_threshold": 0.44499999999999995,
      "all_accuracy": 0.6362098138747885,
      "all_balanced_accuracy": 0.6610572236303374,
      "all_f1": 0.6126126126126126,
      "all_tn": 206,
      "all_fp": 162,
      "all_fn": 53,
      "all_tp": 170,
      "all_sensitivity_high": 0.7623318385650224,
      "all_specificity_low": 0.5597826086956522,
      "all_auc": 0.7010382140768181,
      "old_threshold": 0.44499999999999995,
      "old_accuracy": 0.6421052631578947,
      "old_balanced_accuracy": 0.6436170212765957,
      "old_f1": 0.6851851851851852,
      "old_tn": 72,
      "old_fp": 72,
      "old_fn": 30,
      "old_tp": 111,
      "old_sensitivity_high": 0.7872340425531915,
      "old_specificity_low": 0.5,
      "old_auc": 0.6839539007092198,
      "third_threshold": 0.44499999999999995,
      "third_accuracy": 0.630718954248366,
      "third_balanced_accuracy": 0.6588632404181185,
      "third_f1": 0.5108225108225108,
      "third_tn": 134,
      "third_fp": 90,
      "third_fn": 23,
      "third_tp": 59,
      "third_sensitivity_high": 0.7195121951219512,
      "third_specificity_low": 0.5982142857142857,
      "third_auc": 0.6999128919860627,
      "selection_score": 0.3874141851475611,
      "old_guard_090": false,
      "old_guard_092": false
    },
    {
      "feature_model": "eva02_large_patch14_clip_336.merged2b",
      "global_pool": "avg",
      "input_variant": "whole_plus_crop",
      "image_size": 336,
      "estimator": "logreg_bal_c0.003",
      "weight_mode": "none",
      "objective": "balanced_accuracy",
      "all_threshold": 0.43999999999999995,
      "all_accuracy": 0.626057529610829,
      "all_balanced_accuracy": 0.6546719633456815,
      "all_f1": 0.6088495575221239,
      "all_tn": 198,
      "all_fp": 170,
      "all_fn": 51,
      "all_tp": 172,
      "all_sensitivity_high": 0.7713004484304933,
      "all_specificity_low": 0.5380434782608695,
      "all_auc": 0.701269740690193,
      "old_threshold": 0.43999999999999995,
      "old_accuracy": 0.6421052631578947,
      "old_balanced_accuracy": 0.6436908983451537,
      "old_f1": 0.6871165644171779,
      "old_tn": 71,
      "old_fp": 73,
      "old_fn": 29,
      "old_tp": 112,
      "old_sensitivity_high": 0.7943262411347518,
      "old_specificity_low": 0.4930555555555556,
      "old_auc": 0.6849389282899921,
      "third_threshold": 0.43999999999999995,
      "third_accuracy": 0.6111111111111112,
      "third_balanced_accuracy": 0.6493358013937283,
      "third_f1": 0.502092050209205,
      "third_tn": 127,
      "third_fp": 97,
      "third_fn": 22,
      "third_tp": 60,
      "third_sensitivity_high": 0.7317073170731707,
      "third_specificity_low": 0.5669642857142857,
      "third_auc": 0.6965918989547039,
      "selection_score": 0.38065654793336046,
      "old_guard_090": false,
      "old_guard_092": false
    },
    {
      "feature_model": "eva02_large_patch14_clip_336.merged2b",
      "global_pool": "avg",
      "input_variant": "whole_plus_crop",
      "image_size": 336,
      "estimator": "logreg_bal_c0.003",
      "weight_mode": "label",
      "objective": "balanced_accuracy",
      "all_threshold": 0.43999999999999995,
      "all_accuracy": 0.626057529610829,
      "all_balanced_accuracy": 0.6546719633456815,
      "all_f1": 0.6088495575221239,
      "all_tn": 198,
      "all_fp": 170,
      "all_fn": 51,
      "all_tp": 172,
      "all_sensitivity_high": 0.7713004484304933,
      "all_specificity_low": 0.5380434782608695,
      "all_auc": 0.701269740690193,
      "old_threshold": 0.43999999999999995,
      "old_accuracy": 0.6421052631578947,
      "old_balanced_accuracy": 0.6436908983451537,
      "old_f1": 0.6871165644171779,
      "old_tn": 71,
      "old_fp": 73,
      "old_fn": 29,
      "old_tp": 112,
      "old_sensitivity_high": 0.7943262411347518,
      "old_specificity_low": 0.4930555555555556,
      "old_auc": 0.6849389282899921,
      "third_threshold": 0.43999999999999995,
      "third_accuracy": 0.6111111111111112,
      "third_balanced_accuracy": 0.6493358013937283,
      "third_f1": 0.502092050209205,
      "third_tn": 127,
      "third_fp": 97,
      "third_fn": 22,
      "third_tp": 60,
      "third_sensitivity_high": 0.7317073170731707,
      "third_specificity_low": 0.5669642857142857,
      "third_auc": 0.6965918989547039,
      "selection_score": 0.38065654793336046,
      "old_guard_090": false,
      "old_guard_092": false
    },
    {
      "feature_model": "eva02_large_patch14_clip_336.merged2b",
      "global_pool": "avg",
      "input_variant": "whole_plus_crop",
      "image_size": 336,
      "estimator": "logreg_plain_c0.003",
      "weight_mode": "label",
      "objective": "balanced_accuracy",
      "all_threshold": 0.43999999999999995,
      "all_accuracy": 0.626057529610829,
      "all_balanced_accuracy": 0.6546719633456815,
      "all_f1": 0.6088495575221239,
      "all_tn": 198,
      "all_fp": 170,
      "all_fn": 51,
      "all_tp": 172,
      "all_sensitivity_high": 0.7713004484304933,
      "all_specificity_low": 0.5380434782608695,
      "all_auc": 0.701269740690193,
      "old_threshold": 0.43999999999999995,
      "old_accuracy": 0.6421052631578947,
      "old_balanced_accuracy": 0.6436908983451537,
      "old_f1": 0.6871165644171779,
      "old_tn": 71,
      "old_fp": 73,
      "old_fn": 29,
      "old_tp": 112,
      "old_sensitivity_high": 0.7943262411347518,
      "old_specificity_low": 0.4930555555555556,
      "old_auc": 0.6849389282899921,
      "third_threshold": 0.43999999999999995,
      "third_accuracy": 0.6111111111111112,
      "third_balanced_accuracy": 0.6493358013937283,
      "third_f1": 0.502092050209205,
      "third_tn": 127,
      "third_fp": 97,
      "third_fn": 22,
      "third_tp": 60,
      "third_sensitivity_high": 0.7317073170731707,