{
  "experiment": "Task7 DINOv3 frozen whole+crop feature development CV",
  "data_boundary": "Only old batch1+batch2 and third-batch development data are used. Strict external folder is not read.",
  "n_old": 285,
  "n_third": 306,
  "feature_shape_old": [
    285,
    2048
  ],
  "feature_shape_third": [
    306,
    2048
  ],
  "selected": {
    "feature_model": "vit_large_patch16_siglip_512.v2_webli",
    "global_pool": "avg",
    "input_variant": "whole_plus_crop",
    "image_size": 512,
    "estimator": "logreg_bal_c0.003",
    "weight_mode": "domain_label_third_up",
    "objective": "high_sensitivity",
    "all_threshold": 0.43499999999999994,
    "all_accuracy": 0.6717428087986463,
    "all_balanced_accuracy": 0.6975409436537336,
    "all_f1": 0.6485507246376812,
    "all_tn": 218,
    "all_fp": 150,
    "all_fn": 44,
    "all_tp": 179,
    "all_sensitivity_high": 0.8026905829596412,
    "all_specificity_low": 0.592391304347826,
    "all_auc": 0.7573966660167675,
    "old_threshold": 0.43499999999999994,
    "old_accuracy": 0.6982456140350877,
    "old_balanced_accuracy": 0.6999113475177305,
    "old_f1": 0.7378048780487805,
    "old_tn": 78,
    "old_fp": 66,
    "old_fn": 20,
    "old_tp": 121,
    "old_sensitivity_high": 0.8581560283687943,
    "old_specificity_low": 0.5416666666666666,
    "old_auc": 0.7528073286052009,
    "third_threshold": 0.43499999999999994,
    "third_accuracy": 0.6470588235294118,
    "third_balanced_accuracy": 0.6661585365853658,
    "third_f1": 0.5178571428571429,
    "third_tn": 140,
    "third_fp": 84,
    "third_fn": 24,
    "third_tp": 58,
    "third_sensitivity_high": 0.7073170731707317,
    "third_specificity_low": 0.625,
    "third_auc": 0.7410169860627178,
    "selection_score": 0.4771274667789165,
    "old_guard_090": false,
    "old_guard_092": false
  },
  "top10": [
    {
      "feature_model": "vit_large_patch16_siglip_512.v2_webli",
      "global_pool": "avg",
      "input_variant": "whole_plus_crop",
      "image_size": 512,
      "estimator": "logreg_bal_c0.003",
      "weight_mode": "domain_label_third_up",
      "objective": "high_sensitivity",
      "all_threshold": 0.43499999999999994,
      "all_accuracy": 0.6717428087986463,
      "all_balanced_accuracy": 0.6975409436537336,
      "all_f1": 0.6485507246376812,
      "all_tn": 218,
      "all_fp": 150,
      "all_fn": 44,
      "all_tp": 179,
      "all_sensitivity_high": 0.8026905829596412,
      "all_specificity_low": 0.592391304347826,
      "all_auc": 0.7573966660167675,
      "old_threshold": 0.43499999999999994,
      "old_accuracy": 0.6982456140350877,
      "old_balanced_accuracy": 0.6999113475177305,
      "old_f1": 0.7378048780487805,
      "old_tn": 78,
      "old_fp": 66,
      "old_fn": 20,
      "old_tp": 121,
      "old_sensitivity_high": 0.8581560283687943,
      "old_specificity_low": 0.5416666666666666,
      "old_auc": 0.7528073286052009,
      "third_threshold": 0.43499999999999994,
      "third_accuracy": 0.6470588235294118,
      "third_balanced_accuracy": 0.6661585365853658,
      "third_f1": 0.5178571428571429,
      "third_tn": 140,
      "third_fp": 84,
      "third_fn": 24,
      "third_tp": 58,
      "third_sensitivity_high": 0.7073170731707317,
      "third_specificity_low": 0.625,
      "third_auc": 0.7410169860627178,
      "selection_score": 0.4771274667789165,
      "old_guard_090": false,
      "old_guard_092": false
    },
    {
      "feature_model": "vit_large_patch16_siglip_512.v2_webli",
      "global_pool": "avg",
      "input_variant": "whole_plus_crop",
      "image_size": 512,
      "estimator": "logreg_plain_c0.003",
      "weight_mode": "domain_label_third_up",
      "objective": "balanced_accuracy",
      "all_threshold": 0.42999999999999994,
      "all_accuracy": 0.6717428087986463,
      "all_balanced_accuracy": 0.6975409436537336,
      "all_f1": 0.6485507246376812,
      "all_tn": 218,
      "all_fp": 150,
      "all_fn": 44,
      "all_tp": 179,
      "all_sensitivity_high": 0.8026905829596412,
      "all_specificity_low": 0.592391304347826,
      "all_auc": 0.7575550789627609,
      "old_threshold": 0.42999999999999994,
      "old_accuracy": 0.6982456140350877,
      "old_balanced_accuracy": 0.6999113475177305,
      "old_f1": 0.7378048780487805,
      "old_tn": 78,
      "old_fp": 66,
      "old_fn": 20,
      "old_tp": 121,
      "old_sensitivity_high": 0.8581560283687943,
      "old_specificity_low": 0.5416666666666666,
      "old_auc": 0.7539893617021276,
      "third_threshold": 0.42999999999999994,
      "third_accuracy": 0.6470588235294118,
      "third_balanced_accuracy": 0.6661585365853658,
      "third_f1": 0.5178571428571429,
      "third_tn": 140,
      "third_fp": 84,
      "third_fn": 24,
      "third_tp": 58,
      "third_sensitivity_high": 0.7073170731707317,
      "third_specificity_low": 0.625,
      "third_auc": 0.7396559233449478,
      "selection_score": 0.4771274667789165,
      "old_guard_090": false,
      "old_guard_092": false
    },
    {
      "feature_model": "vit_large_patch16_siglip_512.v2_webli",
      "global_pool": "avg",
      "input_variant": "whole_plus_crop",
      "image_size": 512,
      "estimator": "logreg_plain_c0.003",
      "weight_mode": "domain_label_third_up",
      "objective": "high_sensitivity",
      "all_threshold": 0.42999999999999994,
      "all_accuracy": 0.6717428087986463,
      "all_balanced_accuracy": 0.6975409436537336,
      "all_f1": 0.6485507246376812,
      "all_tn": 218,
      "all_fp": 150,
      "all_fn": 44,
      "all_tp": 179,
      "all_sensitivity_high": 0.8026905829596412,
      "all_specificity_low": 0.592391304347826,
      "all_auc": 0.7575550789627609,
      "old_threshold": 0.42999999999999994,
      "old_accuracy": 0.6982456140350877,
      "old_balanced_accuracy": 0.6999113475177305,
      "old_f1": 0.7378048780487805,
      "old_tn": 78,
      "old_fp": 66,
      "old_fn": 20,
      "old_tp": 121,
      "old_sensitivity_high": 0.8581560283687943,
      "old_specificity_low": 0.5416666666666666,
      "old_auc": 0.7539893617021276,
      "third_threshold": 0.42999999999999994,
      "third_accuracy": 0.6470588235294118,
      "third_balanced_accuracy": 0.6661585365853658,
      "third_f1": 0.5178571428571429,
      "third_tn": 140,
      "third_fp": 84,
      "third_fn": 24,
      "third_tp": 58,
      "third_sensitivity_high": 0.7073170731707317,
      "third_specificity_low": 0.625,
      "third_auc": 0.7396559233449478,
      "selection_score": 0.4771274667789165,
      "old_guard_090": false,
      "old_guard_092": false
    },
    {
      "feature_model": "vit_large_patch16_siglip_512.v2_webli",
      "global_pool": "avg",
      "input_variant": "whole_plus_crop",
      "image_size": 512,
      "estimator": "logreg_bal_c0.003",
      "weight_mode": "none",
      "objective": "high_sensitivity",
      "all_threshold": 0.4549999999999999,
      "all_accuracy": 0.6785109983079526,
      "all_balanced_accuracy": 0.6985584421914603,
      "all_f1": 0.6468401486988847,
      "all_tn": 227,
      "all_fp": 141,
      "all_fn": 49,
      "all_tp": 174,
      "all_sensitivity_high": 0.7802690582959642,
      "all_specificity_low": 0.6168478260869565,
      "all_auc": 0.7592732501462273,
      "old_threshold": 0.4549999999999999,
      "old_accuracy": 0.7052631578947368,
      "old_balanced_accuracy": 0.7066341607565012,
      "old_f1": 0.7375,
      "old_tn": 83,
      "old_fp": 61,
      "old_fn": 23,
      "old_tp": 118,
      "old_sensitivity_high": 0.8368794326241135,
      "old_specificity_low": 0.5763888888888888,
      "old_auc": 0.7550728920409773,
      "third_threshold": 0.4549999999999999,
      "third_accuracy": 0.6535947712418301,
      "third_balanced_accuracy": 0.6628919860627178,
      "third_f1": 0.5137614678899083,
      "third_tn": 144,
      "third_fp": 80,
      "third_fn": 26,
      "third_tp": 56,
      "third_sensitivity_high": 0.6829268292682927,