{
  "accuracy": 0.7789473684210526,
  "balanced_accuracy": 0.7785904255319149,
  "auc": 0.8298857368006304,
  "f1": 0.7692307692307693,
  "sensitivity": 0.7446808510638298,
  "specificity": 0.8125,
  "tn": 117,
  "fp": 27,
  "fn": 36,
  "tp": 105,
  "config": "gross_text_plus_numeric_ng25_mindf2__f1",
  "use_text": true,
  "use_numeric": true,
  "ngram_range": "(2, 5)",
  "min_df": 2,
  "objective": "f1"
}