{
  "experiment": "Task7 DINOv3 frozen whole+crop feature development CV",
  "data_boundary": "Only old batch1+batch2 and third-batch development data are used. Strict external folder is not read.",
  "n_old": 285,
  "n_third": 306,
  "feature_shape_old": [
    285,
    1536
  ],
  "feature_shape_third": [
    306,
    1536
  ],
  "selected": {
    "feature_model": "vit_base_patch16_siglip_384.v2_webli",
    "global_pool": "avg",
    "input_variant": "whole_plus_crop",
    "image_size": 384,
    "estimator": "logreg_plain_c0.003",
    "weight_mode": "none",
    "objective": "high_sensitivity",
    "all_threshold": 0.4549999999999999,
    "all_accuracy": 0.6852791878172588,
    "all_balanced_accuracy": 0.7057601384285436,
    "all_f1": 0.654275092936803,
    "all_tn": 229,
    "all_fp": 139,
    "all_fn": 47,
    "all_tp": 176,
    "all_sensitivity_high": 0.7892376681614349,
    "all_specificity_low": 0.6222826086956522,
    "all_auc": 0.7518522129069993,
    "old_threshold": 0.4549999999999999,
    "old_accuracy": 0.7052631578947368,
    "old_balanced_accuracy": 0.7067080378250591,
    "old_f1": 0.7391304347826086,
    "old_tn": 82,
    "old_fp": 62,
    "old_fn": 22,
    "old_tp": 119,
    "old_sensitivity_high": 0.8439716312056738,
    "old_specificity_low": 0.5694444444444444,
    "old_auc": 0.7389676910953507,
    "third_threshold": 0.4549999999999999,
    "third_accuracy": 0.6666666666666666,
    "third_balanced_accuracy": 0.6756859756097561,
    "third_f1": 0.5277777777777778,
    "third_tn": 147,
    "third_fp": 77,
    "third_fn": 25,
    "third_tp": 57,
    "third_sensitivity_high": 0.6951219512195121,
    "third_specificity_low": 0.65625,
    "third_auc": 0.7212543554006969,
    "selection_score": 0.4894892780569743,
    "old_guard_090": false,
    "old_guard_092": false
  },
  "top10": [
    {
      "feature_model": "vit_base_patch16_siglip_384.v2_webli",
      "global_pool": "avg",
      "input_variant": "whole_plus_crop",
      "image_size": 384,
      "estimator": "logreg_plain_c0.003",
      "weight_mode": "none",
      "objective": "high_sensitivity",
      "all_threshold": 0.4549999999999999,
      "all_accuracy": 0.6852791878172588,
      "all_balanced_accuracy": 0.7057601384285436,
      "all_f1": 0.654275092936803,
      "all_tn": 229,
      "all_fp": 139,
      "all_fn": 47,
      "all_tp": 176,
      "all_sensitivity_high": 0.7892376681614349,
      "all_specificity_low": 0.6222826086956522,
      "all_auc": 0.7518522129069993,
      "old_threshold": 0.4549999999999999,
      "old_accuracy": 0.7052631578947368,
      "old_balanced_accuracy": 0.7067080378250591,
      "old_f1": 0.7391304347826086,
      "old_tn": 82,
      "old_fp": 62,
      "old_fn": 22,
      "old_tp": 119,
      "old_sensitivity_high": 0.8439716312056738,
      "old_specificity_low": 0.5694444444444444,
      "old_auc": 0.7389676910953507,
      "third_threshold": 0.4549999999999999,
      "third_accuracy": 0.6666666666666666,
      "third_balanced_accuracy": 0.6756859756097561,
      "third_f1": 0.5277777777777778,
      "third_tn": 147,
      "third_fp": 77,
      "third_fn": 25,
      "third_tp": 57,
      "third_sensitivity_high": 0.6951219512195121,
      "third_specificity_low": 0.65625,
      "third_auc": 0.7212543554006969,
      "selection_score": 0.4894892780569743,
      "old_guard_090": false,
      "old_guard_092": false
    },
    {
      "feature_model": "vit_base_patch16_siglip_384.v2_webli",
      "global_pool": "avg",
      "input_variant": "whole_plus_crop",
      "image_size": 384,
      "estimator": "logreg_bal_c0.01",
      "weight_mode": "domain_label",
      "objective": "balanced_accuracy",
      "all_threshold": 0.4649999999999999,
      "all_accuracy": 0.688663282571912,
      "all_balanced_accuracy": 0.70582715929031,
      "all_f1": 0.6528301886792452,
      "all_tn": 234,
      "all_fp": 134,
      "all_fn": 50,
      "all_tp": 173,
      "all_sensitivity_high": 0.7757847533632287,
      "all_specificity_low": 0.6358695652173914,
      "all_auc": 0.7521690387989861,
      "old_threshold": 0.4649999999999999,
      "old_accuracy": 0.7017543859649122,
      "old_balanced_accuracy": 0.7030141843971631,
      "old_f1": 0.7318611987381703,
      "old_tn": 84,
      "old_fp": 60,
      "old_fn": 25,
      "old_tp": 116,
      "old_sensitivity_high": 0.8226950354609929,
      "old_specificity_low": 0.5833333333333334,
      "old_auc": 0.7369976359338062,
      "third_threshold": 0.4649999999999999,
      "third_accuracy": 0.6764705882352942,
      "third_balanced_accuracy": 0.6823824041811846,
      "third_f1": 0.5352112676056338,
      "third_tn": 150,
      "third_fp": 74,
      "third_fn": 25,
      "third_tp": 57,
      "third_sensitivity_high": 0.6951219512195121,
      "third_specificity_low": 0.6696428571428571,
      "third_auc": 0.7310540069686412,
      "selection_score": 0.48814030859797,
      "old_guard_090": false,
      "old_guard_092": false
    },
    {
      "feature_model": "vit_base_patch16_siglip_384.v2_webli",
      "global_pool": "avg",
      "input_variant": "whole_plus_crop",
      "image_size": 384,
      "estimator": "logreg_plain_c0.01",
      "weight_mode": "domain_label",
      "objective": "balanced_accuracy",
      "all_threshold": 0.4599999999999999,
      "all_accuracy": 0.6852791878172588,
      "all_balanced_accuracy": 0.7048766816143498,
      "all_f1": 0.6529850746268657,
      "all_tn": 230,
      "all_fp": 138,
      "all_fn": 48,
      "all_tp": 175,
      "all_sensitivity_high": 0.7847533632286996,
      "all_specificity_low": 0.625,
      "all_auc": 0.7520593682979138,
      "old_threshold": 0.4599999999999999,
      "old_accuracy": 0.7017543859649122,
      "old_balanced_accuracy": 0.7031619385342789,
      "old_f1": 0.735202492211838,
      "old_tn": 82,
      "old_fp": 62,
      "old_fn": 23,
      "old_tp": 118,
      "old_sensitivity_high": 0.8368794326241135,
      "old_specificity_low": 0.5694444444444444,
      "old_auc": 0.7367021276595744,
      "third_threshold": 0.4599999999999999,
      "third_accuracy": 0.6699346405228758,
      "third_balanced_accuracy": 0.677918118466899,
      "third_f1": 0.5302325581395348,
      "third_tn": 148,
      "third_fp": 76,
      "third_fn": 25,
      "third_tp": 57,
      "third_sensitivity_high": 0.6951219512195121,
      "third_specificity_low": 0.6607142857142857,
      "third_auc": 0.7311628919860627,
      "selection_score": 0.48553815958233526,
      "old_guard_090": false,
      "old_guard_092": false
    },
    {
      "feature_model": "vit_base_patch16_siglip_384.v2_webli",
      "global_pool": "avg",
      "input_variant": "whole_plus_crop",
      "image_size": 384,
      "estimator": "logreg_plain_c0.003",
      "weight_mode": "domain_label_third_up",
      "objective": "high_sensitivity",
      "all_threshold": 0.4699999999999999,
      "all_accuracy": 0.6751269035532995,
      "all_balanced_accuracy": 0.6958410508871125,
      "all_f1": 0.6444444444444445,
      "all_tn": 225,
      "all_fp": 143,
      "all_fn": 49,
      "all_tp": 174,
      "all_sensitivity_high": 0.7802690582959642,
      "all_specificity_low": 0.6114130434782609,
      "all_auc": 0.7485742834860597,
      "old_threshold": 0.4699999999999999,
      "old_accuracy": 0.7017543859649122,
      "old_balanced_accuracy": 0.7030141843971631,
      "old_f1": 0.7318611987381703,
      "old_tn": 84,
      "old_fp": 60,
      "old_fn": 25,
      "old_tp": 116,
      "old_sensitivity_high": 0.8226950354609929,
      "old_specificity_low": 0.5833333333333334,
      "old_auc": 0.7359633569739953,
      "third_threshold": 0.4699999999999999,
      "third_accuracy": 0.6503267973856209,
      "third_balanced_accuracy": 0.6683906794425087,
      "third_f1": 0.5201793721973094,
      "third_tn": 141,
      "third_fp": 83,
      "third_fn": 24,
      "third_tp": 58,
      "third_sensitivity_high": 0.7073170731707317,
      "third_specificity_low": 0.6294642857142857,