{
  "accuracy": 0.8175438596491228,
  "balanced_accuracy": 0.8173020094562649,
  "auc": 0.8334810874704491,
  "sensitivity": 0.7943262411347518,
  "specificity": 0.8402777777777778,
  "tn": 121,
  "fp": 23,
  "fn": 29,
  "tp": 112,
  "base_accuracy": 0.7684210526315789,
  "base_balanced_accuracy": 0.7684692671394799,
  "score": "review_score_hybrid_max_allrange_fn",
  "recall_target": 0.58,
  "model": "hgb_leaf5_l20.05_min24_iter60_lr0.08",
  "train_scope": "flag_train",
  "feature_set": "raw_plus_review_gross",
  "pass_n": 161,
  "pass_frac": 0.5649122807017544,
  "pass_acc": 0.8571428571428571,
  "hardlike_n": 124,
  "hard_recall": 0.6,
  "hard_precision": 0.314516129032258,
  "hard_base_acc": 0.2769230769230769,
  "hard_final_acc": 0.5076923076923077,
  "rescued": 23,
  "hurt": 9,
  "rescued_hard": 16,
  "hurt_hard": 1
}