{
  "experiment": "Task7 DINOv3 frozen whole+crop feature development CV",
  "data_boundary": "Only old batch1+batch2 and third-batch development data are used. Strict external folder is not read.",
  "n_old": 285,
  "n_third": 306,
  "feature_shape_old": [
    285,
    2048
  ],
  "feature_shape_third": [
    306,
    2048
  ],
  "selected": {
    "feature_model": "vit_large_patch16_siglip_384.v2_webli",
    "global_pool": "avg",
    "input_variant": "whole_plus_crop",
    "image_size": 384,
    "estimator": "logreg_bal_c0.003",
    "weight_mode": "none",
    "objective": "balanced_accuracy",
    "all_threshold": 0.5299999999999999,
    "all_accuracy": 0.7021996615905245,
    "all_balanced_accuracy": 0.7060952427373757,
    "all_f1": 0.6465863453815262,
    "all_tn": 254,
    "all_fp": 114,
    "all_fn": 62,
    "all_tp": 161,
    "all_sensitivity_high": 0.7219730941704036,
    "all_specificity_low": 0.6902173913043478,
    "all_auc": 0.7575307077403003,
    "old_threshold": 0.5299999999999999,
    "old_accuracy": 0.6807017543859649,
    "old_balanced_accuracy": 0.6814420803782506,
    "old_f1": 0.6996699669966997,
    "old_tn": 88,
    "old_fp": 56,
    "old_fn": 35,
    "old_tp": 106,
    "old_sensitivity_high": 0.75177304964539,
    "old_specificity_low": 0.6111111111111112,
    "old_auc": 0.7387706855791962,
    "third_threshold": 0.5299999999999999,
    "third_accuracy": 0.7222222222222222,
    "third_balanced_accuracy": 0.7059015679442509,
    "third_f1": 0.5641025641025641,
    "third_tn": 166,
    "third_fp": 58,
    "third_fn": 27,
    "third_tp": 55,
    "third_sensitivity_high": 0.6707317073170732,
    "third_specificity_low": 0.7410714285714286,
    "third_auc": 0.757131968641115,
    "selection_score": 0.44822135152142606,
    "old_guard_090": false,
    "old_guard_092": false
  },
  "top10": [
    {
      "feature_model": "vit_large_patch16_siglip_384.v2_webli",
      "global_pool": "avg",
      "input_variant": "whole_plus_crop",
      "image_size": 384,
      "estimator": "logreg_bal_c0.003",
      "weight_mode": "none",
      "objective": "balanced_accuracy",
      "all_threshold": 0.5299999999999999,
      "all_accuracy": 0.7021996615905245,
      "all_balanced_accuracy": 0.7060952427373757,
      "all_f1": 0.6465863453815262,
      "all_tn": 254,
      "all_fp": 114,
      "all_fn": 62,
      "all_tp": 161,
      "all_sensitivity_high": 0.7219730941704036,
      "all_specificity_low": 0.6902173913043478,
      "all_auc": 0.7575307077403003,
      "old_threshold": 0.5299999999999999,
      "old_accuracy": 0.6807017543859649,
      "old_balanced_accuracy": 0.6814420803782506,
      "old_f1": 0.6996699669966997,
      "old_tn": 88,
      "old_fp": 56,
      "old_fn": 35,
      "old_tp": 106,
      "old_sensitivity_high": 0.75177304964539,
      "old_specificity_low": 0.6111111111111112,
      "old_auc": 0.7387706855791962,
      "third_threshold": 0.5299999999999999,
      "third_accuracy": 0.7222222222222222,
      "third_balanced_accuracy": 0.7059015679442509,
      "third_f1": 0.5641025641025641,
      "third_tn": 166,
      "third_fp": 58,
      "third_fn": 27,
      "third_tp": 55,
      "third_sensitivity_high": 0.6707317073170732,
      "third_specificity_low": 0.7410714285714286,
      "third_auc": 0.757131968641115,
      "selection_score": 0.44822135152142606,
      "old_guard_090": false,
      "old_guard_092": false
    },
    {
      "feature_model": "vit_large_patch16_siglip_384.v2_webli",
      "global_pool": "avg",
      "input_variant": "whole_plus_crop",
      "image_size": 384,
      "estimator": "logreg_bal_c0.003",
      "weight_mode": "label",
      "objective": "balanced_accuracy",
      "all_threshold": 0.5299999999999999,
      "all_accuracy": 0.7021996615905245,
      "all_balanced_accuracy": 0.7060952427373757,
      "all_f1": 0.6465863453815262,
      "all_tn": 254,
      "all_fp": 114,
      "all_fn": 62,
      "all_tp": 161,
      "all_sensitivity_high": 0.7219730941704036,
      "all_specificity_low": 0.6902173913043478,
      "all_auc": 0.7575307077403003,
      "old_threshold": 0.5299999999999999,
      "old_accuracy": 0.6807017543859649,
      "old_balanced_accuracy": 0.6814420803782506,
      "old_f1": 0.6996699669966997,
      "old_tn": 88,
      "old_fp": 56,
      "old_fn": 35,
      "old_tp": 106,
      "old_sensitivity_high": 0.75177304964539,
      "old_specificity_low": 0.6111111111111112,
      "old_auc": 0.7387706855791962,
      "third_threshold": 0.5299999999999999,
      "third_accuracy": 0.7222222222222222,
      "third_balanced_accuracy": 0.7059015679442509,
      "third_f1": 0.5641025641025641,
      "third_tn": 166,
      "third_fp": 58,
      "third_fn": 27,
      "third_tp": 55,
      "third_sensitivity_high": 0.6707317073170732,
      "third_specificity_low": 0.7410714285714286,
      "third_auc": 0.757131968641115,
      "selection_score": 0.44822135152142606,
      "old_guard_090": false,
      "old_guard_092": false
    },
    {
      "feature_model": "vit_large_patch16_siglip_384.v2_webli",
      "global_pool": "avg",
      "input_variant": "whole_plus_crop",
      "image_size": 384,
      "estimator": "logreg_plain_c0.003",
      "weight_mode": "label",
      "objective": "balanced_accuracy",
      "all_threshold": 0.5299999999999999,
      "all_accuracy": 0.7021996615905245,
      "all_balanced_accuracy": 0.7060952427373757,
      "all_f1": 0.6465863453815262,
      "all_tn": 254,
      "all_fp": 114,
      "all_fn": 62,
      "all_tp": 161,
      "all_sensitivity_high": 0.7219730941704036,
      "all_specificity_low": 0.6902173913043478,
      "all_auc": 0.7575307077403003,
      "old_threshold": 0.5299999999999999,
      "old_accuracy": 0.6807017543859649,
      "old_balanced_accuracy": 0.6814420803782506,
      "old_f1": 0.6996699669966997,
      "old_tn": 88,
      "old_fp": 56,
      "old_fn": 35,
      "old_tp": 106,
      "old_sensitivity_high": 0.75177304964539,
      "old_specificity_low": 0.6111111111111112,
      "old_auc": 0.7387706855791962,
      "third_threshold": 0.5299999999999999,
      "third_accuracy": 0.7222222222222222,
      "third_balanced_accuracy": 0.7059015679442509,
      "third_f1": 0.5641025641025641,
      "third_tn": 166,
      "third_fp": 58,
      "third_fn": 27,
      "third_tp": 55,
      "third_sensitivity_high": 0.6707317073170732,
      "third_specificity_low": 0.7410714285714286,
      "third_auc": 0.757131968641115,
      "selection_score": 0.44822135152142606,
      "old_guard_090": false,
      "old_guard_092": false
    },
    {
      "feature_model": "vit_large_patch16_siglip_384.v2_webli",
      "global_pool": "avg",
      "input_variant": "whole_plus_crop",
      "image_size": 384,
      "estimator": "logreg_plain_c0.01",
      "weight_mode": "domain_label_third_up",
      "objective": "balanced_accuracy",
      "all_threshold": 0.4499999999999999,
      "all_accuracy": 0.676818950930626,
      "all_balanced_accuracy": 0.6918990056541237,
      "all_f1": 0.6375711574952562,
      "all_tn": 232,
      "all_fp": 136,
      "all_fn": 55,
      "all_tp": 168,
      "all_sensitivity_high": 0.7533632286995515,
      "all_specificity_low": 0.6304347826086957,
      "all_auc": 0.7466124000779879,
      "old_threshold": 0.4499999999999999,
      "old_accuracy": 0.6666666666666666,
      "old_balanced_accuracy": 0.6678486997635934,
      "old_f1": 0.6984126984126984,
      "old_tn": 80,
      "old_fp": 64,
      "old_fn": 31,
      "old_tp": 110,
      "old_sensitivity_high": 0.7801418439716312,
      "old_specificity_low": 0.5555555555555556,
      "old_auc": 0.7326635145784082,
      "third_threshold": 0.4499999999999999,
      "third_accuracy": 0.6862745098039216,
      "third_balanced_accuracy": 0.6929442508710801,
      "third_f1": 0.5471698113207547,
      "third_tn": 152,
      "third_fp": 72,
      "third_fn": 24,
      "third_tp": 58,
      "third_sensitivity_high": 0.7073170731707317,