group,n,accuracy,balanced_accuracy,f1,auc,tn,fp,fn,tp,high_recall,low_specificity
all,162,0.6851851851851852,0.6847211611917494,0.6982248520710059,0.7242169595110772,52,25,26,59,0.6941176470588235,0.6753246753246753
subtype:A,22,0.5454545454545454,0.5454545454545454,0.0,,12,10,0,0,,0.5454545454545454
subtype:AB,29,0.8275862068965517,0.8275862068965517,0.0,,24,5,0,0,,0.8275862068965517
subtype:B1,26,0.6153846153846154,0.6153846153846154,0.0,,16,10,0,0,,0.6153846153846154
subtype:B2,28,0.6785714285714286,0.6785714285714286,0.8085106382978723,,0,0,9,19,0.6785714285714286,
subtype:B3,29,0.6206896551724138,0.6206896551724138,0.7659574468085106,,0,0,11,18,0.6206896551724138,
subtype:TC,28,0.7857142857142857,0.7857142857142857,0.88,,0,0,6,22,0.7857142857142857,
