task_l6_label,n,correct,accuracy
AB,188,167,0.8882978723404256
B1,8,5,0.625
B2,7,3,0.42857142857142855
TC,31,19,0.6129032258064516
