accuracy,balanced_accuracy,f1,tn,fp,fn,tp,task_l6_label,n
0.75,0.75,0.0,6,2,0,0,A,8
0.5384615384615384,0.5384615384615384,0.0,21,18,0,0,AB,39
0.6363636363636364,0.6363636363636364,0.0,7,4,0,0,B1,11
0.0,0.0,0.0,0,0,1,0,B1_B2_mixed,1
0.35714285714285715,0.35714285714285715,0.5263157894736842,0,0,18,10,B2,28
0.3333333333333333,0.3333333333333333,0.5,0,0,2,1,B2_B3_mixed,3
0.6,0.6,0.75,0,0,4,6,B3,10
0.6666666666666666,0.6666666666666666,0.0,2,1,0,0,MNT_assumed_low,3
0.8,0.8,0.8888888888888888,0,0,1,4,TC,5
