{
  "boundary": {
    "third_batch_is_external_only": true,
    "no_doctor_gross_text": true,
    "no_case_id_lookup": true,
    "note": "The exact original No.64 candidate checkpoints were unavailable, so this is a frozen 64-style retraining on old 285 with third batch used only once for external scoring."
  },
  "old_data_n": 285,
  "third_data_n": 306,
  "third_distribution": {
    "AB": 212,
    "B1": 12,
    "B2": 29,
    "TC": 53
  },
  "old_oof_selected_base": {
    "accuracy": 0.7087719298245614,
    "balanced_accuracy": 0.7092198581560283,
    "f1": 0.7186440677966102,
    "tn": 96,
    "fp": 48,
    "fn": 35,
    "tp": 106,
    "auc": 0.7621404649330181,
    "base_name": "svc_c1",
    "threshold": 0.4699999999999999,
    "kind": "single"
  },
  "old_oof_selected_policy": {
    "accuracy": 0.7298245614035088,
    "balanced_accuracy": 0.7294621749408983,
    "f1": 0.717948717948718,
    "tn": 110,
    "fp": 34,
    "fn": 43,
    "tp": 98,
    "auc": 0.7381550433412134,
    "route_name": "hard_core_model_route_extra_d5",
    "route_threshold": 0.5037830629368042,
    "budget_pct": 25,
    "corrector": "dino_model_all_corr_logreg_c001",
    "corrector_threshold": 0.7,
    "routed_n": 71,
    "routed_pct": 0.24912280701754386,
    "pass_n": 214,
    "pass_acc": 0.7570093457943925,
    "routed_acc": 0.647887323943662,
    "hard_core_routed": 21,
    "rescue_n": 15,
    "hurt_n": 9,
    "net_rescue": 6
  },
  "third_external_base_metrics": {
    "accuracy": 0.6437908496732027,
    "balanced_accuracy": 0.6136759581881533,
    "f1": 0.45226130653266333,
    "tn": 152,
    "fp": 72,
    "fn": 37,
    "tp": 45,
    "auc": 0.6809124564459932
  },
  "third_external_final_metrics": {
    "accuracy": 0.6372549019607843,
    "balanced_accuracy": 0.6014808362369338,
    "f1": 0.4365482233502538,
    "tn": 152,
    "fp": 72,
    "fn": 39,
    "tp": 43,
    "auc": 0.6751959930313591,
    "routed_n": 13,
    "routed_pct": 0.042483660130718956,
    "pass_n": 293,
    "pass_acc": 0.6382252559726962,
    "routed_acc": 0.6153846153846154,
    "base_accuracy": 0.6437908496732027,
    "base_balanced_accuracy": 0.6136759581881533,
    "base_f1": 0.45226130653266333,
    "selected_base": {
      "accuracy": 0.7087719298245614,
      "balanced_accuracy": 0.7092198581560283,
      "f1": 0.7186440677966102,
      "tn": 96,
      "fp": 48,
      "fn": 35,
      "tp": 106,
      "auc": 0.7621404649330181,
      "base_name": "svc_c1",
      "threshold": 0.4699999999999999,
      "kind": "single"
    },
    "selected_old_oof_policy": {
      "accuracy": 0.7298245614035088,
      "balanced_accuracy": 0.7294621749408983,
      "f1": 0.717948717948718,
      "tn": 110,
      "fp": 34,
      "fn": 43,
      "tp": 98,
      "auc": 0.7381550433412134,
      "route_name": "hard_core_model_route_extra_d5",
      "route_threshold": 0.5037830629368042,
      "budget_pct": 25,
      "corrector": "dino_model_all_corr_logreg_c001",
      "corrector_threshold": 0.7,
      "routed_n": 71,
      "routed_pct": 0.24912280701754386,
      "pass_n": 214,
      "pass_acc": 0.7570093457943925,
      "routed_acc": 0.647887323943662,
      "hard_core_routed": 21,
      "rescue_n": 15,
      "hurt_n": 9,
      "net_rescue": 6
    }
  }
}