{
  "boundary": {
    "uses_external_labels_for_training": false,
    "uses_external_images_unlabeled_for_alignment_weighting_or_pseudo_labels": true,
    "note": "External labels are used only for metric reporting and experiment diagnostics."
  },
  "old_n": 285,
  "external_n": 108,
  "strict_n": 105,
  "best_row": {
    "align": "coral",
    "pca_components": 64,
    "pca_explained": 0.9600134491920471,
    "model": "logreg_c01",
    "weighting": "top5sim",
    "pseudo": "none",
    "threshold_objective": "balanced_accuracy",
    "old_cv_threshold": 0.63,
    "old_cv_threshold_score": 0.6303191489361701,
    "old_accuracy": 0.631578947368421,
    "old_balanced_accuracy": 0.6303191489361701,
    "old_f1": 0.5783132530120482,
    "old_tn": 108,
    "old_fp": 36,
    "old_fn": 69,
    "old_tp": 72,
    "old_auc": 0.6478526398739165,
    "all_accuracy": 0.6574074074074074,
    "all_balanced_accuracy": 0.6332403208929194,
    "all_f1": 0.5316455696202531,
    "all_tn": 50,
    "all_fp": 11,
    "all_fn": 26,
    "all_tp": 21,
    "all_auc": 0.5877223578653645,
    "strict_accuracy": 0.6476190476190476,
    "strict_balanced_accuracy": 0.6285766691122523,
    "strict_f1": 0.5316455696202531,
    "strict_tn": 47,
    "strict_fp": 11,
    "strict_fn": 26,
    "strict_tp": 21,
    "strict_auc": 0.5707997065297138
  }
}