{
  "experiment": "Task7 DINOv3 frozen whole+crop feature development CV",
  "data_boundary": "Only old batch1+batch2 and third-batch development data are used. Strict external folder is not read.",
  "n_old": 285,
  "n_third": 306,
  "feature_shape_old": [
    285,
    2048
  ],
  "feature_shape_third": [
    306,
    2048
  ],
  "selected": {
    "feature_model": "aimv2_large_patch14_336.apple_pt",
    "global_pool": "avg",
    "input_variant": "whole_plus_crop",
    "image_size": 336,
    "estimator": "logreg_bal_c0.1",
    "weight_mode": "none",
    "objective": "high_sensitivity",
    "all_threshold": 0.21999999999999997,
    "all_accuracy": 0.6328257191201354,
    "all_balanced_accuracy": 0.6689413140963151,
    "all_f1": 0.6265060240963856,
    "all_tn": 192,
    "all_fp": 176,
    "all_fn": 41,
    "all_tp": 182,
    "all_sensitivity_high": 0.8161434977578476,
    "all_specificity_low": 0.5217391304347826,
    "all_auc": 0.7337931370637552,
    "old_threshold": 0.21999999999999997,
    "old_accuracy": 0.6877192982456141,
    "old_balanced_accuracy": 0.6896424349881797,
    "old_f1": 0.7343283582089553,
    "old_tn": 73,
    "old_fp": 71,
    "old_fn": 18,
    "old_tp": 123,
    "old_sensitivity_high": 0.8723404255319149,
    "old_specificity_low": 0.5069444444444444,
    "old_auc": 0.7363081166272657,
    "third_threshold": 0.21999999999999997,
    "third_accuracy": 0.5816993464052288,
    "third_balanced_accuracy": 0.6253810975609756,
    "third_f1": 0.4796747967479675,
    "third_tn": 119,
    "third_fp": 105,
    "third_fn": 23,
    "third_tp": 59,
    "third_sensitivity_high": 0.7195121951219512,
    "third_specificity_low": 0.53125,
    "third_auc": 0.6948497386759582,
    "selection_score": 0.4361100869405292,
    "old_guard_090": false,
    "old_guard_092": false
  },
  "top10": [
    {
      "feature_model": "aimv2_large_patch14_336.apple_pt",
      "global_pool": "avg",
      "input_variant": "whole_plus_crop",
      "image_size": 336,
      "estimator": "logreg_bal_c0.1",
      "weight_mode": "none",
      "objective": "high_sensitivity",
      "all_threshold": 0.21999999999999997,
      "all_accuracy": 0.6328257191201354,
      "all_balanced_accuracy": 0.6689413140963151,
      "all_f1": 0.6265060240963856,
      "all_tn": 192,
      "all_fp": 176,
      "all_fn": 41,
      "all_tp": 182,
      "all_sensitivity_high": 0.8161434977578476,
      "all_specificity_low": 0.5217391304347826,
      "all_auc": 0.7337931370637552,
      "old_threshold": 0.21999999999999997,
      "old_accuracy": 0.6877192982456141,
      "old_balanced_accuracy": 0.6896424349881797,
      "old_f1": 0.7343283582089553,
      "old_tn": 73,
      "old_fp": 71,
      "old_fn": 18,
      "old_tp": 123,
      "old_sensitivity_high": 0.8723404255319149,
      "old_specificity_low": 0.5069444444444444,
      "old_auc": 0.7363081166272657,
      "third_threshold": 0.21999999999999997,
      "third_accuracy": 0.5816993464052288,
      "third_balanced_accuracy": 0.6253810975609756,
      "third_f1": 0.4796747967479675,
      "third_tn": 119,
      "third_fp": 105,
      "third_fn": 23,
      "third_tp": 59,
      "third_sensitivity_high": 0.7195121951219512,
      "third_specificity_low": 0.53125,
      "third_auc": 0.6948497386759582,
      "selection_score": 0.4361100869405292,
      "old_guard_090": false,
      "old_guard_092": false
    },
    {
      "feature_model": "aimv2_large_patch14_336.apple_pt",
      "global_pool": "avg",
      "input_variant": "whole_plus_crop",
      "image_size": 336,
      "estimator": "logreg_bal_c0.1",
      "weight_mode": "label",
      "objective": "high_sensitivity",
      "all_threshold": 0.21999999999999997,
      "all_accuracy": 0.6328257191201354,
      "all_balanced_accuracy": 0.6689413140963151,
      "all_f1": 0.6265060240963856,
      "all_tn": 192,
      "all_fp": 176,
      "all_fn": 41,
      "all_tp": 182,
      "all_sensitivity_high": 0.8161434977578476,
      "all_specificity_low": 0.5217391304347826,
      "all_auc": 0.7337931370637552,
      "old_threshold": 0.21999999999999997,
      "old_accuracy": 0.6877192982456141,
      "old_balanced_accuracy": 0.6896424349881797,
      "old_f1": 0.7343283582089553,
      "old_tn": 73,
      "old_fp": 71,
      "old_fn": 18,
      "old_tp": 123,
      "old_sensitivity_high": 0.8723404255319149,
      "old_specificity_low": 0.5069444444444444,
      "old_auc": 0.7363081166272657,
      "third_threshold": 0.21999999999999997,
      "third_accuracy": 0.5816993464052288,
      "third_balanced_accuracy": 0.6253810975609756,
      "third_f1": 0.4796747967479675,
      "third_tn": 119,
      "third_fp": 105,
      "third_fn": 23,
      "third_tp": 59,
      "third_sensitivity_high": 0.7195121951219512,
      "third_specificity_low": 0.53125,
      "third_auc": 0.6948497386759582,
      "selection_score": 0.4361100869405292,
      "old_guard_090": false,
      "old_guard_092": false
    },
    {
      "feature_model": "aimv2_large_patch14_336.apple_pt",
      "global_pool": "avg",
      "input_variant": "whole_plus_crop",
      "image_size": 336,
      "estimator": "logreg_plain_c0.1",
      "weight_mode": "label",
      "objective": "high_sensitivity",
      "all_threshold": 0.21999999999999997,
      "all_accuracy": 0.6328257191201354,
      "all_balanced_accuracy": 0.6689413140963151,
      "all_f1": 0.6265060240963856,
      "all_tn": 192,
      "all_fp": 176,
      "all_fn": 41,
      "all_tp": 182,
      "all_sensitivity_high": 0.8161434977578476,
      "all_specificity_low": 0.5217391304347826,
      "all_auc": 0.7337931370637552,
      "old_threshold": 0.21999999999999997,
      "old_accuracy": 0.6877192982456141,
      "old_balanced_accuracy": 0.6896424349881797,
      "old_f1": 0.7343283582089553,
      "old_tn": 73,
      "old_fp": 71,
      "old_fn": 18,
      "old_tp": 123,
      "old_sensitivity_high": 0.8723404255319149,
      "old_specificity_low": 0.5069444444444444,
      "old_auc": 0.7363081166272657,
      "third_threshold": 0.21999999999999997,
      "third_accuracy": 0.5816993464052288,
      "third_balanced_accuracy": 0.6253810975609756,
      "third_f1": 0.4796747967479675,
      "third_tn": 119,
      "third_fp": 105,
      "third_fn": 23,
      "third_tp": 59,
      "third_sensitivity_high": 0.7195121951219512,
      "third_specificity_low": 0.53125,
      "third_auc": 0.6948497386759582,
      "selection_score": 0.4361100869405292,
      "old_guard_090": false,
      "old_guard_092": false
    },
    {
      "feature_model": "aimv2_large_patch14_336.apple_pt",
      "global_pool": "avg",
      "input_variant": "whole_plus_crop",
      "image_size": 336,
      "estimator": "logreg_bal_c0.1",
      "weight_mode": "domain_label",
      "objective": "high_sensitivity",
      "all_threshold": 0.235,
      "all_accuracy": 0.6362098138747885,
      "all_balanced_accuracy": 0.6681248781438877,
      "all_f1": 0.6234676007005254,
      "all_tn": 198,
      "all_fp": 170,
      "all_fn": 45,
      "all_tp": 178,
      "all_sensitivity_high": 0.7982062780269058,
      "all_specificity_low": 0.5380434782608695,
      "all_auc": 0.733220413335933,
      "old_threshold": 0.235,
      "old_accuracy": 0.6842105263157895,
      "old_balanced_accuracy": 0.6859485815602837,
      "old_f1": 0.7272727272727273,
      "old_tn": 75,
      "old_fp": 69,
      "old_fn": 21,
      "old_tp": 120,
      "old_sensitivity_high": 0.851063829787234,
      "old_specificity_low": 0.5208333333333334,
      "old_auc": 0.7352245862884161,
      "third_threshold": 0.235,
      "third_accuracy": 0.5915032679738562,
      "third_balanced_accuracy": 0.6282121080139373,
      "third_f1": 0.48132780082987553,
      "third_tn": 123,
      "third_fp": 101,
      "third_fn": 24,
      "third_tp": 58,
      "third_sensitivity_high": 0.7073170731707317,
      "third_specificity_low": 0.5491071428571429,
      "third_auc": 0.694359756097561,
      "selection_score": 0.43360149204598497,