{
  "experiment": "Task7 DINOv3 frozen whole+crop feature development CV",
  "data_boundary": "Only old batch1+batch2 and third-batch development data are used. Strict external folder is not read.",
  "n_old": 285,
  "n_third": 306,
  "feature_shape_old": [
    285,
    2048
  ],
  "feature_shape_third": [
    306,
    2048
  ],
  "selected": {
    "feature_model": "eva02_large_patch14_clip_336.merged2b",
    "global_pool": "avg",
    "input_variant": "whole_plus_crop",
    "image_size": 336,
    "estimator": "logreg_plain_c0.003",
    "weight_mode": "domain_label_third_up",
    "objective": "balanced_accuracy",
    "all_threshold": 0.4599999999999999,
    "all_accuracy": 0.6463620981387479,
    "all_balanced_accuracy": 0.6656755702866056,
    "all_f1": 0.6136783733826248,
    "all_tn": 216,
    "all_fp": 152,
    "all_fn": 57,
    "all_tp": 166,
    "all_sensitivity_high": 0.7443946188340808,
    "all_specificity_low": 0.5869565217391305,
    "all_auc": 0.7054494053421719,
    "old_threshold": 0.4599999999999999,
    "old_accuracy": 0.6491228070175439,
    "old_balanced_accuracy": 0.6503398345153664,
    "old_f1": 0.6835443037974683,
    "old_tn": 77,
    "old_fp": 67,
    "old_fn": 33,
    "old_tp": 108,
    "old_sensitivity_high": 0.7659574468085106,
    "old_specificity_low": 0.5347222222222222,
    "old_auc": 0.6916371158392434,
    "third_threshold": 0.4599999999999999,
    "third_accuracy": 0.6437908496732027,
    "third_balanced_accuracy": 0.6639263937282229,
    "third_f1": 0.5155555555555555,
    "third_tn": 139,
    "third_fp": 85,
    "third_fn": 24,
    "third_tp": 58,
    "third_sensitivity_high": 0.7073170731707317,
    "third_specificity_low": 0.6205357142857143,
    "third_auc": 0.7013283972125436,
    "selection_score": 0.40198540682876993,
    "old_guard_090": false,
    "old_guard_092": false
  },
  "top10": [
    {
      "feature_model": "eva02_large_patch14_clip_336.merged2b",
      "global_pool": "avg",
      "input_variant": "whole_plus_crop",
      "image_size": 336,
      "estimator": "logreg_plain_c0.003",
      "weight_mode": "domain_label_third_up",
      "objective": "balanced_accuracy",
      "all_threshold": 0.4599999999999999,
      "all_accuracy": 0.6463620981387479,
      "all_balanced_accuracy": 0.6656755702866056,
      "all_f1": 0.6136783733826248,
      "all_tn": 216,
      "all_fp": 152,
      "all_fn": 57,
      "all_tp": 166,
      "all_sensitivity_high": 0.7443946188340808,
      "all_specificity_low": 0.5869565217391305,
      "all_auc": 0.7054494053421719,
      "old_threshold": 0.4599999999999999,
      "old_accuracy": 0.6491228070175439,
      "old_balanced_accuracy": 0.6503398345153664,
      "old_f1": 0.6835443037974683,
      "old_tn": 77,
      "old_fp": 67,
      "old_fn": 33,
      "old_tp": 108,
      "old_sensitivity_high": 0.7659574468085106,
      "old_specificity_low": 0.5347222222222222,
      "old_auc": 0.6916371158392434,
      "third_threshold": 0.4599999999999999,
      "third_accuracy": 0.6437908496732027,
      "third_balanced_accuracy": 0.6639263937282229,
      "third_f1": 0.5155555555555555,
      "third_tn": 139,
      "third_fp": 85,
      "third_fn": 24,
      "third_tp": 58,
      "third_sensitivity_high": 0.7073170731707317,
      "third_specificity_low": 0.6205357142857143,
      "third_auc": 0.7013283972125436,
      "selection_score": 0.40198540682876993,
      "old_guard_090": false,
      "old_guard_092": false
    },
    {
      "feature_model": "eva02_large_patch14_clip_336.merged2b",
      "global_pool": "avg",
      "input_variant": "whole_plus_crop",
      "image_size": 336,
      "estimator": "logreg_bal_c0.003",
      "weight_mode": "domain_label_third_up",
      "objective": "balanced_accuracy",
      "all_threshold": 0.4599999999999999,
      "all_accuracy": 0.6429780033840947,
      "all_balanced_accuracy": 0.6638416357964516,
      "all_f1": 0.6128440366972477,
      "all_tn": 213,
      "all_fp": 155,
      "all_fn": 56,
      "all_tp": 167,
      "all_sensitivity_high": 0.7488789237668162,
      "all_specificity_low": 0.5788043478260869,
      "all_auc": 0.7053275492298694,
      "old_threshold": 0.4599999999999999,
      "old_accuracy": 0.6456140350877193,
      "old_balanced_accuracy": 0.6468676122931443,
      "old_f1": 0.6813880126182965,
      "old_tn": 76,
      "old_fp": 68,
      "old_fn": 33,
      "old_tp": 108,
      "old_sensitivity_high": 0.7659574468085106,
      "old_specificity_low": 0.5277777777777778,
      "old_auc": 0.6910460992907801,
      "third_threshold": 0.4599999999999999,
      "third_accuracy": 0.6405228758169934,
      "third_balanced_accuracy": 0.6655596689895471,
      "third_f1": 0.5175438596491229,
      "third_tn": 137,
      "third_fp": 87,
      "third_fn": 23,
      "third_tp": 59,
      "third_sensitivity_high": 0.7195121951219512,
      "third_specificity_low": 0.6116071428571429,
      "third_auc": 0.702036149825784,
      "selection_score": 0.3965696016534692,
      "old_guard_090": false,
      "old_guard_092": false
    },
    {
      "feature_model": "eva02_large_patch14_clip_336.merged2b",
      "global_pool": "avg",
      "input_variant": "whole_plus_crop",
      "image_size": 336,
      "estimator": "logreg_bal_c0.01",
      "weight_mode": "none",
      "objective": "balanced_accuracy",
      "all_threshold": 0.4149999999999999,
      "all_accuracy": 0.6311336717428088,
      "all_balanced_accuracy": 0.6578645934880094,
      "all_f1": 0.6107142857142858,
      "all_tn": 202,
      "all_fp": 166,
      "all_fn": 52,
      "all_tp": 171,
      "all_sensitivity_high": 0.7668161434977578,
      "all_specificity_low": 0.5489130434782609,
      "all_auc": 0.7003192630142329,
      "old_threshold": 0.4149999999999999,
      "old_accuracy": 0.6526315789473685,
      "old_balanced_accuracy": 0.6541814420803782,
      "old_f1": 0.6953846153846154,
      "old_tn": 73,
      "old_fp": 71,
      "old_fn": 28,
      "old_tp": 113,
      "old_sensitivity_high": 0.8014184397163121,
      "old_specificity_low": 0.5069444444444444,
      "old_auc": 0.6846926713947991,
      "third_threshold": 0.4149999999999999,
      "third_accuracy": 0.6111111111111112,
      "third_balanced_accuracy": 0.6416049651567943,
      "third_f1": 0.49361702127659574,
      "third_tn": 129,
      "third_fp": 95,
      "third_fn": 24,
      "third_tp": 58,
      "third_sensitivity_high": 0.7073170731707317,
      "third_specificity_low": 0.5758928571428571,
      "third_auc": 0.6933797909407665,
      "selection_score": 0.3941160391302161,
      "old_guard_090": false,
      "old_guard_092": false
    },
    {
      "feature_model": "eva02_large_patch14_clip_336.merged2b",
      "global_pool": "avg",
      "input_variant": "whole_plus_crop",
      "image_size": 336,
      "estimator": "logreg_bal_c0.01",
      "weight_mode": "label",
      "objective": "balanced_accuracy",
      "all_threshold": 0.4149999999999999,
      "all_accuracy": 0.6311336717428088,
      "all_balanced_accuracy": 0.6578645934880094,
      "all_f1": 0.6107142857142858,
      "all_tn": 202,
      "all_fp": 166,
      "all_fn": 52,
      "all_tp": 171,
      "all_sensitivity_high": 0.7668161434977578,
      "all_specificity_low": 0.5489130434782609,
      "all_auc": 0.7003192630142329,
      "old_threshold": 0.4149999999999999,
      "old_accuracy": 0.6526315789473685,
      "old_balanced_accuracy": 0.6541814420803782,
      "old_f1": 0.6953846153846154,
      "old_tn": 73,
      "old_fp": 71,
      "old_fn": 28,
      "old_tp": 113,
      "old_sensitivity_high": 0.8014184397163121,
      "old_specificity_low": 0.5069444444444444,
      "old_auc": 0.6846926713947991,
      "third_threshold": 0.4149999999999999,
      "third_accuracy": 0.6111111111111112,
      "third_balanced_accuracy": 0.6416049651567943,
      "third_f1": 0.49361702127659574,
      "third_tn": 129,
      "third_fp": 95,
      "third_fn": 24,
      "third_tp": 58,