{
  "boundary": {
    "third_batch_is_external_only": true,
    "no_doctor_gross_text": true,
    "no_case_id_lookup": true,
    "note": "The exact original No.64 candidate checkpoints were unavailable, so this is a frozen 64-style retraining on old 285 with third batch used only once for external scoring."
  },
  "old_data_n": 285,
  "third_data_n": 306,
  "third_distribution": {
    "AB": 212,
    "B1": 12,
    "B2": 29,
    "TC": 53
  },
  "old_oof_selected_base": {
    "accuracy": 0.7368421052631579,
    "balanced_accuracy": 0.7367760047281324,
    "f1": 0.7330960854092526,
    "tn": 107,
    "fp": 37,
    "fn": 38,
    "tp": 103,
    "auc": 0.7815701339637511,
    "base_name": "logreg_c0003",
    "threshold": 0.5099999999999999,
    "kind": "single"
  },
  "old_oof_selected_policy": {
    "accuracy": 0.7578947368421053,
    "balanced_accuracy": 0.7582003546099291,
    "f1": 0.7628865979381443,
    "tn": 105,
    "fp": 39,
    "fn": 30,
    "tp": 111,
    "auc": 0.7976260835303388,
    "route_name": "base_fn_dino_model_route_logreg_c003",
    "route_threshold": 0.8664480304493012,
    "budget_pct": 5,
    "corrector": "model_hard_all_corr_extra_d3",
    "corrector_threshold": 0.45,
    "routed_n": 14,
    "routed_pct": 0.04912280701754386,
    "pass_n": 271,
    "pass_acc": 0.7601476014760148,
    "routed_acc": 0.7142857142857143,
    "hard_core_routed": 7,
    "rescue_n": 9,
    "hurt_n": 3,
    "net_rescue": 6
  },
  "third_external_base_metrics": {
    "accuracy": 0.6993464052287581,
    "balanced_accuracy": 0.6168336236933798,
    "f1": 0.43902439024390244,
    "tn": 178,
    "fp": 46,
    "fn": 46,
    "tp": 36,
    "auc": 0.6822190766550522
  },
  "third_external_final_metrics": {
    "accuracy": 0.6503267973856209,
    "balanced_accuracy": 0.5872168989547039,
    "f1": 0.4088397790055249,
    "tn": 162,
    "fp": 62,
    "fn": 45,
    "tp": 37,
    "auc": 0.6402439024390244,
    "routed_n": 17,
    "routed_pct": 0.05555555555555555,
    "pass_n": 289,
    "pass_acc": 0.6851211072664359,
    "routed_acc": 0.058823529411764705,
    "base_accuracy": 0.6993464052287581,
    "base_balanced_accuracy": 0.6168336236933798,
    "base_f1": 0.43902439024390244,
    "selected_base": {
      "accuracy": 0.7368421052631579,
      "balanced_accuracy": 0.7367760047281324,
      "f1": 0.7330960854092526,
      "tn": 107,
      "fp": 37,
      "fn": 38,
      "tp": 103,
      "auc": 0.7815701339637511,
      "base_name": "logreg_c0003",
      "threshold": 0.5099999999999999,
      "kind": "single"
    },
    "selected_old_oof_policy": {
      "accuracy": 0.7578947368421053,
      "balanced_accuracy": 0.7582003546099291,
      "f1": 0.7628865979381443,
      "tn": 105,
      "fp": 39,
      "fn": 30,
      "tp": 111,
      "auc": 0.7976260835303388,
      "route_name": "base_fn_dino_model_route_logreg_c003",
      "route_threshold": 0.8664480304493012,
      "budget_pct": 5,
      "corrector": "model_hard_all_corr_extra_d3",
      "corrector_threshold": 0.45,
      "routed_n": 14,
      "routed_pct": 0.04912280701754386,
      "pass_n": 271,
      "pass_acc": 0.7601476014760148,
      "routed_acc": 0.7142857142857143,
      "hard_core_routed": 7,
      "rescue_n": 9,
      "hurt_n": 3,
      "net_rescue": 6
    }
  }
}