{
  "boundary": "Third labels are used only for post-hoc metric reporting; CORAL uses third features without labels.",
  "rows": [
    {
      "model": "logreg_c001",
      "old_cv_threshold": 0.48999999999999994,
      "pca_components": 128,
      "pca_explained": 0.8977956175804138,
      "old_accuracy": 0.7017543859649122,
      "old_balanced_accuracy": 0.7023492907801419,
      "old_f1": 0.7157190635451505,
      "old_tn": 93,
      "old_fp": 51,
      "old_fn": 34,
      "old_tp": 107,
      "old_auc": 0.7311859732072498,
      "third_accuracy": 0.5620915032679739,
      "third_balanced_accuracy": 0.6042574041811846,
      "third_f1": 0.4596774193548387,
      "third_tn": 115,
      "third_fp": 109,
      "third_fn": 25,
      "third_tp": 57,
      "third_auc": 0.6514590592334495
    },
    {
      "model": "logreg_c01",
      "old_cv_threshold": 0.5099999999999999,
      "pca_components": 128,
      "pca_explained": 0.8977956175804138,
      "old_accuracy": 0.6631578947368421,
      "old_balanced_accuracy": 0.6631944444444444,
      "old_f1": 0.6619718309859155,
      "old_tn": 95,
      "old_fp": 49,
      "old_fn": 47,
      "old_tp": 94,
      "old_auc": 0.7194641449960598,
      "third_accuracy": 0.5947712418300654,
      "third_balanced_accuracy": 0.6188479965156795,
      "third_f1": 0.4700854700854701,
      "third_tn": 127,
      "third_fp": 97,
      "third_fn": 27,
      "third_tp": 55,
      "third_auc": 0.657338850174216
    },
    {
      "model": "logreg_c1",
      "old_cv_threshold": 0.09999999999999999,
      "pca_components": 128,
      "pca_explained": 0.8977956175804138,
      "old_accuracy": 0.6421052631578947,
      "old_balanced_accuracy": 0.6434692671394799,
      "old_f1": 0.68125,
      "old_tn": 74,
      "old_fp": 70,
      "old_fn": 32,
      "old_tp": 109,
      "old_auc": 0.6971040189125295,
      "third_accuracy": 0.46078431372549017,
      "third_balanced_accuracy": 0.5659843205574913,
      "third_f1": 0.4406779661016949,
      "third_tn": 76,
      "third_fp": 148,
      "third_fn": 17,
      "third_tp": 65,
      "third_auc": 0.6436737804878049
    },
    {
      "model": "svc_c1",
      "old_cv_threshold": 0.43999999999999995,
      "pca_components": 128,
      "pca_explained": 0.8977956175804138,
      "old_accuracy": 0.6350877192982456,
      "old_balanced_accuracy": 0.6365248226950355,
      "old_f1": 0.6770186335403726,
      "old_tn": 72,
      "old_fp": 72,
      "old_fn": 32,
      "old_tp": 109,
      "old_auc": 0.6946660756501182,
      "third_accuracy": 0.5228758169934641,
      "third_balanced_accuracy": 0.5967987804878049,
      "third_f1": 0.45925925925925926,
      "third_tn": 98,
      "third_fp": 126,
      "third_fn": 20,
      "third_tp": 62,
      "third_auc": 0.6675195993031359
    },
    {
      "model": "rf_d5",
      "old_cv_threshold": 0.49999999999999994,
      "pca_components": 128,
      "pca_explained": 0.8977956175804138,
      "old_accuracy": 0.6666666666666666,
      "old_balanced_accuracy": 0.6665927895981087,
      "old_f1": 0.6619217081850534,
      "old_tn": 97,
      "old_fp": 47,
      "old_fn": 48,
      "old_tp": 93,
      "old_auc": 0.7183313632781718,
      "third_accuracy": 0.5294117647058824,
      "third_balanced_accuracy": 0.5510126306620209,
      "third_f1": 0.4049586776859504,
      "third_tn": 113,
      "third_fp": 111,
      "third_fn": 33,
      "third_tp": 49,
      "third_auc": 0.6054006968641115
    },
    {
      "model": "extra_d5",
      "old_cv_threshold": 0.49999999999999994,
      "pca_components": 128,
      "pca_explained": 0.8977956175804138,
      "old_accuracy": 0.6666666666666666,
      "old_balanced_accuracy": 0.6665927895981087,
      "old_f1": 0.6619217081850534,
      "old_tn": 97,
      "old_fp": 47,
      "old_fn": 48,
      "old_tp": 93,
      "old_auc": 0.726704097714736,
      "third_accuracy": 0.5620915032679739,
      "third_balanced_accuracy": 0.5849303135888502,
      "third_f1": 0.4369747899159664,
      "third_tn": 120,
      "third_fp": 104,
      "third_fn": 30,
      "third_tp": 52,
      "third_auc": 0.636215156794425
    }
  ]
}