{
  "experiment": "Task7 DINOv3 frozen whole+crop feature development CV",
  "data_boundary": "Only old batch1+batch2 and third-batch development data are used. Strict external folder is not read.",
  "n_old": 285,
  "n_third": 306,
  "feature_shape_old": [
    285,
    2304
  ],
  "feature_shape_third": [
    306,
    2304
  ],
  "selected": {
    "feature_model": "vit_so400m_patch14_siglip_378.v2_webli",
    "global_pool": "avg",
    "input_variant": "whole_plus_crop",
    "image_size": 378,
    "estimator": "logreg_plain_c0.1",
    "weight_mode": "domain_label",
    "objective": "high_sensitivity",
    "all_threshold": 0.33499999999999996,
    "all_accuracy": 0.676818950930626,
    "all_balanced_accuracy": 0.6892486352115422,
    "all_f1": 0.6333973128598849,
    "all_tn": 235,
    "all_fp": 133,
    "all_fn": 58,
    "all_tp": 165,
    "all_sensitivity_high": 0.7399103139013453,
    "all_specificity_low": 0.6385869565217391,
    "all_auc": 0.7507676935075063,
    "old_threshold": 0.33499999999999996,
    "old_accuracy": 0.6736842105263158,
    "old_balanced_accuracy": 0.6745715130023641,
    "old_f1": 0.6970684039087948,
    "old_tn": 85,
    "old_fp": 59,
    "old_fn": 34,
    "old_tp": 107,
    "old_sensitivity_high": 0.7588652482269503,
    "old_specificity_low": 0.5902777777777778,
    "old_auc": 0.7296591804570528,
    "third_threshold": 0.33499999999999996,
    "third_accuracy": 0.6797385620915033,
    "third_balanced_accuracy": 0.6884799651567943,
    "third_f1": 0.5420560747663551,
    "third_tn": 150,
    "third_fp": 74,
    "third_fn": 24,
    "third_tp": 58,
    "third_sensitivity_high": 0.7073170731707317,
    "third_specificity_low": 0.6696428571428571,
    "third_auc": 0.7543009581881533,
    "selection_score": 0.45328420849762696,
    "old_guard_090": false,
    "old_guard_092": false
  },
  "top10": [
    {
      "feature_model": "vit_so400m_patch14_siglip_378.v2_webli",
      "global_pool": "avg",
      "input_variant": "whole_plus_crop",
      "image_size": 378,
      "estimator": "logreg_plain_c0.1",
      "weight_mode": "domain_label",
      "objective": "high_sensitivity",
      "all_threshold": 0.33499999999999996,
      "all_accuracy": 0.676818950930626,
      "all_balanced_accuracy": 0.6892486352115422,
      "all_f1": 0.6333973128598849,
      "all_tn": 235,
      "all_fp": 133,
      "all_fn": 58,
      "all_tp": 165,
      "all_sensitivity_high": 0.7399103139013453,
      "all_specificity_low": 0.6385869565217391,
      "all_auc": 0.7507676935075063,
      "old_threshold": 0.33499999999999996,
      "old_accuracy": 0.6736842105263158,
      "old_balanced_accuracy": 0.6745715130023641,
      "old_f1": 0.6970684039087948,
      "old_tn": 85,
      "old_fp": 59,
      "old_fn": 34,
      "old_tp": 107,
      "old_sensitivity_high": 0.7588652482269503,
      "old_specificity_low": 0.5902777777777778,
      "old_auc": 0.7296591804570528,
      "third_threshold": 0.33499999999999996,
      "third_accuracy": 0.6797385620915033,
      "third_balanced_accuracy": 0.6884799651567943,
      "third_f1": 0.5420560747663551,
      "third_tn": 150,
      "third_fp": 74,
      "third_fn": 24,
      "third_tp": 58,
      "third_sensitivity_high": 0.7073170731707317,
      "third_specificity_low": 0.6696428571428571,
      "third_auc": 0.7543009581881533,
      "selection_score": 0.45328420849762696,
      "old_guard_090": false,
      "old_guard_092": false
    },
    {
      "feature_model": "vit_so400m_patch14_siglip_378.v2_webli",
      "global_pool": "avg",
      "input_variant": "whole_plus_crop",
      "image_size": 378,
      "estimator": "logreg_bal_c0.1",
      "weight_mode": "none",
      "objective": "balanced_accuracy",
      "all_threshold": 0.37999999999999995,
      "all_accuracy": 0.6869712351945855,
      "all_balanced_accuracy": 0.6938669818678105,
      "all_f1": 0.6351084812623274,
      "all_tn": 245,
      "all_fp": 123,
      "all_fn": 62,
      "all_tp": 161,
      "all_sensitivity_high": 0.7219730941704036,
      "all_specificity_low": 0.6657608695652174,
      "all_auc": 0.751267303567947,
      "old_threshold": 0.37999999999999995,
      "old_accuracy": 0.6807017543859649,
      "old_balanced_accuracy": 0.6813682033096926,
      "old_f1": 0.6976744186046512,
      "old_tn": 89,
      "old_fp": 55,
      "old_fn": 36,
      "old_tp": 105,
      "old_sensitivity_high": 0.7446808510638298,
      "old_specificity_low": 0.6180555555555556,
      "old_auc": 0.7298069345941687,
      "third_threshold": 0.37999999999999995,
      "third_accuracy": 0.6928104575163399,
      "third_balanced_accuracy": 0.689677700348432,
      "third_f1": 0.5436893203883495,
      "third_tn": 156,
      "third_fp": 68,
      "third_fn": 26,
      "third_tp": 56,
      "third_sensitivity_high": 0.6829268292682927,
      "third_specificity_low": 0.6964285714285714,
      "third_auc": 0.7547909407665504,
      "selection_score": 0.4496447971321561,
      "old_guard_090": false,
      "old_guard_092": false
    },
    {
      "feature_model": "vit_so400m_patch14_siglip_378.v2_webli",
      "global_pool": "avg",
      "input_variant": "whole_plus_crop",
      "image_size": 378,
      "estimator": "logreg_bal_c0.1",
      "weight_mode": "none",
      "objective": "high_sensitivity",
      "all_threshold": 0.37999999999999995,
      "all_accuracy": 0.6869712351945855,
      "all_balanced_accuracy": 0.6938669818678105,
      "all_f1": 0.6351084812623274,
      "all_tn": 245,
      "all_fp": 123,
      "all_fn": 62,
      "all_tp": 161,
      "all_sensitivity_high": 0.7219730941704036,
      "all_specificity_low": 0.6657608695652174,
      "all_auc": 0.751267303567947,
      "old_threshold": 0.37999999999999995,
      "old_accuracy": 0.6807017543859649,
      "old_balanced_accuracy": 0.6813682033096926,
      "old_f1": 0.6976744186046512,
      "old_tn": 89,
      "old_fp": 55,
      "old_fn": 36,
      "old_tp": 105,
      "old_sensitivity_high": 0.7446808510638298,
      "old_specificity_low": 0.6180555555555556,
      "old_auc": 0.7298069345941687,
      "third_threshold": 0.37999999999999995,
      "third_accuracy": 0.6928104575163399,
      "third_balanced_accuracy": 0.689677700348432,
      "third_f1": 0.5436893203883495,
      "third_tn": 156,
      "third_fp": 68,
      "third_fn": 26,
      "third_tp": 56,
      "third_sensitivity_high": 0.6829268292682927,
      "third_specificity_low": 0.6964285714285714,
      "third_auc": 0.7547909407665504,
      "selection_score": 0.4496447971321561,
      "old_guard_090": false,
      "old_guard_092": false
    },
    {
      "feature_model": "vit_so400m_patch14_siglip_378.v2_webli",
      "global_pool": "avg",
      "input_variant": "whole_plus_crop",
      "image_size": 378,
      "estimator": "logreg_bal_c0.1",
      "weight_mode": "label",
      "objective": "balanced_accuracy",
      "all_threshold": 0.37999999999999995,
      "all_accuracy": 0.6869712351945855,
      "all_balanced_accuracy": 0.6938669818678105,
      "all_f1": 0.6351084812623274,
      "all_tn": 245,
      "all_fp": 123,
      "all_fn": 62,
      "all_tp": 161,
      "all_sensitivity_high": 0.7219730941704036,
      "all_specificity_low": 0.6657608695652174,
      "all_auc": 0.751267303567947,
      "old_threshold": 0.37999999999999995,
      "old_accuracy": 0.6807017543859649,
      "old_balanced_accuracy": 0.6813682033096926,
      "old_f1": 0.6976744186046512,
      "old_tn": 89,
      "old_fp": 55,
      "old_fn": 36,
      "old_tp": 105,
      "old_sensitivity_high": 0.7446808510638298,
      "old_specificity_low": 0.6180555555555556,
      "old_auc": 0.7298069345941687,
      "third_threshold": 0.37999999999999995,
      "third_accuracy": 0.6928104575163399,
      "third_balanced_accuracy": 0.689677700348432,
      "third_f1": 0.5436893203883495,
      "third_tn": 156,
      "third_fp": 68,
      "third_fn": 26,
      "third_tp": 56,
      "third_sensitivity_high": 0.6829268292682927,