{
  "pred_csv": "experiments/base_model_expansion_20260706/outputs/extra_candidate_external_sweep/123_qkvb_nocw__strict_external/external_tta_predictions.csv",
  "n": 108,
  "overall": {
    "group": "overall",
    "n": 108,
    "auc": 0.6431810254621555,
    "accuracy": 0.6018518518518519,
    "balanced_accuracy": 0.6182420648761772,
    "sensitivity": 0.7446808510638298,
    "specificity": 0.4918032786885246,
    "precision": 0.5303030303030303,
    "f1": 0.6194690265486725,
    "tn": 30,
    "fp": 31,
    "fn": 12,
    "tp": 35
  }
}