{
  "old_base": {
    "accuracy": 0.9263157894736842,
    "balanced_accuracy": 0.9262706855791962,
    "f1": 0.9252669039145908,
    "tn": 134,
    "fp": 10,
    "fn": 11,
    "tp": 130,
    "auc": 0.9456264775413712
  },
  "third_base": {
    "accuracy": 0.7435897435897436,
    "balanced_accuracy": 0.7090494092373791,
    "f1": 0.45454545454545453,
    "tn": 149,
    "fp": 47,
    "fn": 13,
    "tp": 25,
    "auc": 0.7360365198711063
  },
  "selected_tp_preserved": {
    "adapt_candidate": "adapt_r4_c0.0003",
    "adapt_threshold": 0.5,
    "route_name": "fp_repair_adapt_conf",
    "old_budget_pct": 0,
    "route_threshold_from_old": Infinity,
    "old_accuracy": 0.9263157894736842,
    "old_balanced_accuracy": 0.9262706855791962,
    "old_f1": 0.9252669039145908,
    "old_tn": 134,
    "old_fp": 10,
    "old_fn": 11,
    "old_tp": 130,
    "old_auc": 0.9456264775413712,
    "old_routed_n": 0,
    "old_routed_pct": 0.0,
    "old_pass_acc": 0.9263157894736842,
    "old_routed_acc": NaN,
    "old_rescue_n": 0,
    "old_hurt_n": 0,
    "old_high_to_low_n": 0,
    "old_low_to_high_n": 0,
    "old_net_rescue": 0,
    "third_accuracy": 0.7435897435897436,
    "third_balanced_accuracy": 0.7090494092373791,
    "third_f1": 0.45454545454545453,
    "third_tn": 149,
    "third_fp": 47,
    "third_fn": 13,
    "third_tp": 25,
    "third_auc": 0.7360365198711063,
    "third_routed_n": 0,
    "third_routed_pct": 0.0,
    "third_pass_acc": 0.7435897435897436,
    "third_routed_acc": NaN,
    "third_rescue_n": 0,
    "third_hurt_n": 0,
    "third_high_to_low_n": 0,
    "third_low_to_high_n": 0,
    "third_net_rescue": 0,
    "old_guard_092": true,
    "old_guard_090": true,
    "third_tp_preserved": true,
    "third_bacc_non_drop": true,
    "third_acc_gain": 0.0,
    "third_bacc_gain": 0.0
  },
  "best_bacc_under_guard92": {
    "adapt_candidate": "adapt_r2_c0.0003",
    "adapt_threshold": 0.62,
    "route_name": "fn_rescue_high_consensus",
    "old_budget_pct": 1,
    "route_threshold_from_old": 2.3696610655848103,
    "old_accuracy": 0.9228070175438596,
    "old_balanced_accuracy": 0.922798463356974,
    "old_f1": 0.9219858156028369,
    "old_tn": 133,
    "old_fp": 11,
    "old_fn": 11,
    "old_tp": 130,
    "old_auc": 0.9439026792750197,
    "old_routed_n": 3,
    "old_routed_pct": 0.010526315789473684,
    "old_pass_acc": 0.925531914893617,
    "old_routed_acc": 0.6666666666666666,
    "old_rescue_n": 0,
    "old_hurt_n": 1,
    "old_high_to_low_n": 0,
    "old_low_to_high_n": 1,
    "old_net_rescue": -1,
    "third_accuracy": 0.7393162393162394,
    "third_balanced_accuracy": 0.7171052631578947,
    "third_f1": 0.46017699115044247,
    "third_tn": 147,
    "third_fp": 49,
    "third_fn": 12,
    "third_tp": 26,
    "third_auc": 0.7209989258861439,
    "third_routed_n": 9,
    "third_routed_pct": 0.038461538461538464,
    "third_pass_acc": 0.7377777777777778,
    "third_routed_acc": 0.7777777777777778,
    "third_rescue_n": 1,
    "third_hurt_n": 2,
    "third_high_to_low_n": 0,
    "third_low_to_high_n": 3,
    "third_net_rescue": -1,
    "old_guard_092": true,
    "old_guard_090": true,
    "third_tp_preserved": true,
    "third_bacc_non_drop": true,
    "third_acc_gain": -0.004273504273504258,
    "third_bacc_gain": 0.008055853920515554
  },
  "best_acc_under_guard92": {
    "adapt_candidate": "adapt_r4_c0.0003",
    "adapt_threshold": 0.5,
    "route_name": "fp_repair_adapt_conf",
    "old_budget_pct": 0,
    "route_threshold_from_old": Infinity,
    "old_accuracy": 0.9263157894736842,
    "old_balanced_accuracy": 0.9262706855791962,
    "old_f1": 0.9252669039145908,
    "old_tn": 134,
    "old_fp": 10,
    "old_fn": 11,
    "old_tp": 130,
    "old_auc": 0.9456264775413712,
    "old_routed_n": 0,
    "old_routed_pct": 0.0,
    "old_pass_acc": 0.9263157894736842,
    "old_routed_acc": NaN,
    "old_rescue_n": 0,
    "old_hurt_n": 0,
    "old_high_to_low_n": 0,
    "old_low_to_high_n": 0,
    "old_net_rescue": 0,
    "third_accuracy": 0.7435897435897436,
    "third_balanced_accuracy": 0.7090494092373791,
    "third_f1": 0.45454545454545453,
    "third_tn": 149,
    "third_fp": 47,
    "third_fn": 13,
    "third_tp": 25,
    "third_auc": 0.7360365198711063,
    "third_routed_n": 0,
    "third_routed_pct": 0.0,
    "third_pass_acc": 0.7435897435897436,
    "third_routed_acc": NaN,
    "third_rescue_n": 0,
    "third_hurt_n": 0,
    "third_high_to_low_n": 0,
    "third_low_to_high_n": 0,
    "third_net_rescue": 0,
    "old_guard_092": true,
    "old_guard_090": true,
    "third_tp_preserved": true,
    "third_bacc_non_drop": true,
    "third_acc_gain": 0.0,
    "third_bacc_gain": 0.0
  },
  "n_policies": 1944,
  "n_guard92": 274,
  "n_tp_preserved_guard92": 267,
  "output_dir": "D:\\影响分析\\outputs\\batch1_batch2_task567_20260514\\task7_adaptation_runs\\22_no64_overlay_highrisk_protect_20260522"
}