{
  "boundary": {
    "third_batch_is_external_only": true,
    "no_doctor_gross_text": true,
    "no_case_id_lookup": true,
    "note": "The exact original No.64 candidate checkpoints were unavailable, so this is a frozen 64-style retraining on old 285 with third batch used only once for external scoring."
  },
  "old_data_n": 285,
  "third_data_n": 306,
  "third_distribution": {
    "AB": 212,
    "B1": 12,
    "B2": 29,
    "TC": 53
  },
  "old_oof_selected_base": {
    "accuracy": 0.7192982456140351,
    "balanced_accuracy": 0.7191193853427896,
    "f1": 0.7122302158273381,
    "tn": 106,
    "fp": 38,
    "fn": 42,
    "tp": 99,
    "auc": 0.7517237982663515,
    "base_name": "logreg_c003",
    "threshold": 0.5599999999999999,
    "kind": "single"
  },
  "old_oof_selected_policy": {
    "accuracy": 0.7473684210526316,
    "balanced_accuracy": 0.7464539007092199,
    "f1": 0.7209302325581395,
    "tn": 120,
    "fp": 24,
    "fn": 48,
    "tp": 93,
    "auc": 0.7547773837667455,
    "route_name": "base_wrong_dino_model_route_logreg_c01",
    "route_threshold": 0.763698731756178,
    "budget_pct": 30,
    "corrector": "dino_model_all_corr_logreg_c01",
    "corrector_threshold": 0.75,
    "routed_n": 86,
    "routed_pct": 0.3017543859649123,
    "pass_n": 199,
    "pass_acc": 0.7587939698492462,
    "routed_acc": 0.7209302325581395,
    "hard_core_routed": 18,
    "rescue_n": 15,
    "hurt_n": 7,
    "net_rescue": 8
  },
  "third_external_base_metrics": {
    "accuracy": 0.6535947712418301,
    "balanced_accuracy": 0.5971798780487805,
    "f1": 0.42391304347826086,
    "tn": 161,
    "fp": 63,
    "fn": 43,
    "tp": 39,
    "auc": 0.6574477351916376
  },
  "third_external_final_metrics": {
    "accuracy": 0.6470588235294118,
    "balanced_accuracy": 0.5811193379790941,
    "f1": 0.4,
    "tn": 162,
    "fp": 62,
    "fn": 46,
    "tp": 36,
    "auc": 0.6528201219512195,
    "routed_n": 55,
    "routed_pct": 0.17973856209150327,
    "pass_n": 251,
    "pass_acc": 0.6573705179282868,
    "routed_acc": 0.6,
    "base_accuracy": 0.6535947712418301,
    "base_balanced_accuracy": 0.5971798780487805,
    "base_f1": 0.42391304347826086,
    "selected_base": {
      "accuracy": 0.7192982456140351,
      "balanced_accuracy": 0.7191193853427896,
      "f1": 0.7122302158273381,
      "tn": 106,
      "fp": 38,
      "fn": 42,
      "tp": 99,
      "auc": 0.7517237982663515,
      "base_name": "logreg_c003",
      "threshold": 0.5599999999999999,
      "kind": "single"
    },
    "selected_old_oof_policy": {
      "accuracy": 0.7473684210526316,
      "balanced_accuracy": 0.7464539007092199,
      "f1": 0.7209302325581395,
      "tn": 120,
      "fp": 24,
      "fn": 48,
      "tp": 93,
      "auc": 0.7547773837667455,
      "route_name": "base_wrong_dino_model_route_logreg_c01",
      "route_threshold": 0.763698731756178,
      "budget_pct": 30,
      "corrector": "dino_model_all_corr_logreg_c01",
      "corrector_threshold": 0.75,
      "routed_n": 86,
      "routed_pct": 0.3017543859649123,
      "pass_n": 199,
      "pass_acc": 0.7587939698492462,
      "routed_acc": 0.7209302325581395,
      "hard_core_routed": 18,
      "rescue_n": 15,
      "hurt_n": 7,
      "net_rescue": 8
    }
  }
}