{
  "protocol": {
    "base": "No.64 + adapt tuned overlay selected by old OOF + adapt72",
    "candidate": "old+third all balanced DINOv2 whole head-only OOF model",
    "allowed_action": "low-to-high rescue only",
    "selection_uses_holdout": false,
    "selection_data": "old OOF + adapt72; third_holdout is audit only"
  },
  "base_metrics": {
    "old": {
      "accuracy": 0.9228070175438596,
      "balanced_accuracy": 0.9227245862884161,
      "f1": 0.9214285714285714,
      "tn": 134,
      "fp": 10,
      "fn": 12,
      "tp": 129,
      "sensitivity_high": 0.9148936170212766,
      "specificity_low": 0.9305555555555556,
      "auc": 0.9456264775413712
    },
    "adapt": {
      "accuracy": 0.6666666666666666,
      "balanced_accuracy": 0.6883116883116883,
      "f1": 0.6842105263157895,
      "tn": 22,
      "fp": 6,
      "fn": 18,
      "tp": 26,
      "sensitivity_high": 0.5909090909090909,
      "specificity_low": 0.7857142857142857,
      "auc": 0.640422077922078
    },
    "holdout": {
      "accuracy": 0.8034188034188035,
      "balanced_accuracy": 0.7129430719656284,
      "f1": 0.4888888888888889,
      "tn": 166,
      "fp": 30,
      "fn": 16,
      "tp": 22,
      "sensitivity_high": 0.5789473684210527,
      "specificity_low": 0.8469387755102041,
      "auc": 0.6956229860365198
    }
  },
  "base_policy": {
    "adapt_candidate": "adapt_r2_c0.0003",
    "adapt_threshold": 0.54,
    "route_name": "disagree_base_low_margin",
    "threshold_source": "adapt",
    "budget_pct": 20,
    "route_threshold": 1.885296885045483,
    "old_accuracy": 0.9228070175438596,
    "old_balanced_accuracy": 0.9227245862884161,
    "old_f1": 0.9214285714285714,
    "old_tn": 134,
    "old_fp": 10,
    "old_fn": 12,
    "old_tp": 129,
    "old_auc": 0.9456264775413712,
    "old_routed_n": 1,
    "old_routed_pct": 0.0035087719298245615,
    "old_pass_n": 284,
    "old_pass_acc": 0.926056338028169,
    "old_routed_acc": 0.0,
    "old_rescue_n": 0,
    "old_hurt_n": 1,
    "old_net_rescue": -1,
    "adapt_accuracy": 0.6666666666666666,
    "adapt_balanced_accuracy": 0.6883116883116883,
    "adapt_f1": 0.6842105263157895,
    "adapt_tn": 22,
    "adapt_fp": 6,
    "adapt_fn": 18,
    "adapt_tp": 26,
    "adapt_auc": 0.640422077922078,
    "adapt_routed_n": 14,
    "adapt_routed_pct": 0.19444444444444445,
    "adapt_pass_n": 58,
    "adapt_pass_acc": 0.6724137931034483,
    "adapt_routed_acc": 0.6428571428571429,
    "adapt_rescue_n": 9,
    "adapt_hurt_n": 5,
    "adapt_net_rescue": 4,
    "holdout_accuracy": 0.8034188034188035,
    "holdout_balanced_accuracy": 0.7129430719656284,
    "holdout_f1": 0.4888888888888889,
    "holdout_tn": 166,
    "holdout_fp": 30,
    "holdout_fn": 16,
    "holdout_tp": 22,
    "holdout_auc": 0.6956229860365198,
    "holdout_routed_n": 44,
    "holdout_routed_pct": 0.18803418803418803,
    "holdout_pass_n": 190,
    "holdout_pass_acc": 0.8368421052631579,
    "holdout_routed_acc": 0.6590909090909091,
    "holdout_rescue_n": 29,
    "holdout_hurt_n": 15,
    "holdout_net_rescue": 14,
    "old_guard_092": true,
    "old_guard_090": true,
    "adapt_tp_preserved": true,
    "adapt_acc_gain": 0.05555555555555547,
    "adapt_bacc_gain": 0.058441558441558406,
    "holdout_tp_preserved": false,
    "holdout_acc_gain": 0.05982905982905984,
    "holdout_bacc_gain": 0.003893662728249314,
    "selection_score_safe": 1.1595133287764867
  },
  "selected_by_old_adapt": {
    "new_threshold": 0.95,
    "base_prob_max": 0.3,
    "gap_min": 0.0,
    "old_accuracy": 0.9228070175438596,
    "old_balanced_accuracy": 0.9227245862884161,
    "old_f1": 0.9214285714285714,
    "old_tn": 134,
    "old_fp": 10,
    "old_fn": 12,
    "old_tp": 129,
    "old_sensitivity_high": 0.9148936170212766,
    "old_specificity_low": 0.9305555555555556,
    "old_auc": 0.9456264775413712,
    "old_routed_n": 0,
    "old_rescue_n": 0,
    "old_hurt_n": 0,
    "old_net_rescue": 0,
    "adapt_accuracy": 0.6666666666666666,
    "adapt_balanced_accuracy": 0.6883116883116883,
    "adapt_f1": 0.6842105263157895,
    "adapt_tn": 22,
    "adapt_fp": 6,
    "adapt_fn": 18,
    "adapt_tp": 26,
    "adapt_sensitivity_high": 0.5909090909090909,
    "adapt_specificity_low": 0.7857142857142857,
    "adapt_auc": 0.640422077922078,
    "adapt_routed_n": 0,
    "adapt_rescue_n": 0,
    "adapt_hurt_n": 0,
    "adapt_net_rescue": 0,
    "holdout_accuracy": 0.8034188034188035,
    "holdout_balanced_accuracy": 0.7129430719656284,
    "holdout_f1": 0.4888888888888889,
    "holdout_tn": 166,
    "holdout_fp": 30,
    "holdout_fn": 16,
    "holdout_tp": 22,
    "holdout_sensitivity_high": 0.5789473684210527,
    "holdout_specificity_low": 0.8469387755102041,
    "holdout_auc": 0.6956229860365198,
    "holdout_routed_n": 0,
    "holdout_rescue_n": 0,
    "holdout_hurt_n": 0,
    "holdout_net_rescue": 0,
    "old_guard_092": true,
    "old_non_drop": true,
    "adapt_non_drop": true,
    "selection_score_safe": 1.0216450216450217
  },
  "best_holdout_bacc_audit": {
    "new_threshold": 0.95,
    "base_prob_max": 0.3,
    "gap_min": 0.0,
    "old_accuracy": 0.9228070175438596,
    "old_balanced_accuracy": 0.9227245862884161,
    "old_f1": 0.9214285714285714,
    "old_tn": 134,
    "old_fp": 10,
    "old_fn": 12,
    "old_tp": 129,
    "old_sensitivity_high": 0.9148936170212766,
    "old_specificity_low": 0.9305555555555556,
    "old_auc": 0.9456264775413712,
    "old_routed_n": 0,
    "old_rescue_n": 0,
    "old_hurt_n": 0,
    "old_net_rescue": 0,
    "adapt_accuracy": 0.6666666666666666,
    "adapt_balanced_accuracy": 0.6883116883116883,
    "adapt_f1": 0.6842105263157895,
    "adapt_tn": 22,
    "adapt_fp": 6,
    "adapt_fn": 18,
    "adapt_tp": 26,
    "adapt_sensitivity_high": 0.5909090909090909,
    "adapt_specificity_low": 0.7857142857142857,
    "adapt_auc": 0.640422077922078,
    "adapt_routed_n": 0,
    "adapt_rescue_n": 0,
    "adapt_hurt_n": 0,
    "adapt_net_rescue": 0,
    "holdout_accuracy": 0.8034188034188035,
    "holdout_balanced_accuracy": 0.7129430719656284,
    "holdout_f1": 0.4888888888888889,
    "holdout_tn": 166,
    "holdout_fp": 30,
    "holdout_fn": 16,
    "holdout_tp": 22,
    "holdout_sensitivity_high": 0.5789473684210527,
    "holdout_specificity_low": 0.8469387755102041,
    "holdout_auc": 0.6956229860365198,
    "holdout_routed_n": 0,
    "holdout_rescue_n": 0,
    "holdout_hurt_n": 0,
    "holdout_net_rescue": 0,
    "old_guard_092": true,
    "old_non_drop": true,
    "adapt_non_drop": true,
    "selection_score_safe": 1.0216450216450217
  },
  "best_holdout_acc_audit": {
    "new_threshold": 0.95,
    "base_prob_max": 0.3,
    "gap_min": 0.0,
    "old_accuracy": 0.9228070175438596,
    "old_balanced_accuracy": 0.9227245862884161,
    "old_f1": 0.9214285714285714,
    "old_tn": 134,
    "old_fp": 10,
    "old_fn": 12,
    "old_tp": 129,
    "old_sensitivity_high": 0.9148936170212766,
    "old_specificity_low": 0.9305555555555556,
    "old_auc": 0.9456264775413712,
    "old_routed_n": 0,
    "old_rescue_n": 0,
    "old_hurt_n": 0,
    "old_net_rescue": 0,
    "adapt_accuracy": 0.6666666666666666,
    "adapt_balanced_accuracy": 0.6883116883116883,
    "adapt_f1": 0.6842105263157895,
    "adapt_tn": 22,
    "adapt_fp": 6,
    "adapt_fn": 18,
    "adapt_tp": 26,
    "adapt_sensitivity_high": 0.5909090909090909,
    "adapt_specificity_low": 0.7857142857142857,
    "adapt_auc": 0.640422077922078,
    "adapt_routed_n": 0,
    "adapt_rescue_n": 0,
    "adapt_hurt_n": 0,
    "adapt_net_rescue": 0,
    "holdout_accuracy": 0.8034188034188035,
    "holdout_balanced_accuracy": 0.7129430719656284,
    "holdout_f1": 0.4888888888888889,
    "holdout_tn": 166,
    "holdout_fp": 30,
    "holdout_fn": 16,
    "holdout_tp": 22,
    "holdout_sensitivity_high": 0.5789473684210527,
    "holdout_specificity_low": 0.8469387755102041,
    "holdout_auc": 0.6956229860365198,
    "holdout_routed_n": 0,
    "holdout_rescue_n": 0,
    "holdout_hurt_n": 0,
    "holdout_net_rescue": 0,