{
  "experiment": "Task7 DINOv3 frozen whole+crop feature development CV",
  "data_boundary": "Only old batch1+batch2 and third-batch development data are used. Strict external folder is not read.",
  "n_old": 285,
  "n_third": 306,
  "feature_shape_old": [
    285,
    1536
  ],
  "feature_shape_third": [
    306,
    1536
  ],
  "selected": {
    "feature_model": "vit_base_patch16_dinov3.lvd1689m",
    "global_pool": "token",
    "input_variant": "whole_plus_crop",
    "image_size": 512,
    "estimator": "logreg_bal_c0.003",
    "weight_mode": "domain_label",
    "objective": "balanced_accuracy",
    "all_threshold": 0.4149999999999999,
    "all_accuracy": 0.6835871404399323,
    "all_balanced_accuracy": 0.7167698381750829,
    "all_f1": 0.6701940035273368,
    "all_tn": 214,
    "all_fp": 154,
    "all_fn": 33,
    "all_tp": 190,
    "all_sensitivity_high": 0.852017937219731,
    "all_specificity_low": 0.5815217391304348,
    "all_auc": 0.7957204133359329,
    "old_threshold": 0.4149999999999999,
    "old_accuracy": 0.6807017543859649,
    "old_balanced_accuracy": 0.6826979905437353,
    "old_f1": 0.7299703264094956,
    "old_tn": 71,
    "old_fp": 73,
    "old_fn": 18,
    "old_tp": 123,
    "old_sensitivity_high": 0.8723404255319149,
    "old_specificity_low": 0.4930555555555556,
    "old_auc": 0.7490149724192277,
    "third_threshold": 0.4149999999999999,
    "third_accuracy": 0.6862745098039216,
    "third_balanced_accuracy": 0.7277330139372822,
    "third_f1": 0.5826086956521739,
    "third_tn": 143,
    "third_fp": 81,
    "third_fn": 15,
    "third_tp": 67,
    "third_sensitivity_high": 0.8170731707317073,
    "third_specificity_low": 0.6383928571428571,
    "third_auc": 0.8191419860627178,
    "selection_score": 0.47722630856824755,
    "old_guard_090": false,
    "old_guard_092": false
  },
  "top10": [
    {
      "feature_model": "vit_base_patch16_dinov3.lvd1689m",
      "global_pool": "token",
      "input_variant": "whole_plus_crop",
      "image_size": 512,
      "estimator": "logreg_bal_c0.003",
      "weight_mode": "domain_label",
      "objective": "balanced_accuracy",
      "all_threshold": 0.4149999999999999,
      "all_accuracy": 0.6835871404399323,
      "all_balanced_accuracy": 0.7167698381750829,
      "all_f1": 0.6701940035273368,
      "all_tn": 214,
      "all_fp": 154,
      "all_fn": 33,
      "all_tp": 190,
      "all_sensitivity_high": 0.852017937219731,
      "all_specificity_low": 0.5815217391304348,
      "all_auc": 0.7957204133359329,
      "old_threshold": 0.4149999999999999,
      "old_accuracy": 0.6807017543859649,
      "old_balanced_accuracy": 0.6826979905437353,
      "old_f1": 0.7299703264094956,
      "old_tn": 71,
      "old_fp": 73,
      "old_fn": 18,
      "old_tp": 123,
      "old_sensitivity_high": 0.8723404255319149,
      "old_specificity_low": 0.4930555555555556,
      "old_auc": 0.7490149724192277,
      "third_threshold": 0.4149999999999999,
      "third_accuracy": 0.6862745098039216,
      "third_balanced_accuracy": 0.7277330139372822,
      "third_f1": 0.5826086956521739,
      "third_tn": 143,
      "third_fp": 81,
      "third_fn": 15,
      "third_tp": 67,
      "third_sensitivity_high": 0.8170731707317073,
      "third_specificity_low": 0.6383928571428571,
      "third_auc": 0.8191419860627178,
      "selection_score": 0.47722630856824755,
      "old_guard_090": false,
      "old_guard_092": false
    },
    {
      "feature_model": "vit_base_patch16_dinov3.lvd1689m",
      "global_pool": "token",
      "input_variant": "whole_plus_crop",
      "image_size": 512,
      "estimator": "logreg_bal_c0.003",
      "weight_mode": "domain_label",
      "objective": "high_sensitivity",
      "all_threshold": 0.4149999999999999,
      "all_accuracy": 0.6835871404399323,
      "all_balanced_accuracy": 0.7167698381750829,
      "all_f1": 0.6701940035273368,
      "all_tn": 214,
      "all_fp": 154,
      "all_fn": 33,
      "all_tp": 190,
      "all_sensitivity_high": 0.852017937219731,
      "all_specificity_low": 0.5815217391304348,
      "all_auc": 0.7957204133359329,
      "old_threshold": 0.4149999999999999,
      "old_accuracy": 0.6807017543859649,
      "old_balanced_accuracy": 0.6826979905437353,
      "old_f1": 0.7299703264094956,
      "old_tn": 71,
      "old_fp": 73,
      "old_fn": 18,
      "old_tp": 123,
      "old_sensitivity_high": 0.8723404255319149,
      "old_specificity_low": 0.4930555555555556,
      "old_auc": 0.7490149724192277,
      "third_threshold": 0.4149999999999999,
      "third_accuracy": 0.6862745098039216,
      "third_balanced_accuracy": 0.7277330139372822,
      "third_f1": 0.5826086956521739,
      "third_tn": 143,
      "third_fp": 81,
      "third_fn": 15,
      "third_tp": 67,
      "third_sensitivity_high": 0.8170731707317073,
      "third_specificity_low": 0.6383928571428571,
      "third_auc": 0.8191419860627178,
      "selection_score": 0.47722630856824755,
      "old_guard_090": false,
      "old_guard_092": false
    },
    {
      "feature_model": "vit_base_patch16_dinov3.lvd1689m",
      "global_pool": "token",
      "input_variant": "whole_plus_crop",
      "image_size": 512,
      "estimator": "logreg_plain_c0.003",
      "weight_mode": "domain_label",
      "objective": "balanced_accuracy",
      "all_threshold": 0.4049999999999999,
      "all_accuracy": 0.6818950930626058,
      "all_balanced_accuracy": 0.7171780561512966,
      "all_f1": 0.6713286713286714,
      "all_tn": 211,
      "all_fp": 157,
      "all_fn": 31,
      "all_tp": 192,
      "all_sensitivity_high": 0.8609865470852018,
      "all_specificity_low": 0.5733695652173914,
      "all_auc": 0.7958300838370054,
      "old_threshold": 0.4049999999999999,
      "old_accuracy": 0.6807017543859649,
      "old_balanced_accuracy": 0.6827718676122931,
      "old_f1": 0.7315634218289085,
      "old_tn": 70,
      "old_fp": 74,
      "old_fn": 17,
      "old_tp": 124,
      "old_sensitivity_high": 0.8794326241134752,
      "old_specificity_low": 0.4861111111111111,
      "old_auc": 0.7490149724192277,
      "third_threshold": 0.4049999999999999,
      "third_accuracy": 0.6830065359477124,
      "third_balanced_accuracy": 0.7293662891986062,
      "third_f1": 0.5836909871244635,
      "third_tn": 141,
      "third_fp": 83,
      "third_fn": 14,
      "third_tp": 68,
      "third_sensitivity_high": 0.8292682926829268,
      "third_specificity_low": 0.6294642857142857,
      "third_auc": 0.8192508710801394,
      "selection_score": 0.47708485949597024,
      "old_guard_090": false,
      "old_guard_092": false
    },
    {
      "feature_model": "vit_base_patch16_dinov3.lvd1689m",
      "global_pool": "token",
      "input_variant": "whole_plus_crop",
      "image_size": 512,
      "estimator": "logreg_plain_c0.003",
      "weight_mode": "domain_label",
      "objective": "high_sensitivity",
      "all_threshold": 0.4049999999999999,
      "all_accuracy": 0.6818950930626058,
      "all_balanced_accuracy": 0.7171780561512966,
      "all_f1": 0.6713286713286714,
      "all_tn": 211,
      "all_fp": 157,
      "all_fn": 31,
      "all_tp": 192,
      "all_sensitivity_high": 0.8609865470852018,
      "all_specificity_low": 0.5733695652173914,
      "all_auc": 0.7958300838370054,
      "old_threshold": 0.4049999999999999,
      "old_accuracy": 0.6807017543859649,
      "old_balanced_accuracy": 0.6827718676122931,
      "old_f1": 0.7315634218289085,
      "old_tn": 70,
      "old_fp": 74,
      "old_fn": 17,
      "old_tp": 124,
      "old_sensitivity_high": 0.8794326241134752,
      "old_specificity_low": 0.4861111111111111,
      "old_auc": 0.7490149724192277,
      "third_threshold": 0.4049999999999999,
      "third_accuracy": 0.6830065359477124,
      "third_balanced_accuracy": 0.7293662891986062,
      "third_f1": 0.5836909871244635,
      "third_tn": 141,
      "third_fp": 83,
      "third_fn": 14,
      "third_tp": 68,
      "third_sensitivity_high": 0.8292682926829268,