n,threshold,accuracy,balanced_accuracy,f1,tn,fp,fn,tp,sensitivity_high,specificity_low,auc,subset,locked_model_tag,feature_set,selected_dev_old_accuracy,selected_dev_third_accuracy,selected_dev_third_balanced_accuracy
108,0.595,0.5833333333333334,0.5554586675967911,0.4155844155844156,47,14,31,16,0.3404255319148936,0.7704918032786885,0.5776072549703524,all,53_old_third_no64_meta_stack_full_prob_20260523,prob_only,0.9228070175438596,0.8071895424836601,0.7446101916376306
105,0.595,0.5714285714285714,0.549523110785033,0.4155844155844156,44,14,31,16,0.3404255319148936,0.7586206896551724,0.5707997065297139,strict,53_old_third_no64_meta_stack_full_prob_20260523,prob_only,0.9228070175438596,0.8071895424836601,0.7446101916376306
108,0.5099999999999999,0.5833333333333334,0.5798744332054413,0.5360824742268041,37,24,21,26,0.5531914893617021,0.6065573770491803,0.574468085106383,all,65_old_third_no64_meta_stack_plus_dinov3whole_ft_20260523,prob_only,0.9263157894736842,0.7777777777777778,0.7593096689895471
105,0.5099999999999999,0.580952380952381,0.5783198826118856,0.5416666666666666,35,23,21,26,0.5531914893617021,0.603448275862069,0.5652971386647102,strict,65_old_third_no64_meta_stack_plus_dinov3whole_ft_20260523,prob_only,0.9263157894736842,0.7777777777777778,0.7593096689895471
108,0.59,0.6296296296296297,0.6110917335193582,0.5238095238095238,46,15,25,22,0.46808510638297873,0.7540983606557377,0.6093477502615975,all,67_old_third_no64_meta_stack_plus_dinov3vitl_ft_20260523,prob_only,0.9228070175438596,0.8235294117647058,0.7635017421602788
105,0.59,0.6190476190476191,0.6047322083639032,0.5238095238095238,43,15,25,22,0.46808510638297873,0.7413793103448276,0.6049156272927365,strict,67_old_third_no64_meta_stack_plus_dinov3vitl_ft_20260523,prob_only,0.9228070175438596,0.8235294117647058,0.7635017421602788
