group,n,auc,accuracy,balanced_accuracy,sensitivity,specificity,precision,f1,tn,fp,fn,tp
overall,162,0.7229946524064171,0.6851851851851852,0.6841100076394194,0.7058823529411765,0.6623376623376623,0.6976744186046512,0.7017543859649122,51,26,25,60
subtype:A,22,,0.5909090909090909,0.5909090909090909,0.0,0.5909090909090909,0.0,0.0,13,9,0,0
subtype:AB,29,,0.7931034482758621,0.7931034482758621,0.0,0.7931034482758621,0.0,0.0,23,6,0,0
subtype:B1,26,,0.5769230769230769,0.5769230769230769,0.0,0.5769230769230769,0.0,0.0,15,11,0,0
subtype:B2,28,,0.6428571428571429,0.6428571428571429,0.6428571428571429,,1.0,0.782608695652174,0,0,10,18
subtype:B3,29,,0.6551724137931034,0.6551724137931034,0.6551724137931034,,1.0,0.7916666666666666,0,0,10,19
subtype:TC,28,,0.8214285714285714,0.8214285714285714,0.8214285714285714,,1.0,0.9019607843137255,0,0,5,23
domain:new_external_160,162,0.7229946524064171,0.6851851851851852,0.6841100076394194,0.7058823529411765,0.6623376623376623,0.6976744186046512,0.7017543859649122,51,26,25,60
