task_l6_label,n,correct,accuracy
AB,188,164,0.8723404255319149
B1,8,3,0.375
B2,7,3,0.42857142857142855
TC,31,16,0.5161290322580645
