{
  "experiment": "Task7 DINOv3 frozen whole+crop feature development CV",
  "data_boundary": "Only old batch1+batch2 and third-batch development data are used. Strict external folder is not read.",
  "n_old": 285,
  "n_third": 306,
  "feature_shape_old": [
    285,
    2304
  ],
  "feature_shape_third": [
    306,
    2304
  ],
  "selected": {
    "feature_model": "vit_so400m_patch14_siglip_378.v2_webli",
    "global_pool": "avg",
    "input_variant": "whole_plus_crop",
    "image_size": 378,
    "estimator": "logreg_bal_c0.1",
    "weight_mode": "domain_label",
    "objective": "high_sensitivity",
    "all_threshold": 0.32999999999999996,
    "all_accuracy": 0.676818950930626,
    "all_balanced_accuracy": 0.6892486352115422,
    "all_f1": 0.6333973128598849,
    "all_tn": 235,
    "all_fp": 133,
    "all_fn": 58,
    "all_tp": 165,
    "all_sensitivity_high": 0.7399103139013453,
    "all_specificity_low": 0.6385869565217391,
    "all_auc": 0.7508529927861181,
    "old_threshold": 0.32999999999999996,
    "old_accuracy": 0.6736842105263158,
    "old_balanced_accuracy": 0.6745715130023641,
    "old_f1": 0.6970684039087948,
    "old_tn": 85,
    "old_fp": 59,
    "old_fn": 34,
    "old_tp": 107,
    "old_sensitivity_high": 0.7588652482269503,
    "old_specificity_low": 0.5902777777777778,
    "old_auc": 0.7303979511426321,
    "third_threshold": 0.32999999999999996,
    "third_accuracy": 0.6797385620915033,
    "third_balanced_accuracy": 0.6884799651567943,
    "third_f1": 0.5420560747663551,
    "third_tn": 150,
    "third_fp": 74,
    "third_fn": 24,
    "third_tp": 58,
    "third_sensitivity_high": 0.7073170731707317,
    "third_specificity_low": 0.6696428571428571,
    "third_auc": 0.7535932055749128,
    "selection_score": 0.45328420849762696,
    "old_guard_090": false,
    "old_guard_092": false
  },
  "top10": [
    {
      "feature_model": "vit_so400m_patch14_siglip_378.v2_webli",
      "global_pool": "avg",
      "input_variant": "whole_plus_crop",
      "image_size": 378,
      "estimator": "logreg_bal_c0.1",
      "weight_mode": "domain_label",
      "objective": "high_sensitivity",
      "all_threshold": 0.32999999999999996,
      "all_accuracy": 0.676818950930626,
      "all_balanced_accuracy": 0.6892486352115422,
      "all_f1": 0.6333973128598849,
      "all_tn": 235,
      "all_fp": 133,
      "all_fn": 58,
      "all_tp": 165,
      "all_sensitivity_high": 0.7399103139013453,
      "all_specificity_low": 0.6385869565217391,
      "all_auc": 0.7508529927861181,
      "old_threshold": 0.32999999999999996,
      "old_accuracy": 0.6736842105263158,
      "old_balanced_accuracy": 0.6745715130023641,
      "old_f1": 0.6970684039087948,
      "old_tn": 85,
      "old_fp": 59,
      "old_fn": 34,
      "old_tp": 107,
      "old_sensitivity_high": 0.7588652482269503,
      "old_specificity_low": 0.5902777777777778,
      "old_auc": 0.7303979511426321,
      "third_threshold": 0.32999999999999996,
      "third_accuracy": 0.6797385620915033,
      "third_balanced_accuracy": 0.6884799651567943,
      "third_f1": 0.5420560747663551,
      "third_tn": 150,
      "third_fp": 74,
      "third_fn": 24,
      "third_tp": 58,
      "third_sensitivity_high": 0.7073170731707317,
      "third_specificity_low": 0.6696428571428571,
      "third_auc": 0.7535932055749128,
      "selection_score": 0.45328420849762696,
      "old_guard_090": false,
      "old_guard_092": false
    },
    {
      "feature_model": "vit_so400m_patch14_siglip_378.v2_webli",
      "global_pool": "avg",
      "input_variant": "whole_plus_crop",
      "image_size": 378,
      "estimator": "logreg_plain_c0.1",
      "weight_mode": "domain_label",
      "objective": "high_sensitivity",
      "all_threshold": 0.33499999999999996,
      "all_accuracy": 0.676818950930626,
      "all_balanced_accuracy": 0.6892486352115422,
      "all_f1": 0.6333973128598849,
      "all_tn": 235,
      "all_fp": 133,
      "all_fn": 58,
      "all_tp": 165,
      "all_sensitivity_high": 0.7399103139013453,
      "all_specificity_low": 0.6385869565217391,
      "all_auc": 0.7507920647299667,
      "old_threshold": 0.33499999999999996,
      "old_accuracy": 0.6736842105263158,
      "old_balanced_accuracy": 0.6745715130023641,
      "old_f1": 0.6970684039087948,
      "old_tn": 85,
      "old_fp": 59,
      "old_fn": 34,
      "old_tp": 107,
      "old_sensitivity_high": 0.7588652482269503,
      "old_specificity_low": 0.5902777777777778,
      "old_auc": 0.7303486997635934,
      "third_threshold": 0.33499999999999996,
      "third_accuracy": 0.6797385620915033,
      "third_balanced_accuracy": 0.6884799651567943,
      "third_f1": 0.5420560747663551,
      "third_tn": 150,
      "third_fp": 74,
      "third_fn": 24,
      "third_tp": 58,
      "third_sensitivity_high": 0.7073170731707317,
      "third_specificity_low": 0.6696428571428571,
      "third_auc": 0.7533754355400698,
      "selection_score": 0.45328420849762696,
      "old_guard_090": false,
      "old_guard_092": false
    },
    {
      "feature_model": "vit_so400m_patch14_siglip_378.v2_webli",
      "global_pool": "avg",
      "input_variant": "whole_plus_crop",
      "image_size": 378,
      "estimator": "logreg_bal_c0.1",
      "weight_mode": "none",
      "objective": "high_sensitivity",
      "all_threshold": 0.33999999999999997,
      "all_accuracy": 0.676818950930626,
      "all_balanced_accuracy": 0.6883651783973483,
      "all_f1": 0.6319845857418112,
      "all_tn": 236,
      "all_fp": 132,
      "all_fn": 59,
      "all_tp": 164,
      "all_sensitivity_high": 0.7354260089686099,
      "all_specificity_low": 0.6413043478260869,
      "all_auc": 0.751169818678105,
      "old_threshold": 0.33999999999999997,
      "old_accuracy": 0.6736842105263158,
      "old_balanced_accuracy": 0.6744976359338062,
      "old_f1": 0.6950819672131148,
      "old_tn": 86,
      "old_fp": 58,
      "old_fn": 35,
      "old_tp": 106,
      "old_sensitivity_high": 0.75177304964539,
      "old_specificity_low": 0.5972222222222222,
      "old_auc": 0.7295606776989756,
      "third_threshold": 0.33999999999999997,
      "third_accuracy": 0.6797385620915033,
      "third_balanced_accuracy": 0.6884799651567943,
      "third_f1": 0.5420560747663551,
      "third_tn": 150,
      "third_fp": 74,
      "third_fn": 24,
      "third_tp": 58,
      "third_sensitivity_high": 0.7073170731707317,
      "third_specificity_low": 0.6696428571428571,
      "third_auc": 0.7546820557491289,
      "selection_score": 0.4532620453770597,
      "old_guard_090": false,
      "old_guard_092": false
    },
    {
      "feature_model": "vit_so400m_patch14_siglip_378.v2_webli",
      "global_pool": "avg",
      "input_variant": "whole_plus_crop",
      "image_size": 378,
      "estimator": "logreg_bal_c0.1",
      "weight_mode": "label",
      "objective": "high_sensitivity",
      "all_threshold": 0.33999999999999997,
      "all_accuracy": 0.676818950930626,
      "all_balanced_accuracy": 0.6883651783973483,
      "all_f1": 0.6319845857418112,
      "all_tn": 236,
      "all_fp": 132,
      "all_fn": 59,
      "all_tp": 164,
      "all_sensitivity_high": 0.7354260089686099,
      "all_specificity_low": 0.6413043478260869,
      "all_auc": 0.751169818678105,
      "old_threshold": 0.33999999999999997,
      "old_accuracy": 0.6736842105263158,
      "old_balanced_accuracy": 0.6744976359338062,
      "old_f1": 0.6950819672131148,
      "old_tn": 86,
      "old_fp": 58,
      "old_fn": 35,
      "old_tp": 106,
      "old_sensitivity_high": 0.75177304964539,
      "old_specificity_low": 0.5972222222222222,
      "old_auc": 0.7295606776989756,
      "third_threshold": 0.33999999999999997,
      "third_accuracy": 0.6797385620915033,
      "third_balanced_accuracy": 0.6884799651567943,
      "third_f1": 0.5420560747663551,
      "third_tn": 150,
      "third_fp": 74,
      "third_fn": 24,
      "third_tp": 58,
      "third_sensitivity_high": 0.7073170731707317,