{
  "boundary": {
    "uses_external_labels_for_training": false,
    "uses_external_images_unlabeled_for_alignment_weighting_or_pseudo_labels": true,
    "note": "External labels are used only for metric reporting and experiment diagnostics."
  },
  "old_n": 285,
  "external_n": 108,
  "strict_n": 105,
  "best_row": {
    "align": "diag",
    "pca_components": 32,
    "pca_explained": 0.6239640116691589,
    "model": "rf_d5",
    "weighting": "none",
    "pseudo": "none",
    "threshold_objective": "balanced_accuracy",
    "old_cv_threshold": 0.4799999999999999,
    "old_cv_threshold_score": 0.6777482269503546,
    "old_accuracy": 0.6771929824561403,
    "old_balanced_accuracy": 0.6777482269503546,
    "old_f1": 0.6912751677852349,
    "old_tn": 90,
    "old_fp": 54,
    "old_fn": 38,
    "old_tp": 103,
    "old_auc": 0.7499014972419228,
    "all_accuracy": 0.6018518518518519,
    "all_balanced_accuracy": 0.6084757586327171,
    "all_f1": 0.5904761904761905,
    "all_tn": 34,
    "all_fp": 27,
    "all_fn": 16,
    "all_tp": 31,
    "all_auc": 0.6110917335193582,
    "strict_accuracy": 0.6,
    "strict_balanced_accuracy": 0.6056493030080704,
    "strict_f1": 0.5961538461538461,
    "strict_tn": 32,
    "strict_fp": 26,
    "strict_fn": 16,
    "strict_tp": 31,
    "strict_auc": 0.6038151137197358
  }
}