split,level,aggregation,accuracy,balanced_accuracy,macro_precision,macro_recall,macro_f1,macro_auc
test,image,none,0.3684210526315789,0.36574074074074076,0.42142857142857143,0.36574074074074076,0.3498947080344539,0.7368173001151724
test,case,mean,0.3684210526315789,0.36574074074074076,0.42142857142857143,0.36574074074074076,0.3498947080344539,0.7368173001151724
test,case,max_prob,0.3684210526315789,0.36574074074074076,0.42142857142857143,0.36574074074074076,0.3498947080344539,0.7368173001151724
test,case,majority_vote,0.3684210526315789,0.36574074074074076,0.42142857142857143,0.36574074074074076,0.3498947080344539,0.6193662105231255
