{
  "accuracy": 0.8210526315789474,
  "balanced_accuracy": 0.8207003546099291,
  "auc": 0.8176221434200158,
  "f1": 0.8131868131868132,
  "sensitivity": 0.7872340425531915,
  "specificity": 0.8541666666666666,
  "tn": 123,
  "fp": 21,
  "fn": 30,
  "tp": 111,
  "feature_set": "emb16",
  "target": "base_wrong",
  "model": "logreg_c01",
  "objective": "accuracy",
  "routed_n": 4,
  "routed_frac": 0.014035087719298246,
  "routed_acc": 0.0,
  "pass_n": 281,
  "pass_frac": 0.9859649122807017,
  "pass_acc": 0.8327402135231317,
  "rescue_n": 0,
  "hurt_n": 4,
  "net_rescue": -4
}