{
  "boundary": {
    "uses_external_labels_for_training": false,
    "uses_external_images_unlabeled_for_alignment_weighting_or_pseudo_labels": true,
    "note": "External labels are used only for metric reporting and experiment diagnostics."
  },
  "old_n": 285,
  "external_n": 108,
  "strict_n": 105,
  "best_row": {
    "align": "none",
    "pca_components": 32,
    "pca_explained": 0.7665790915489197,
    "model": "extra_d5",
    "weighting": "none",
    "pseudo": "p80",
    "threshold_objective": "balanced_accuracy",
    "old_cv_threshold": 0.4799999999999999,
    "old_cv_threshold_score": 0.6227836879432624,
    "old_accuracy": 0.6210526315789474,
    "old_balanced_accuracy": 0.6227836879432624,
    "old_f1": 0.6727272727272727,
    "old_tn": 66,
    "old_fp": 78,
    "old_fn": 30,
    "old_tp": 111,
    "old_auc": 0.6492809298660362,
    "all_accuracy": 0.6388888888888888,
    "all_balanced_accuracy": 0.6363794907568887,
    "all_f1": 0.5979381443298969,
    "all_tn": 40,
    "all_fp": 21,
    "all_fn": 18,
    "all_tp": 29,
    "all_auc": 0.5681897453784444,
    "strict_accuracy": 0.638095238095238,
    "strict_balanced_accuracy": 0.636096845194424,
    "strict_f1": 0.6041666666666666,
    "strict_tn": 38,
    "strict_fp": 20,
    "strict_fn": 18,
    "strict_tp": 29,
    "strict_auc": 0.5627292736610418
  }
}