{
  "accuracy": 0.8140350877192982,
  "balanced_accuracy": 0.8137559101654847,
  "auc": 0.8147163120567376,
  "f1": 0.8072727272727273,
  "sensitivity": 0.7872340425531915,
  "specificity": 0.8402777777777778,
  "tn": 121,
  "fp": 23,
  "fn": 30,
  "tp": 111,
  "feature_set": "numeric_emb8",
  "target": "base_wrong",
  "model": "rf_d3_l8",
  "objective": "accuracy",
  "routed_n": 6,
  "routed_frac": 0.021052631578947368,
  "routed_acc": 0.0,
  "pass_n": 279,
  "pass_frac": 0.9789473684210527,
  "pass_acc": 0.8315412186379928,
  "rescue_n": 0,
  "hurt_n": 6,
  "net_rescue": -6
}