{
  "accuracy": 0.3263157894736842,
  "balanced_accuracy": 0.32616725768321514,
  "auc": 0.3468282111899133,
  "ap": 0.43495262714084604,
  "f1": 0.3142857142857143,
  "precision": 0.31654676258992803,
  "recall": 0.3120567375886525,
  "tn": 49,
  "fp": 95,
  "fn": 97,
  "tp": 44
}