{
  "accuracy": 0.8140350877192982,
  "balanced_accuracy": 0.8138297872340425,
  "auc": 0.8213652482269505,
  "f1": 0.8086642599277978,
  "sensitivity": 0.7943262411347518,
  "specificity": 0.8333333333333334,
  "tn": 120,
  "fp": 24,
  "fn": 29,
  "tp": 112,
  "feature_set": "numeric",
  "target": "base_wrong",
  "model": "rf_d3_l8",
  "objective": "accuracy",
  "routed_n": 6,
  "routed_frac": 0.021052631578947368,
  "routed_acc": 0.0,
  "pass_n": 279,
  "pass_frac": 0.9789473684210527,
  "pass_acc": 0.8315412186379928,
  "rescue_n": 0,
  "hurt_n": 6,
  "net_rescue": -6
}