{
  "accuracy": 0.8245614035087719,
  "balanced_accuracy": 0.8241725768321513,
  "auc": 0.8178191489361702,
  "f1": 0.8161764705882353,
  "sensitivity": 0.7872340425531915,
  "specificity": 0.8611111111111112,
  "tn": 124,
  "fp": 20,
  "fn": 30,
  "tp": 111,
  "feature_set": "numeric_emb8",
  "target": "base_wrong",
  "model": "extra_d3_l8",
  "objective": "accuracy",
  "routed_n": 3,
  "routed_frac": 0.010526315789473684,
  "routed_acc": 0.0,
  "pass_n": 282,
  "pass_frac": 0.9894736842105263,
  "pass_acc": 0.8333333333333334,
  "rescue_n": 0,
  "hurt_n": 3,
  "net_rescue": -3
}