{
  "accuracy": 0.8350877192982457,
  "balanced_accuracy": 0.8348108747044918,
  "f1": 0.8290909090909091,
  "tn": 124,
  "fp": 20,
  "fn": 27,
  "tp": 114,
  "auc": 0.8359436564223799
}