{
  "accuracy": 0.8070175438596491,
  "balanced_accuracy": 0.8068853427895981,
  "auc": 0.8056048069345941,
  "ap": 0.7161106424392627,
  "f1": 0.8028673835125448,
  "precision": 0.8115942028985508,
  "recall": 0.7943262411347518,
  "tn": 118,
  "fp": 26,
  "fn": 29,
  "tp": 112
}