{
  "accuracy": 0.8315789473684211,
  "balanced_accuracy": 0.8311170212765957,
  "auc": 0.8233353033884949,
  "f1": 0.8222222222222222,
  "sensitivity": 0.7872340425531915,
  "specificity": 0.875,
  "tn": 126,
  "fp": 18,
  "fn": 30,
  "tp": 111,
  "feature_set": "numeric",
  "target": "base_wrong",
  "model": "extra_d3_l8",
  "objective": "accuracy",
  "routed_n": 5,
  "routed_frac": 0.017543859649122806,
  "routed_acc": 0.4,
  "pass_n": 280,
  "pass_frac": 0.9824561403508771,
  "pass_acc": 0.8392857142857143,
  "rescue_n": 2,
  "hurt_n": 3,
  "net_rescue": -1
}