{
  "accuracy": 0.8175438596491228,
  "balanced_accuracy": 0.8170803782505911,
  "auc": 0.8095449172576833,
  "f1": 0.8074074074074075,
  "sensitivity": 0.7730496453900709,
  "specificity": 0.8611111111111112,
  "tn": 124,
  "fp": 20,
  "fn": 32,
  "tp": 109,
  "feature_set": "emb16",
  "target": "base_wrong",
  "model": "extra_d3_l8",
  "objective": "accuracy",
  "routed_n": 5,
  "routed_frac": 0.017543859649122806,
  "routed_acc": 0.0,
  "pass_n": 280,
  "pass_frac": 0.9824561403508771,
  "pass_acc": 0.8321428571428572,
  "rescue_n": 0,
  "hurt_n": 5,
  "net_rescue": -5
}