{
  "accuracy": 0.8140350877192982,
  "balanced_accuracy": 0.8138297872340425,
  "auc": 0.8123029944838456,
  "f1": 0.8086642599277978,
  "sensitivity": 0.7943262411347518,
  "specificity": 0.8333333333333334,
  "tn": 120,
  "fp": 24,
  "fn": 29,
  "tp": 112,
  "feature_set": "numeric_emb16",
  "target": "switch_gain",
  "model": "rf_d3_l8",
  "objective": "accuracy",
  "routed_n": 10,
  "routed_frac": 0.03508771929824561,
  "routed_acc": 0.2,
  "pass_n": 275,
  "pass_frac": 0.9649122807017544,
  "pass_acc": 0.8363636363636363,
  "rescue_n": 2,
  "hurt_n": 8,
  "net_rescue": -6
}