{
  "experiment": "Task7 DINOv3 frozen whole+crop feature development CV",
  "data_boundary": "Only old batch1+batch2 and third-batch development data are used. Strict external folder is not read.",
  "n_old": 285,
  "n_third": 306,
  "feature_shape_old": [
    285,
    1024
  ],
  "feature_shape_third": [
    306,
    1024
  ],
  "selected": {
    "feature_model": "vit_large_patch16_dinov3.lvd1689m",
    "global_pool": "token",
    "input_variant": "crop",
    "image_size": 352,
    "estimator": "logreg_bal_c0.003",
    "weight_mode": "domain_label_third_up",
    "objective": "balanced_accuracy",
    "all_threshold": 0.44499999999999995,
    "all_accuracy": 0.6666666666666666,
    "all_balanced_accuracy": 0.6961152271397933,
    "all_f1": 0.6488413547237076,
    "all_tn": 212,
    "all_fp": 156,
    "all_fn": 41,
    "all_tp": 182,
    "all_sensitivity_high": 0.8161434977578476,
    "all_specificity_low": 0.5760869565217391,
    "all_auc": 0.7543258919867422,
    "old_threshold": 0.44499999999999995,
    "old_accuracy": 0.6736842105263158,
    "old_balanced_accuracy": 0.675531914893617,
    "old_f1": 0.7207207207207207,
    "old_tn": 72,
    "old_fp": 72,
    "old_fn": 21,
    "old_tp": 120,
    "old_sensitivity_high": 0.851063829787234,
    "old_specificity_low": 0.5,
    "old_auc": 0.7160657998423955,
    "third_threshold": 0.44499999999999995,
    "third_accuracy": 0.6601307189542484,
    "third_balanced_accuracy": 0.6905487804878049,
    "third_f1": 0.543859649122807,
    "third_tn": 140,
    "third_fp": 84,
    "third_fn": 20,
    "third_tp": 62,
    "third_sensitivity_high": 0.7560975609756098,
    "third_specificity_low": 0.625,
    "third_auc": 0.7626306620209059,
    "selection_score": 0.45027140503685503,
    "old_guard_090": false,
    "old_guard_092": false
  },
  "top10": [
    {
      "feature_model": "vit_large_patch16_dinov3.lvd1689m",
      "global_pool": "token",
      "input_variant": "crop",
      "image_size": 352,
      "estimator": "logreg_bal_c0.003",
      "weight_mode": "domain_label_third_up",
      "objective": "balanced_accuracy",
      "all_threshold": 0.44499999999999995,
      "all_accuracy": 0.6666666666666666,
      "all_balanced_accuracy": 0.6961152271397933,
      "all_f1": 0.6488413547237076,
      "all_tn": 212,
      "all_fp": 156,
      "all_fn": 41,
      "all_tp": 182,
      "all_sensitivity_high": 0.8161434977578476,
      "all_specificity_low": 0.5760869565217391,
      "all_auc": 0.7543258919867422,
      "old_threshold": 0.44499999999999995,
      "old_accuracy": 0.6736842105263158,
      "old_balanced_accuracy": 0.675531914893617,
      "old_f1": 0.7207207207207207,
      "old_tn": 72,
      "old_fp": 72,
      "old_fn": 21,
      "old_tp": 120,
      "old_sensitivity_high": 0.851063829787234,
      "old_specificity_low": 0.5,
      "old_auc": 0.7160657998423955,
      "third_threshold": 0.44499999999999995,
      "third_accuracy": 0.6601307189542484,
      "third_balanced_accuracy": 0.6905487804878049,
      "third_f1": 0.543859649122807,
      "third_tn": 140,
      "third_fp": 84,
      "third_fn": 20,
      "third_tp": 62,
      "third_sensitivity_high": 0.7560975609756098,
      "third_specificity_low": 0.625,
      "third_auc": 0.7626306620209059,
      "selection_score": 0.45027140503685503,
      "old_guard_090": false,
      "old_guard_092": false
    },
    {
      "feature_model": "vit_large_patch16_dinov3.lvd1689m",
      "global_pool": "token",
      "input_variant": "crop",
      "image_size": 352,
      "estimator": "logreg_bal_c0.003",
      "weight_mode": "domain_label_third_up",
      "objective": "high_sensitivity",
      "all_threshold": 0.44499999999999995,
      "all_accuracy": 0.6666666666666666,
      "all_balanced_accuracy": 0.6961152271397933,
      "all_f1": 0.6488413547237076,
      "all_tn": 212,
      "all_fp": 156,
      "all_fn": 41,
      "all_tp": 182,
      "all_sensitivity_high": 0.8161434977578476,
      "all_specificity_low": 0.5760869565217391,
      "all_auc": 0.7543258919867422,
      "old_threshold": 0.44499999999999995,
      "old_accuracy": 0.6736842105263158,
      "old_balanced_accuracy": 0.675531914893617,
      "old_f1": 0.7207207207207207,
      "old_tn": 72,
      "old_fp": 72,
      "old_fn": 21,
      "old_tp": 120,
      "old_sensitivity_high": 0.851063829787234,
      "old_specificity_low": 0.5,
      "old_auc": 0.7160657998423955,
      "third_threshold": 0.44499999999999995,
      "third_accuracy": 0.6601307189542484,
      "third_balanced_accuracy": 0.6905487804878049,
      "third_f1": 0.543859649122807,
      "third_tn": 140,
      "third_fp": 84,
      "third_fn": 20,
      "third_tp": 62,
      "third_sensitivity_high": 0.7560975609756098,
      "third_specificity_low": 0.625,
      "third_auc": 0.7626306620209059,
      "selection_score": 0.45027140503685503,
      "old_guard_090": false,
      "old_guard_092": false
    },
    {
      "feature_model": "vit_large_patch16_dinov3.lvd1689m",
      "global_pool": "token",
      "input_variant": "crop",
      "image_size": 352,
      "estimator": "logreg_bal_c0.01",
      "weight_mode": "domain_label_third_up",
      "objective": "balanced_accuracy",
      "all_threshold": 0.36999999999999994,
      "all_accuracy": 0.6632825719120136,
      "all_balanced_accuracy": 0.6986985767206083,
      "all_f1": 0.6539130434782608,
      "all_tn": 204,
      "all_fp": 164,
      "all_fn": 35,
      "all_tp": 188,
      "all_sensitivity_high": 0.8430493273542601,
      "all_specificity_low": 0.5543478260869565,
      "all_auc": 0.7517181711834666,
      "old_threshold": 0.36999999999999994,
      "old_accuracy": 0.6701754385964912,
      "old_balanced_accuracy": 0.6722074468085106,
      "old_f1": 0.7218934911242604,
      "old_tn": 69,
      "old_fp": 75,
      "old_fn": 19,
      "old_tp": 122,
      "old_sensitivity_high": 0.8652482269503546,
      "old_specificity_low": 0.4791666666666667,
      "old_auc": 0.7192671394799054,
      "third_threshold": 0.36999999999999994,
      "third_accuracy": 0.6568627450980392,
      "third_balanced_accuracy": 0.7037783101045296,
      "third_f1": 0.5569620253164557,
      "third_tn": 135,
      "third_fp": 89,
      "third_fn": 16,
      "third_tp": 66,
      "third_sensitivity_high": 0.8048780487804879,
      "third_specificity_low": 0.6026785714285714,
      "third_auc": 0.759581881533101,
      "selection_score": 0.4483788024093094,
      "old_guard_090": false,
      "old_guard_092": false
    },
    {
      "feature_model": "vit_large_patch16_dinov3.lvd1689m",
      "global_pool": "token",
      "input_variant": "crop",
      "image_size": 352,
      "estimator": "logreg_bal_c0.01",
      "weight_mode": "domain_label_third_up",
      "objective": "high_sensitivity",
      "all_threshold": 0.36999999999999994,
      "all_accuracy": 0.6632825719120136,
      "all_balanced_accuracy": 0.6986985767206083,
      "all_f1": 0.6539130434782608,
      "all_tn": 204,
      "all_fp": 164,
      "all_fn": 35,
      "all_tp": 188,
      "all_sensitivity_high": 0.8430493273542601,
      "all_specificity_low": 0.5543478260869565,
      "all_auc": 0.7517181711834666,
      "old_threshold": 0.36999999999999994,
      "old_accuracy": 0.6701754385964912,
      "old_balanced_accuracy": 0.6722074468085106,
      "old_f1": 0.7218934911242604,
      "old_tn": 69,
      "old_fp": 75,
      "old_fn": 19,
      "old_tp": 122,
      "old_sensitivity_high": 0.8652482269503546,
      "old_specificity_low": 0.4791666666666667,
      "old_auc": 0.7192671394799054,
      "third_threshold": 0.36999999999999994,
      "third_accuracy": 0.6568627450980392,
      "third_balanced_accuracy": 0.7037783101045296,
      "third_f1": 0.5569620253164557,
      "third_tn": 135,
      "third_fp": 89,
      "third_fn": 16,
      "third_tp": 66,
      "third_sensitivity_high": 0.8048780487804879,
      "third_specificity_low": 0.6026785714285714,
      "third_auc": 0.759581881533101,