{
  "boundary": {
    "uses_external_labels_for_training": false,
    "uses_external_images_unlabeled_for_alignment_weighting_or_pseudo_labels": true,
    "note": "External labels are used only for metric reporting and experiment diagnostics."
  },
  "old_n": 285,
  "external_n": 108,
  "strict_n": 105,
  "best_row": {
    "align": "diag",
    "pca_components": 32,
    "pca_explained": 0.6356857419013977,
    "model": "svc_c1",
    "weighting": "none",
    "pseudo": "none",
    "threshold_objective": "balanced_accuracy",
    "old_cv_threshold": 0.4499999999999999,
    "old_cv_threshold_score": 0.6606826241134751,
    "old_accuracy": 0.6596491228070176,
    "old_balanced_accuracy": 0.6606826241134751,
    "old_f1": 0.6881028938906752,
    "old_tn": 81,
    "old_fp": 63,
    "old_fn": 34,
    "old_tp": 107,
    "old_auc": 0.7069050433412136,
    "all_accuracy": 0.6111111111111112,
    "all_balanced_accuracy": 0.6215556330659227,
    "all_f1": 0.6111111111111112,
    "all_tn": 33,
    "all_fp": 28,
    "all_fn": 14,
    "all_tp": 33,
    "all_auc": 0.6170212765957447,
    "strict_accuracy": 0.6095238095238096,
    "strict_balanced_accuracy": 0.6183052090975789,
    "strict_f1": 0.616822429906542,
    "strict_tn": 31,
    "strict_fp": 27,
    "strict_fn": 14,
    "strict_tp": 33,
    "strict_auc": 0.6128026412325752
  }
}