{
  "accuracy": 0.8175438596491228,
  "balanced_accuracy": 0.8173758865248227,
  "auc": 0.809938928289992,
  "f1": 0.8129496402877698,
  "sensitivity": 0.8014184397163121,
  "specificity": 0.8333333333333334,
  "tn": 120,
  "fp": 24,
  "fn": 28,
  "tp": 113,
  "feature_set": "emb16",
  "target": "base_wrong",
  "model": "gb_d1",
  "objective": "accuracy",
  "routed_n": 13,
  "routed_frac": 0.0456140350877193,
  "routed_acc": 0.3076923076923077,
  "pass_n": 272,
  "pass_frac": 0.9543859649122807,
  "pass_acc": 0.8419117647058824,
  "rescue_n": 4,
  "hurt_n": 9,
  "net_rescue": -5
}