{
  "accuracy": 0.8105263157894737,
  "balanced_accuracy": 0.8102098108747045,
  "auc": 0.8090031520882585,
  "f1": 0.8029197080291971,
  "sensitivity": 0.7801418439716312,
  "specificity": 0.8402777777777778,
  "tn": 121,
  "fp": 23,
  "fn": 31,
  "tp": 110,
  "feature_set": "emb16",
  "target": "switch_gain",
  "model": "gb_d1",
  "objective": "accuracy",
  "routed_n": 9,
  "routed_frac": 0.031578947368421054,
  "routed_acc": 0.1111111111111111,
  "pass_n": 276,
  "pass_frac": 0.968421052631579,
  "pass_acc": 0.8333333333333334,
  "rescue_n": 1,
  "hurt_n": 8,
  "net_rescue": -7
}