{
  "accuracy": 0.8280701754385965,
  "balanced_accuracy": 0.8277186761229315,
  "auc": 0.8279649330181246,
  "f1": 0.8205128205128205,
  "sensitivity": 0.7943262411347518,
  "specificity": 0.8611111111111112,
  "tn": 124,
  "fp": 20,
  "fn": 29,
  "tp": 112,
  "feature_set": "emb16",
  "target": "base_wrong",
  "model": "rf_d3_l8",
  "objective": "accuracy",
  "routed_n": 2,
  "routed_frac": 0.007017543859649123,
  "routed_acc": 0.0,
  "pass_n": 283,
  "pass_frac": 0.9929824561403509,
  "pass_acc": 0.833922261484099,
  "rescue_n": 0,
  "hurt_n": 2,
  "net_rescue": -2
}