{
  "accuracy": 0.8280701754385965,
  "balanced_accuracy": 0.8277925531914894,
  "auc": 0.8250098502758076,
  "f1": 0.8218181818181818,
  "sensitivity": 0.8014184397163121,
  "specificity": 0.8541666666666666,
  "tn": 123,
  "fp": 21,
  "fn": 28,
  "tp": 113,
  "feature_set": "numeric_emb8",
  "target": "hard_core",
  "model": "gb_d1",
  "objective": "accuracy",
  "routed_n": 2,
  "routed_frac": 0.007017543859649123,
  "routed_acc": 0.0,
  "pass_n": 283,
  "pass_frac": 0.9929824561403509,
  "pass_acc": 0.833922261484099,
  "rescue_n": 0,
  "hurt_n": 2,
  "net_rescue": -2
}