{
  "accuracy": 0.8140350877192982,
  "balanced_accuracy": 0.8137559101654847,
  "auc": 0.8123522458628842,
  "f1": 0.8072727272727273,
  "sensitivity": 0.7872340425531915,
  "specificity": 0.8402777777777778,
  "tn": 121,
  "fp": 23,
  "fn": 30,
  "tp": 111,
  "feature_set": "numeric",
  "target": "switch_gain",
  "model": "rf_d3_l8",
  "objective": "accuracy",
  "routed_n": 10,
  "routed_frac": 0.03508771929824561,
  "routed_acc": 0.2,
  "pass_n": 275,
  "pass_frac": 0.9649122807017544,
  "pass_acc": 0.8363636363636363,
  "rescue_n": 2,
  "hurt_n": 8,
  "net_rescue": -6
}