{
  "accuracy": 0.8210526315789474,
  "balanced_accuracy": 0.820774231678487,
  "auc": 0.8193951930654059,
  "f1": 0.8145454545454546,
  "sensitivity": 0.7943262411347518,
  "specificity": 0.8472222222222222,
  "tn": 122,
  "fp": 22,
  "fn": 29,
  "tp": 112,
  "feature_set": "numeric_emb8",
  "target": "switch_gain",
  "model": "rf_d3_l8",
  "objective": "accuracy",
  "routed_n": 6,
  "routed_frac": 0.021052631578947368,
  "routed_acc": 0.16666666666666666,
  "pass_n": 279,
  "pass_frac": 0.9789473684210527,
  "pass_acc": 0.8351254480286738,
  "rescue_n": 1,
  "hurt_n": 5,
  "net_rescue": -4
}