{
  "experiment": "Task7 unified old+third frozen-feature development CV",
  "data_boundary": "Old data and third batch are used as development data. Locked external folder 胸腺瘤+癌 is not read or used.",
  "n_old": 285,
  "n_third": 306,
  "n_variants": 4,
  "n_candidates": 144,
  "selected": {
    "variant": "crop",
    "model": "logreg_bal_c0.03",
    "weight_mode": "none",
    "objective": "high_sens80",
    "all_threshold": 0.38999999999999996,
    "all_accuracy": 0.622673434856176,
    "all_balanced_accuracy": 0.6563718561123026,
    "all_f1": 0.6135181975736569,
    "all_tn": 191,
    "all_fp": 177,
    "all_fn": 46,
    "all_tp": 177,
    "all_sensitivity_high": 0.7937219730941704,
    "all_specificity_low": 0.5190217391304348,
    "all_auc": 0.7269082667186586,
    "old_threshold": 0.38999999999999996,
    "old_accuracy": 0.6596491228070176,
    "old_balanced_accuracy": 0.6614213947990544,
    "old_f1": 0.7069486404833837,
    "old_tn": 71,
    "old_fp": 73,
    "old_fn": 24,
    "old_tp": 117,
    "old_sensitivity_high": 0.8297872340425532,
    "old_specificity_low": 0.4930555555555556,
    "old_auc": 0.7235520094562647,
    "third_threshold": 0.38999999999999996,
    "third_accuracy": 0.5882352941176471,
    "third_balanced_accuracy": 0.6337108013937283,
    "third_f1": 0.4878048780487805,
    "third_tn": 120,
    "third_fp": 104,
    "third_fn": 22,
    "third_tp": 60,
    "third_sensitivity_high": 0.7317073170731707,
    "third_specificity_low": 0.5357142857142857,
    "third_auc": 0.7082425958188154,
    "selection_score": 0.4177656650497854,
    "old_guard_090": false
  },
  "top10": [
    {
      "variant": "crop",
      "model": "logreg_bal_c0.03",
      "weight_mode": "none",
      "objective": "high_sens80",
      "all_threshold": 0.38999999999999996,
      "all_accuracy": 0.622673434856176,
      "all_balanced_accuracy": 0.6563718561123026,
      "all_f1": 0.6135181975736569,
      "all_tn": 191,
      "all_fp": 177,
      "all_fn": 46,
      "all_tp": 177,
      "all_sensitivity_high": 0.7937219730941704,
      "all_specificity_low": 0.5190217391304348,
      "all_auc": 0.7269082667186586,
      "old_threshold": 0.38999999999999996,
      "old_accuracy": 0.6596491228070176,
      "old_balanced_accuracy": 0.6614213947990544,
      "old_f1": 0.7069486404833837,
      "old_tn": 71,
      "old_fp": 73,
      "old_fn": 24,
      "old_tp": 117,
      "old_sensitivity_high": 0.8297872340425532,
      "old_specificity_low": 0.4930555555555556,
      "old_auc": 0.7235520094562647,
      "third_threshold": 0.38999999999999996,
      "third_accuracy": 0.5882352941176471,
      "third_balanced_accuracy": 0.6337108013937283,
      "third_f1": 0.4878048780487805,
      "third_tn": 120,
      "third_fp": 104,
      "third_fn": 22,
      "third_tp": 60,
      "third_sensitivity_high": 0.7317073170731707,
      "third_specificity_low": 0.5357142857142857,
      "third_auc": 0.7082425958188154,
      "selection_score": 0.4177656650497854,
      "old_guard_090": false
    },
    {
      "variant": "crop",
      "model": "logreg_bal_c0.03",
      "weight_mode": "domain_label",
      "objective": "high_sens80",
      "all_threshold": 0.38999999999999996,
      "all_accuracy": 0.622673434856176,
      "all_balanced_accuracy": 0.6563718561123026,
      "all_f1": 0.6135181975736569,
      "all_tn": 191,
      "all_fp": 177,
      "all_fn": 46,
      "all_tp": 177,
      "all_sensitivity_high": 0.7937219730941704,
      "all_specificity_low": 0.5190217391304348,
      "all_auc": 0.7267620393838956,
      "old_threshold": 0.38999999999999996,
      "old_accuracy": 0.656140350877193,
      "old_balanced_accuracy": 0.6579491725768322,
      "old_f1": 0.7048192771084337,
      "old_tn": 70,
      "old_fp": 74,
      "old_fn": 24,
      "old_tp": 117,
      "old_sensitivity_high": 0.8297872340425532,
      "old_specificity_low": 0.4861111111111111,
      "old_auc": 0.7246355397951143,
      "third_threshold": 0.38999999999999996,
      "third_accuracy": 0.5915032679738562,
      "third_balanced_accuracy": 0.6359429442508711,
      "third_f1": 0.4897959183673469,
      "third_tn": 121,
      "third_fp": 103,
      "third_fn": 22,
      "third_tp": 60,
      "third_sensitivity_high": 0.7317073170731707,
      "third_specificity_low": 0.5401785714285714,
      "third_auc": 0.7059560104529616,
      "selection_score": 0.41383670969571384,
      "old_guard_090": false
    },
    {
      "variant": "crop",
      "model": "logreg_plain_c0.01",
      "weight_mode": "none",
      "objective": "high_sens80",
      "all_threshold": 0.39499999999999996,
      "all_accuracy": 0.626057529610829,
      "all_balanced_accuracy": 0.6573223337882628,
      "all_f1": 0.6129597197898424,
      "all_tn": 195,
      "all_fp": 173,
      "all_fn": 48,
      "all_tp": 175,
      "all_sensitivity_high": 0.7847533632286996,
      "all_specificity_low": 0.529891304347826,
      "all_auc": 0.7296378436342367,
      "old_threshold": 0.39499999999999996,
      "old_accuracy": 0.6526315789473685,
      "old_balanced_accuracy": 0.6542553191489362,
      "old_f1": 0.6972477064220184,
      "old_tn": 72,
      "old_fp": 72,
      "old_fn": 27,
      "old_tp": 114,
      "old_sensitivity_high": 0.8085106382978723,
      "old_specificity_low": 0.5,
      "old_auc": 0.7284278959810875,
      "third_threshold": 0.39499999999999996,
      "third_accuracy": 0.6013071895424836,
      "third_balanced_accuracy": 0.6465047909407666,
      "third_f1": 0.5,
      "third_tn": 123,
      "third_fp": 101,
      "third_fn": 21,
      "third_tp": 61,
      "third_sensitivity_high": 0.7439024390243902,
      "third_specificity_low": 0.5491071428571429,
      "third_auc": 0.7079159407665505,
      "selection_score": 0.4136473656722497,
      "old_guard_090": false
    },
    {
      "variant": "wpc_stats",
      "model": "logreg_plain_c0.003",
      "weight_mode": "domain_label",
      "objective": "high_sens80",
      "all_threshold": 0.4799999999999999,
      "all_accuracy": 0.6294416243654822,
      "all_balanced_accuracy": 0.6582728114642231,
      "all_f1": 0.6123893805309735,
      "all_tn": 199,
      "all_fp": 169,
      "all_fn": 50,
      "all_tp": 173,
      "all_sensitivity_high": 0.7757847533632287,
      "all_specificity_low": 0.5407608695652174,
      "all_auc": 0.7261771300448431,
      "old_threshold": 0.4799999999999999,
      "old_accuracy": 0.6526315789473685,
      "old_balanced_accuracy": 0.6543291962174941,
      "old_f1": 0.6990881458966566,
      "old_tn": 71,
      "old_fp": 73,
      "old_fn": 26,
      "old_tp": 115,
      "old_sensitivity_high": 0.8156028368794326,
      "old_specificity_low": 0.4930555555555556,
      "old_auc": 0.7411347517730497,
      "third_threshold": 0.4799999999999999,
      "third_accuracy": 0.6078431372549019,
      "third_balanced_accuracy": 0.6393728222996515,
      "third_f1": 0.4915254237288136,
      "third_tn": 128,
      "third_fp": 96,
      "third_fn": 24,
      "third_tp": 58,
      "third_sensitivity_high": 0.7073170731707317,
      "third_specificity_low": 0.5714285714285714,
      "third_auc": 0.6799869337979094,
      "selection_score": 0.4128371277429662,
      "old_guard_090": false
    },
    {
      "variant": "crop",
      "model": "logreg_plain_c0.03",
      "weight_mode": "domain_label",
      "objective": "high_sens80",
      "all_threshold": 0.38999999999999996,
      "all_accuracy": 0.6209813874788495,
      "all_balanced_accuracy": 0.6550131604601286,
      "all_f1": 0.6124567474048442,
      "all_tn": 190,
      "all_fp": 178,
      "all_fn": 46,
      "all_tp": 177,
      "all_sensitivity_high": 0.7937219730941704,
      "all_specificity_low": 0.5163043478260869,
      "all_auc": 0.7267011113277442,
      "old_threshold": 0.38999999999999996,
      "old_accuracy": 0.656140350877193,
      "old_balanced_accuracy": 0.6579491725768322,
      "old_f1": 0.7048192771084337,
      "old_tn": 70,
      "old_fp": 74,
      "old_fn": 24,