task_l6_label,n,correct,accuracy,routed
AB,188,156,0.8297872340425532,51
B1,8,2,0.25,4
B2,7,3,0.42857142857142855,2
TC,31,19,0.6129032258064516,13
