{
  "accuracy": 0.743859649122807,
  "balanced_accuracy": 0.7437943262411347,
  "auc": 0.8160460992907801,
  "ap": 0.8172699854757589,
  "f1": 0.7402135231316725,
  "precision": 0.7428571428571429,
  "recall": 0.7375886524822695,
  "tn": 108,
  "fp": 36,
  "fn": 37,
  "tp": 104
}