{
  "accuracy": 0.8245614035087719,
  "balanced_accuracy": 0.8240986997635934,
  "auc": 0.8153565799842395,
  "f1": 0.8148148148148148,
  "sensitivity": 0.7801418439716312,
  "specificity": 0.8680555555555556,
  "tn": 125,
  "fp": 19,
  "fn": 31,
  "tp": 110,
  "feature_set": "numeric",
  "target": "switch_gain",
  "model": "extra_d3_l8",
  "objective": "accuracy",
  "routed_n": 5,
  "routed_frac": 0.017543859649122806,
  "routed_acc": 0.2,
  "pass_n": 280,
  "pass_frac": 0.9824561403508771,
  "pass_acc": 0.8357142857142857,
  "rescue_n": 1,
  "hurt_n": 4,
  "net_rescue": -3
}