{
  "accuracy": 0.8140350877192982,
  "balanced_accuracy": 0.8140514184397163,
  "auc": 0.8406225374310481,
  "sensitivity": 0.8156028368794326,
  "specificity": 0.8125,
  "tn": 117,
  "fp": 27,
  "fn": 26,
  "tp": 115,
  "base_accuracy": 0.7684210526315789,
  "base_balanced_accuracy": 0.7684692671394799,
  "score": "review_score_hybrid_max_allrange_fn",
  "recall_target": 0.6,
  "model": "hgb_leaf5_l20.05",
  "train_scope": "flag_train",
  "feature_set": "raw_plus_review_gross",
  "pass_n": 159,
  "pass_frac": 0.5578947368421052,
  "pass_acc": 0.8616352201257862,
  "hardlike_n": 126,
  "hard_recall": 0.6153846153846154,
  "hard_precision": 0.3174603174603174,
  "hard_base_acc": 0.2769230769230769,
  "hard_final_acc": 0.5076923076923077,
  "rescued": 22,
  "hurt": 9,
  "rescued_hard": 15,
  "hurt_hard": 0
}