{
  "accuracy": 0.8245614035087719,
  "balanced_accuracy": 0.8240986997635934,
  "auc": 0.8122537431048069,
  "f1": 0.8148148148148148,
  "sensitivity": 0.7801418439716312,
  "specificity": 0.8680555555555556,
  "tn": 125,
  "fp": 19,
  "fn": 31,
  "tp": 110,
  "feature_set": "emb16",
  "target": "hard_core",
  "model": "extra_d3_l8",
  "objective": "accuracy",
  "routed_n": 7,
  "routed_frac": 0.02456140350877193,
  "routed_acc": 0.2857142857142857,
  "pass_n": 278,
  "pass_frac": 0.9754385964912281,
  "pass_acc": 0.8381294964028777,
  "rescue_n": 2,
  "hurt_n": 5,
  "net_rescue": -3
}