{
  "boundary": {
    "third_batch_is_external_only": true,
    "no_doctor_gross_text": true,
    "no_case_id_lookup": true,
    "note": "The exact original No.64 candidate checkpoints were unavailable, so this is a frozen 64-style retraining on old 285 with third batch used only once for external scoring."
  },
  "old_data_n": 285,
  "third_data_n": 306,
  "third_distribution": {
    "AB": 212,
    "B1": 12,
    "B2": 29,
    "TC": 53
  },
  "old_oof_selected_base": {
    "accuracy": 0.7368421052631579,
    "balanced_accuracy": 0.7372931442080378,
    "f1": 0.7457627118644068,
    "tn": 100,
    "fp": 44,
    "fn": 31,
    "tp": 110,
    "auc": 0.7622143420015761,
    "base_name": "extra_d7_l2",
    "threshold": 0.48999999999999994,
    "kind": "single"
  },
  "old_oof_selected_policy": {
    "accuracy": 0.7543859649122807,
    "balanced_accuracy": 0.7546542553191489,
    "f1": 0.7586206896551724,
    "tn": 105,
    "fp": 39,
    "fn": 31,
    "tp": 110,
    "auc": 0.7625098502758078,
    "route_name": "hard_core_dino_model_route_extra_d3",
    "route_threshold": 0.5152063478649327,
    "budget_pct": 5,
    "corrector": "model_all_corr_extra_d3",
    "corrector_threshold": 0.6,
    "routed_n": 14,
    "routed_pct": 0.04912280701754386,
    "pass_n": 271,
    "pass_acc": 0.7527675276752768,
    "routed_acc": 0.7857142857142857,
    "hard_core_routed": 3,
    "rescue_n": 5,
    "hurt_n": 0,
    "net_rescue": 5
  },
  "third_external_base_metrics": {
    "accuracy": 0.7124183006535948,
    "balanced_accuracy": 0.6760126306620209,
    "f1": 0.5268817204301075,
    "tn": 169,
    "fp": 55,
    "fn": 33,
    "tp": 49,
    "auc": 0.7054115853658536
  },
  "third_external_final_metrics": {
    "accuracy": 0.7124183006535948,
    "balanced_accuracy": 0.6760126306620209,
    "f1": 0.5268817204301075,
    "tn": 169,
    "fp": 55,
    "fn": 33,
    "tp": 49,
    "auc": 0.7069359756097562,
    "routed_n": 1,
    "routed_pct": 0.0032679738562091504,
    "pass_n": 305,
    "pass_acc": 0.7114754098360656,
    "routed_acc": 1.0,
    "base_accuracy": 0.7124183006535948,
    "base_balanced_accuracy": 0.6760126306620209,
    "base_f1": 0.5268817204301075,
    "selected_base": {
      "accuracy": 0.7368421052631579,
      "balanced_accuracy": 0.7372931442080378,
      "f1": 0.7457627118644068,
      "tn": 100,
      "fp": 44,
      "fn": 31,
      "tp": 110,
      "auc": 0.7622143420015761,
      "base_name": "extra_d7_l2",
      "threshold": 0.48999999999999994,
      "kind": "single"
    },
    "selected_old_oof_policy": {
      "accuracy": 0.7543859649122807,
      "balanced_accuracy": 0.7546542553191489,
      "f1": 0.7586206896551724,
      "tn": 105,
      "fp": 39,
      "fn": 31,
      "tp": 110,
      "auc": 0.7625098502758078,
      "route_name": "hard_core_dino_model_route_extra_d3",
      "route_threshold": 0.5152063478649327,
      "budget_pct": 5,
      "corrector": "model_all_corr_extra_d3",
      "corrector_threshold": 0.6,
      "routed_n": 14,
      "routed_pct": 0.04912280701754386,
      "pass_n": 271,
      "pass_acc": 0.7527675276752768,
      "routed_acc": 0.7857142857142857,
      "hard_core_routed": 3,
      "rescue_n": 5,
      "hurt_n": 0,
      "net_rescue": 5
    }
  }
}