{
  "accuracy": 0.8175438596491228,
  "balanced_accuracy": 0.8173020094562649,
  "auc": 0.8194444444444444,
  "f1": 0.8115942028985508,
  "sensitivity": 0.7943262411347518,
  "specificity": 0.8402777777777778,
  "tn": 121,
  "fp": 23,
  "fn": 29,
  "tp": 112,
  "feature_set": "numeric_emb8",
  "target": "switch_gain",
  "model": "logreg_c03",
  "objective": "accuracy",
  "routed_n": 7,
  "routed_frac": 0.02456140350877193,
  "routed_acc": 0.14285714285714285,
  "pass_n": 278,
  "pass_frac": 0.9754385964912281,
  "pass_acc": 0.8345323741007195,
  "rescue_n": 1,
  "hurt_n": 6,
  "net_rescue": -5
}