{
  "accuracy": 0.8350877192982457,
  "balanced_accuracy": 0.8347369976359338,
  "auc": 0.8342198581560283,
  "f1": 0.8278388278388278,
  "sensitivity": 0.8014184397163121,
  "specificity": 0.8680555555555556,
  "tn": 125,
  "fp": 19,
  "fn": 28,
  "tp": 113,
  "feature_set": "numeric",
  "target": "switch_gain",
  "model": "gb_d1",
  "objective": "accuracy",
  "routed_n": 2,
  "routed_frac": 0.007017543859649123,
  "routed_acc": 0.5,
  "pass_n": 283,
  "pass_frac": 0.9929824561403509,
  "pass_acc": 0.8374558303886925,
  "rescue_n": 1,
  "hurt_n": 1,
  "net_rescue": 0
}