{
  "accuracy": 0.3368421052631579,
  "balanced_accuracy": 0.3372488179669031,
  "auc": 0.36465721040189125,
  "ap": 0.4293679451683227,
  "f1": 0.3593220338983051,
  "precision": 0.34415584415584416,
  "recall": 0.375886524822695,
  "tn": 43,
  "fp": 101,
  "fn": 88,
  "tp": 53
}