{
  "accuracy": 0.8315789473684211,
  "balanced_accuracy": 0.8311908983451537,
  "auc": 0.8319542947202523,
  "f1": 0.8235294117647058,
  "sensitivity": 0.7943262411347518,
  "specificity": 0.8680555555555556,
  "tn": 125,
  "fp": 19,
  "fn": 29,
  "tp": 112,
  "feature_set": "numeric_emb16",
  "target": "base_wrong",
  "model": "gb_d1",
  "objective": "accuracy",
  "routed_n": 3,
  "routed_frac": 0.010526315789473684,
  "routed_acc": 0.3333333333333333,
  "pass_n": 282,
  "pass_frac": 0.9894736842105263,
  "pass_acc": 0.8368794326241135,
  "rescue_n": 1,
  "hurt_n": 2,
  "net_rescue": -1
}