{
  "accuracy": 0.8175438596491228,
  "balanced_accuracy": 0.8175975177304964,
  "auc": 0.8203802206461781,
  "f1": 0.8169014084507042,
  "sensitivity": 0.8226950354609929,
  "specificity": 0.8125,
  "tn": 117,
  "fp": 27,
  "fn": 25,
  "tp": 116,
  "feature_set": "emb16",
  "target": "switch_gain",
  "model": "logreg_c01",
  "objective": "accuracy",
  "routed_n": 9,
  "routed_frac": 0.031578947368421054,
  "routed_acc": 0.2222222222222222,
  "pass_n": 276,
  "pass_frac": 0.968421052631579,
  "pass_acc": 0.8369565217391305,
  "rescue_n": 2,
  "hurt_n": 7,
  "net_rescue": -5
}