{
  "accuracy": 0.6842105263157895,
  "balanced_accuracy": 0.6831412529550827,
  "auc": 0.7350275807722616,
  "f1": 0.6456692913385826,
  "sensitivity": 0.5815602836879432,
  "specificity": 0.7847222222222222,
  "tn": 113,
  "fp": 31,
  "fn": 59,
  "tp": 82,
  "config": "gross_text_only_ng25_mindf1__balanced_accuracy",
  "use_text": true,
  "use_numeric": false,
  "ngram_range": "(2, 5)",
  "min_df": 1,
  "objective": "balanced_accuracy"
}