{
  "accuracy": 0.8350877192982457,
  "balanced_accuracy": 0.8348108747044918,
  "auc": 0.8359436564223799,
  "ap": 0.8366116371964039,
  "f1": 0.8290909090909091,
  "precision": 0.8507462686567164,
  "recall": 0.8085106382978723,
  "tn": 124,
  "fp": 20,
  "fn": 27,
  "tp": 114
}