{
  "selection_uses_third_holdout": false,
  "old_n": 285,
  "third_adapt_n": 72,
  "third_holdout_n": 234,
  "selected_policy": {
    "base_name": "adapt_r4_c0.0003",
    "base_threshold": 0.57,
    "route_name": "low_margin",
    "route_threshold": 0.6567177104949948,
    "budget_pct": 30,
    "corrector_name": "adapt_r2_c0.0003",
    "corrector_threshold": 0.53,
    "selection_score": 0.977187391847945,
    "train_accuracy": 0.6778711484593838,
    "train_balanced_accuracy": 0.6812225015713388,
    "train_f1": 0.6546546546546547,
    "train_tn": 133,
    "train_fp": 39,
    "train_fn": 76,
    "train_tp": 109,
    "train_routed_n": 107,
    "train_routed_pct": 0.29971988795518206,
    "train_pass_n": 250,
    "train_pass_acc": 0.688,
    "train_routed_acc": 0.6542056074766355,
    "train_rescue_n": 25,
    "train_hurt_n": 5,
    "train_net_rescue": 20,
    "old_oof_accuracy": 0.6701754385964912,
    "old_oof_balanced_accuracy": 0.6688829787234043,
    "old_oof_f1": 0.6209677419354839,
    "old_oof_tn": 114,
    "old_oof_fp": 30,
    "old_oof_fn": 64,
    "old_oof_tp": 77,
    "old_oof_n": 285,
    "adapt_oof_accuracy": 0.7083333333333334,
    "adapt_oof_balanced_accuracy": 0.702922077922078,
    "adapt_oof_f1": 0.7529411764705882,
    "adapt_oof_tn": 19,
    "adapt_oof_fp": 9,
    "adapt_oof_fn": 12,
    "adapt_oof_tp": 32,
    "adapt_oof_n": 72,
    "holdout_accuracy": 0.7692307692307693,
    "holdout_balanced_accuracy": 0.6925349087003223,
    "holdout_f1": 0.4489795918367347,
    "holdout_tn": 158,
    "holdout_fp": 38,
    "holdout_fn": 16,
    "holdout_tp": 22,
    "holdout_routed_n": 70,
    "holdout_routed_pct": 0.29914529914529914,
    "holdout_pass_n": 164,
    "holdout_pass_acc": 0.8719512195121951,
    "holdout_routed_acc": 0.5285714285714286,
    "holdout_rescue_n": 1,
    "holdout_hurt_n": 14,
    "holdout_net_rescue": -13
  },
  "best_holdout_accuracy_policy_for_reference": {
    "base_name": "oldonly_c0.0003",
    "base_threshold": 0.6,
    "route_name": "mixed_disagreement_margin",
    "route_threshold": 0.39316176578953144,
    "budget_pct": 30,
    "corrector_name": "adapt_r4_c0.0003",
    "corrector_threshold": 0.6,
    "selection_score": 0.7684226702051601,
    "train_accuracy": 0.6246498599439776,
    "train_balanced_accuracy": 0.633752357008171,
    "train_f1": 0.5144927536231884,
    "train_tn": 152,
    "train_fp": 20,
    "train_fn": 114,
    "train_tp": 71,
    "train_routed_n": 107,
    "train_routed_pct": 0.29971988795518206,
    "train_pass_n": 250,
    "train_pass_acc": 0.66,
    "train_routed_acc": 0.5420560747663551,
    "train_rescue_n": 20,
    "train_hurt_n": 16,
    "train_net_rescue": 4,
    "old_oof_accuracy": 0.6456140350877193,
    "old_oof_balanced_accuracy": 0.6430998817966903,
    "old_oof_f1": 0.5302325581395348,
    "old_oof_tn": 127,
    "old_oof_fp": 17,
    "old_oof_fn": 84,
    "old_oof_tp": 57,
    "old_oof_n": 285,
    "adapt_oof_accuracy": 0.5416666666666666,
    "adapt_oof_balanced_accuracy": 0.6055194805194806,
    "adapt_oof_f1": 0.45901639344262296,
    "adapt_oof_tn": 25,
    "adapt_oof_fp": 3,
    "adapt_oof_fn": 30,
    "adapt_oof_tp": 14,
    "adapt_oof_n": 72,
    "holdout_accuracy": 0.8803418803418803,
    "holdout_balanced_accuracy": 0.695220193340494,
    "holdout_f1": 0.5333333333333333,
    "holdout_tn": 190,
    "holdout_fp": 6,
    "holdout_fn": 22,
    "holdout_tp": 16,
    "holdout_routed_n": 28,
    "holdout_routed_pct": 0.11965811965811966,
    "holdout_pass_n": 206,
    "holdout_pass_acc": 0.8883495145631068,
    "holdout_routed_acc": 0.8214285714285714,
    "holdout_rescue_n": 9,
    "holdout_hurt_n": 1,
    "holdout_net_rescue": 8
  },
  "best_holdout_balanced_accuracy_policy_for_reference": {
    "base_name": "adapt_r4_c0.0003",
    "base_threshold": 0.58,
    "route_name": "old_adapt_gap",
    "route_threshold": 0.26199225783348085,
    "budget_pct": 10,
    "corrector_name": "adapt_r4_c0.0003",
    "corrector_threshold": 0.5,
    "selection_score": 0.7171180301368401,
    "train_accuracy": 0.6134453781512605,
    "train_balanced_accuracy": 0.61865179132621,
    "train_f1": 0.5605095541401274,
    "train_tn": 131,
    "train_fp": 41,
    "train_fn": 97,
    "train_tp": 88,
    "train_routed_n": 36,
    "train_routed_pct": 0.10084033613445378,
    "train_pass_n": 321,
    "train_pass_acc": 0.6292834890965732,
    "train_routed_acc": 0.4722222222222222,
    "train_rescue_n": 0,
    "train_hurt_n": 1,
    "train_net_rescue": -1,
    "old_oof_accuracy": 0.624561403508772,
    "old_oof_balanced_accuracy": 0.6229314420803782,
    "old_oof_f1": 0.5523012552301255,
    "old_oof_tn": 112,
    "old_oof_fp": 32,
    "old_oof_fn": 75,
    "old_oof_tp": 66,
    "old_oof_n": 285,
    "adapt_oof_accuracy": 0.5694444444444444,
    "adapt_oof_balanced_accuracy": 0.5892857142857143,
    "adapt_oof_f1": 0.5866666666666667,
    "adapt_oof_tn": 19,
    "adapt_oof_fp": 9,
    "adapt_oof_fn": 22,
    "adapt_oof_tp": 22,
    "adapt_oof_n": 72,
    "holdout_accuracy": 0.8290598290598291,
    "holdout_balanced_accuracy": 0.7600698174006445,
    "holdout_f1": 0.5555555555555556,
    "holdout_tn": 169,
    "holdout_fp": 27,
    "holdout_fn": 13,
    "holdout_tp": 25,
    "holdout_routed_n": 25,
    "holdout_routed_pct": 0.10683760683760683,
    "holdout_pass_n": 209,
    "holdout_pass_acc": 0.8564593301435407,
    "holdout_routed_acc": 0.6,
    "holdout_rescue_n": 3,
    "holdout_hurt_n": 3,
    "holdout_net_rescue": 0
  },
  "holdout_subtype": [
    {
      "task_l6_label": "AB",
      "n": 188,
      "correct": 156,
      "accuracy": 0.8297872340425532,
      "routed": 51
    },
    {
      "task_l6_label": "B1",
      "n": 8,
      "correct": 2,
      "accuracy": 0.25,
      "routed": 4
    },
    {
      "task_l6_label": "B2",
      "n": 7,
      "correct": 3,
      "accuracy": 0.42857142857142855,
      "routed": 2
    },
    {
      "task_l6_label": "TC",
      "n": 31,
      "correct": 19,
      "accuracy": 0.6129032258064516,
      "routed": 13
    }
  ],
  "output_dir": "D:\\影响分析\\outputs\\batch1_batch2_task567_20260514\\task7_adaptation_runs\\13_unified_two_stage_tiny_policy_20260521"
}