{
  "accuracy": 0.8140350877192982,
  "balanced_accuracy": 0.8137559101654847,
  "auc": 0.8127462568951931,
  "f1": 0.8072727272727273,
  "sensitivity": 0.7872340425531915,
  "specificity": 0.8402777777777778,
  "tn": 121,
  "fp": 23,
  "fn": 30,
  "tp": 111,
  "feature_set": "numeric_emb8",
  "target": "switch_gain",
  "model": "logreg_c01",
  "objective": "accuracy",
  "routed_n": 8,
  "routed_frac": 0.028070175438596492,
  "routed_acc": 0.125,
  "pass_n": 277,
  "pass_frac": 0.9719298245614035,
  "pass_acc": 0.8339350180505415,
  "rescue_n": 1,
  "hurt_n": 7,
  "net_rescue": -6
}