{
  "accuracy": 0.5228070175438596,
  "balanced_accuracy": 0.5197251773049645,
  "auc": 0.4859633569739953,
  "ap": 0.4921731089320563,
  "f1": 0.32,
  "precision": 0.5423728813559322,
  "recall": 0.22695035460992907,
  "tn": 117,
  "fp": 27,
  "fn": 109,
  "tp": 32
}