{
  "protocol": {
    "selection_uses_holdout": false,
    "selection_data": "old OOF + third adapt72 only",
    "holdout_data": "third adapt72 holdout 234 cases",
    "method": "fast meta overlay search over top OOF meta candidates"
  },
  "meta_candidates_used": [
    "logreg_c0.03_aw4",
    "logreg_c0.1_aw1",
    "logreg_c0.3_aw1",
    "logreg_c0.1_aw2"
  ],
  "old_base": {
    "accuracy": 0.9263157894736842,
    "balanced_accuracy": 0.9262706855791962,
    "f1": 0.9252669039145908,
    "tn": 134,
    "fp": 10,
    "fn": 11,
    "tp": 130,
    "auc": 0.9456264775413712
  },
  "adapt_base": {
    "accuracy": 0.6111111111111112,
    "balanced_accuracy": 0.6298701298701299,
    "f1": 0.631578947368421,
    "tn": 20,
    "fp": 8,
    "fn": 20,
    "tp": 24,
    "auc": 0.6006493506493507
  },
  "holdout_base": {
    "accuracy": 0.7435897435897436,
    "balanced_accuracy": 0.7090494092373791,
    "f1": 0.45454545454545453,
    "tn": 149,
    "fp": 47,
    "fn": 13,
    "tp": 25,
    "auc": 0.7360365198711063
  },
  "selected_by_old_plus_adapt": {
    "meta_candidate": "logreg_c0.3_aw1",
    "low_to_high_threshold": 0.55,
    "high_to_low_threshold": 0.45,
    "route_mode": "confidence",
    "threshold_source": "old_adapt",
    "low_to_high_budget_pct": 5,
    "high_to_low_budget_pct": 0,
    "low_to_high_route_threshold": 0.013932322848925649,
    "high_to_low_route_threshold": Infinity,
    "old_accuracy": 0.9228070175438596,
    "old_balanced_accuracy": 0.9228723404255319,
    "old_f1": 0.9225352112676056,
    "old_tn": 132,
    "old_fp": 12,
    "old_fn": 10,
    "old_tp": 131,
    "old_auc": 0.9407013396375099,
    "old_routed_n": 3,
    "old_routed_pct": 0.010526315789473684,
    "old_low_to_high_n": 3,
    "old_high_to_low_n": 0,
    "old_pass_n": 282,
    "old_pass_acc": 0.9290780141843972,
    "old_routed_acc": 0.3333333333333333,
    "old_rescue_n": 1,
    "old_hurt_n": 2,
    "old_net_rescue": -1,
    "adapt_accuracy": 0.6805555555555556,
    "adapt_balanced_accuracy": 0.6607142857142857,
    "adapt_f1": 0.7415730337078652,
    "adapt_tn": 16,
    "adapt_fp": 12,
    "adapt_fn": 11,
    "adapt_tp": 33,
    "adapt_auc": 0.6306818181818181,
    "adapt_routed_n": 13,
    "adapt_routed_pct": 0.18055555555555555,
    "adapt_low_to_high_n": 13,
    "adapt_high_to_low_n": 0,
    "adapt_pass_n": 59,
    "adapt_pass_acc": 0.6779661016949152,
    "adapt_routed_acc": 0.6923076923076923,
    "adapt_rescue_n": 9,
    "adapt_hurt_n": 4,
    "adapt_net_rescue": 5,
    "holdout_accuracy": 0.7094017094017094,
    "holdout_balanced_accuracy": 0.6992481203007519,
    "holdout_f1": 0.43333333333333335,
    "holdout_tn": 140,
    "holdout_fp": 56,
    "holdout_fn": 12,
    "holdout_tp": 26,
    "holdout_auc": 0.7138829215896885,
    "holdout_routed_n": 10,
    "holdout_routed_pct": 0.042735042735042736,
    "holdout_low_to_high_n": 10,
    "holdout_high_to_low_n": 0,
    "holdout_pass_n": 224,
    "holdout_pass_acc": 0.7366071428571429,
    "holdout_routed_acc": 0.1,
    "holdout_rescue_n": 1,
    "holdout_hurt_n": 9,
    "holdout_net_rescue": -8,
    "old_guard_092": true,
    "adapt_tp_preserved": true,
    "holdout_tp_preserved": true,
    "adapt_acc_gain": 0.06944444444444442,
    "adapt_bacc_gain": 0.030844155844155785,
    "holdout_acc_gain": -0.03418803418803418,
    "holdout_bacc_gain": -0.00980128893662724,
    "selection_score_safe": 1.4471269841269843
  },
  "best_holdout_reference_under_old_guard92": {
    "meta_candidate": "logreg_c0.1_aw1",
    "low_to_high_threshold": 0.5,
    "high_to_low_threshold": 0.45,
    "route_mode": "confidence",
    "threshold_source": "old_adapt",
    "low_to_high_budget_pct": 0,
    "high_to_low_budget_pct": 2,
    "low_to_high_route_threshold": Infinity,
    "high_to_low_route_threshold": 0.013844717045025712,
    "old_accuracy": 0.9228070175438596,
    "old_balanced_accuracy": 0.9226507092198581,
    "old_f1": 0.920863309352518,
    "old_tn": 135,
    "old_fp": 9,
    "old_fn": 13,
    "old_tp": 128,
    "old_auc": 0.9452324665090622,
    "old_routed_n": 3,
    "old_routed_pct": 0.010526315789473684,
    "old_low_to_high_n": 0,
    "old_high_to_low_n": 3,
    "old_pass_n": 282,
    "old_pass_acc": 0.9290780141843972,
    "old_routed_acc": 0.3333333333333333,
    "old_rescue_n": 1,
    "old_hurt_n": 2,
    "old_net_rescue": -1,
    "adapt_accuracy": 0.6111111111111112,
    "adapt_balanced_accuracy": 0.6298701298701299,
    "adapt_f1": 0.631578947368421,
    "adapt_tn": 20,
    "adapt_fp": 8,
    "adapt_fn": 20,
    "adapt_tp": 24,
    "adapt_auc": 0.6006493506493507,
    "adapt_routed_n": 0,
    "adapt_routed_pct": 0.0,
    "adapt_low_to_high_n": 0,
    "adapt_high_to_low_n": 0,
    "adapt_pass_n": 72,
    "adapt_pass_acc": 0.6111111111111112,
    "adapt_routed_acc": NaN,
    "adapt_rescue_n": 0,
    "adapt_hurt_n": 0,
    "adapt_net_rescue": 0,
    "holdout_accuracy": 0.7521367521367521,
    "holdout_balanced_accuracy": 0.7035445757250268,
    "holdout_f1": 0.4528301886792453,
    "holdout_tn": 152,
    "holdout_fp": 44,
    "holdout_fn": 14,
    "holdout_tp": 24,
    "holdout_auc": 0.7223415682062299,
    "holdout_routed_n": 4,
    "holdout_routed_pct": 0.017094017094017096,
    "holdout_low_to_high_n": 0,
    "holdout_high_to_low_n": 4,
    "holdout_pass_n": 230,
    "holdout_pass_acc": 0.7521739130434782,
    "holdout_routed_acc": 0.75,
    "holdout_rescue_n": 3,
    "holdout_hurt_n": 1,
    "holdout_net_rescue": 2,
    "old_guard_092": true,
    "adapt_tp_preserved": true,
    "holdout_tp_preserved": false,
    "adapt_acc_gain": 0.0,
    "adapt_bacc_gain": 0.0,
    "holdout_acc_gain": 0.008547008547008517,
    "holdout_bacc_gain": -0.005504833512352314,
    "selection_score_safe": 1.045007215007215
  },
  "best_holdout_tp_preserved_reference_under_old_guard92": {
    "meta_candidate": "logreg_c0.03_aw4",
    "low_to_high_threshold": 0.5,
    "high_to_low_threshold": 0.45,
    "route_mode": "confidence",
    "threshold_source": "adapt",
    "low_to_high_budget_pct": 0,
    "high_to_low_budget_pct": 0,
    "low_to_high_route_threshold": Infinity,
    "high_to_low_route_threshold": Infinity,
    "old_accuracy": 0.9263157894736842,
    "old_balanced_accuracy": 0.9262706855791962,
    "old_f1": 0.9252669039145908,
    "old_tn": 134,
    "old_fp": 10,
    "old_fn": 11,
    "old_tp": 130,
    "old_auc": 0.9456264775413712,
    "old_routed_n": 0,
    "old_routed_pct": 0.0,
    "old_low_to_high_n": 0,
    "old_high_to_low_n": 0,
    "old_pass_n": 285,
    "old_pass_acc": 0.9263157894736842,
    "old_routed_acc": NaN,
    "old_rescue_n": 0,
    "old_hurt_n": 0,
    "old_net_rescue": 0,
    "adapt_accuracy": 0.6111111111111112,
    "adapt_balanced_accuracy": 0.6298701298701299,
    "adapt_f1": 0.631578947368421,
    "adapt_tn": 20,
    "adapt_fp": 8,
    "adapt_fn": 20,
    "adapt_tp": 24,
    "adapt_auc": 0.6006493506493507,
    "adapt_routed_n": 0,
    "adapt_routed_pct": 0.0,
    "adapt_low_to_high_n": 0,
    "adapt_high_to_low_n": 0,
    "adapt_pass_n": 72,
    "adapt_pass_acc": 0.6111111111111112,
    "adapt_routed_acc": NaN,
    "adapt_rescue_n": 0,
    "adapt_hurt_n": 0,
    "adapt_net_rescue": 0,
    "holdout_accuracy": 0.7435897435897436,
    "holdout_balanced_accuracy": 0.7090494092373791,
    "holdout_f1": 0.45454545454545453,
    "holdout_tn": 149,
    "holdout_fp": 47,
    "holdout_fn": 13,
    "holdout_tp": 25,
    "holdout_auc": 0.7360365198711063,
    "holdout_routed_n": 0,
    "holdout_routed_pct": 0.0,
    "holdout_low_to_high_n": 0,
    "holdout_high_to_low_n": 0,
    "holdout_pass_n": 234,
    "holdout_pass_acc": 0.7435897435897436,
    "holdout_routed_acc": NaN,
    "holdout_rescue_n": 0,
    "holdout_hurt_n": 0,
    "holdout_net_rescue": 0,
    "old_guard_092": true,
    "adapt_tp_preserved": true,
    "holdout_tp_preserved": true,
    "adapt_acc_gain": 0.0,
    "adapt_bacc_gain": 0.0,
    "holdout_acc_gain": 0.0,
    "holdout_bacc_gain": 0.0,
    "selection_score_safe": 1.115007215007215
  },