{
  "accuracy": 0.8350877192982457,
  "balanced_accuracy": 0.8349586288416075,
  "auc": 0.8453014184397164,
  "f1": 0.8315412186379928,
  "sensitivity": 0.8226950354609929,
  "specificity": 0.8472222222222222,
  "tn": 122,
  "fp": 22,
  "fn": 25,
  "tp": 116,
  "objective": "balanced_accuracy"
}