{
  "base_old": {
    "accuracy": 0.9228070175438596,
    "balanced_accuracy": 0.9227245862884161,
    "f1": 0.9214285714285714,
    "tn": 134,
    "fp": 10,
    "fn": 12,
    "tp": 129,
    "auc": 0.9456264775413712
  },
  "base_holdout": {
    "accuracy": 0.8034188034188035,
    "balanced_accuracy": 0.7129430719656284,
    "f1": 0.4888888888888889,
    "tn": 166,
    "fp": 30,
    "fn": 16,
    "tp": 22,
    "auc": 0.6956229860365198
  },
  "selected_old_guard": {
    "method": "mean",
    "threshold": 1.0,
    "old_accuracy": 0.9228070175438596,
    "old_balanced_accuracy": 0.9227245862884161,
    "old_f1": 0.9214285714285714,
    "old_tn": 134,
    "old_fp": 10,
    "old_fn": 12,
    "old_tp": 129,
    "old_auc": 0.9456264775413712,
    "holdout_accuracy": 0.8034188034188035,
    "holdout_balanced_accuracy": 0.7129430719656284,
    "holdout_f1": 0.4888888888888889,
    "holdout_tn": 166,
    "holdout_fp": 30,
    "holdout_fn": 16,
    "holdout_tp": 22,
    "holdout_auc": 0.6956229860365198,
    "old_routed_n": 0,
    "holdout_routed_n": 0,
    "old_rescue_n": 0,
    "old_hurt_n": 0,
    "old_net": 0,
    "holdout_rescue_n": 0,
    "holdout_hurt_n": 0,
    "holdout_net": 0,
    "old_guard_092": true,
    "old_guard_no_drop": true
  },
  "best_holdout_reference_under_old_guard": {
    "method": "mean",
    "threshold": 1.0,
    "old_accuracy": 0.9228070175438596,
    "old_balanced_accuracy": 0.9227245862884161,
    "old_f1": 0.9214285714285714,
    "old_tn": 134,
    "old_fp": 10,
    "old_fn": 12,
    "old_tp": 129,
    "old_auc": 0.9456264775413712,
    "holdout_accuracy": 0.8034188034188035,
    "holdout_balanced_accuracy": 0.7129430719656284,
    "holdout_f1": 0.4888888888888889,
    "holdout_tn": 166,
    "holdout_fp": 30,
    "holdout_fn": 16,
    "holdout_tp": 22,
    "holdout_auc": 0.6956229860365198,
    "old_routed_n": 0,
    "holdout_routed_n": 0,
    "old_rescue_n": 0,
    "old_hurt_n": 0,
    "old_net": 0,
    "holdout_rescue_n": 0,
    "holdout_hurt_n": 0,
    "holdout_net": 0,
    "old_guard_092": true,
    "old_guard_no_drop": true
  },
  "best_holdout_tp_preserved_under_old_guard": {
    "method": "mean",
    "threshold": 1.0,
    "old_accuracy": 0.9228070175438596,
    "old_balanced_accuracy": 0.9227245862884161,
    "old_f1": 0.9214285714285714,
    "old_tn": 134,
    "old_fp": 10,
    "old_fn": 12,
    "old_tp": 129,
    "old_auc": 0.9456264775413712,
    "holdout_accuracy": 0.8034188034188035,
    "holdout_balanced_accuracy": 0.7129430719656284,
    "holdout_f1": 0.4888888888888889,
    "holdout_tn": 166,
    "holdout_fp": 30,
    "holdout_fn": 16,
    "holdout_tp": 22,
    "holdout_auc": 0.6956229860365198,
    "old_routed_n": 0,
    "holdout_routed_n": 0,
    "old_rescue_n": 0,
    "old_hurt_n": 0,
    "old_net": 0,
    "holdout_rescue_n": 0,
    "holdout_hurt_n": 0,
    "holdout_net": 0,
    "old_guard_092": true,
    "old_guard_no_drop": true
  }
}