{
  "accuracy": 0.6947368421052632,
  "balanced_accuracy": 0.6937795508274232,
  "auc": 0.7401497241922773,
  "f1": 0.6614785992217899,
  "sensitivity": 0.6028368794326241,
  "specificity": 0.7847222222222222,
  "tn": 113,
  "fp": 31,
  "fn": 56,
  "tp": 85,
  "config": "gross_text_only_ng24_mindf1__accuracy",
  "use_text": true,
  "use_numeric": false,
  "ngram_range": "(2, 4)",
  "min_df": 1,
  "objective": "accuracy"
}