{
  "accuracy": 0.8245614035087719,
  "balanced_accuracy": 0.8240248226950355,
  "auc": 0.8174743892828998,
  "f1": 0.8134328358208955,
  "sensitivity": 0.7730496453900709,
  "specificity": 0.875,
  "tn": 126,
  "fp": 18,
  "fn": 32,
  "tp": 109,
  "feature_set": "numeric_emb16",
  "target": "switch_gain",
  "model": "logreg_c03",
  "objective": "accuracy",
  "routed_n": 7,
  "routed_frac": 0.02456140350877193,
  "routed_acc": 0.2857142857142857,
  "pass_n": 278,
  "pass_frac": 0.9754385964912281,
  "pass_acc": 0.8381294964028777,
  "rescue_n": 2,
  "hurt_n": 5,
  "net_rescue": -3
}