{
  "accuracy": 0.9298245614035088,
  "balanced_accuracy": 0.9296690307328606,
  "auc": 0.9533096926713949,
  "f1": 0.9280575539568345,
  "sensitivity": 0.9148936170212766,
  "specificity": 0.9444444444444444,
  "tn": 136,
  "fp": 8,
  "fn": 12,
  "tp": 129,
  "config": "train_hardcore_apply_hardcore__image_core_notext__f1",
  "route": "train_hardcore_apply_hardcore",
  "feature": "image_core_notext",
  "objective": "f1",
  "routed_n": 65,
  "rescue_n": 29,
  "hurt_n": 2,
  "net_rescue": 27,
  "train_groups": "hard_core",
  "apply_groups": "hard_core"
}