{
  "accuracy": 0.8385964912280702,
  "balanced_accuracy": 0.8382092198581561,
  "auc": 0.834909377462569,
  "f1": 0.8308823529411765,
  "sensitivity": 0.8014184397163121,
  "specificity": 0.875,
  "tn": 126,
  "fp": 18,
  "fn": 28,
  "tp": 113,
  "feature_set": "numeric_emb16",
  "target": "base_wrong",
  "model": "extra_d3_l8",
  "objective": "accuracy",
  "routed_n": 3,
  "routed_frac": 0.010526315789473684,
  "routed_acc": 0.6666666666666666,
  "pass_n": 282,
  "pass_frac": 0.9894736842105263,
  "pass_acc": 0.8404255319148937,
  "rescue_n": 2,
  "hurt_n": 1,
  "net_rescue": 1
}