{
  "accuracy": 0.8210526315789474,
  "balanced_accuracy": 0.8206264775413712,
  "auc": 0.8090524034672971,
  "f1": 0.8118081180811808,
  "sensitivity": 0.7801418439716312,
  "specificity": 0.8611111111111112,
  "tn": 124,
  "fp": 20,
  "fn": 31,
  "tp": 110,
  "feature_set": "emb16",
  "target": "switch_gain",
  "model": "extra_d3_l8",
  "objective": "accuracy",
  "routed_n": 4,
  "routed_frac": 0.014035087719298246,
  "routed_acc": 0.0,
  "pass_n": 281,
  "pass_frac": 0.9859649122807017,
  "pass_acc": 0.8327402135231317,
  "rescue_n": 0,
  "hurt_n": 4,
  "net_rescue": -4
}