{
  "protocol": {
    "selection_uses_holdout": false,
    "selection_data": "old OOF + third adapt72 only",
    "holdout_data": "third adapt72 holdout 234 cases"
  },
  "old_base": {
    "accuracy": 0.9263157894736842,
    "balanced_accuracy": 0.9262706855791962,
    "f1": 0.9252669039145908,
    "tn": 134,
    "fp": 10,
    "fn": 11,
    "tp": 130,
    "auc": 0.9456264775413712
  },
  "adapt_base": {
    "accuracy": 0.6111111111111112,
    "balanced_accuracy": 0.6298701298701299,
    "f1": 0.631578947368421,
    "tn": 20,
    "fp": 8,
    "fn": 20,
    "tp": 24,
    "auc": 0.6006493506493507
  },
  "holdout_base": {
    "accuracy": 0.7435897435897436,
    "balanced_accuracy": 0.7090494092373791,
    "f1": 0.45454545454545453,
    "tn": 149,
    "fp": 47,
    "fn": 13,
    "tp": 25,
    "auc": 0.7360365198711063
  },
  "selected_by_old_plus_adapt": {
    "adapt_candidate": "adapt_r2_c0.0003",
    "adapt_threshold": 0.54,
    "route_name": "disagree_base_low_margin",
    "threshold_source": "adapt",
    "budget_pct": 20,
    "route_threshold": 1.885296885045483,
    "old_accuracy": 0.9228070175438596,
    "old_balanced_accuracy": 0.9227245862884161,
    "old_f1": 0.9214285714285714,
    "old_tn": 134,
    "old_fp": 10,
    "old_fn": 12,
    "old_tp": 129,
    "old_auc": 0.9456264775413712,
    "old_routed_n": 1,
    "old_routed_pct": 0.0035087719298245615,
    "old_pass_n": 284,
    "old_pass_acc": 0.926056338028169,
    "old_routed_acc": 0.0,
    "old_rescue_n": 0,
    "old_hurt_n": 1,
    "old_net_rescue": -1,
    "adapt_accuracy": 0.6666666666666666,
    "adapt_balanced_accuracy": 0.6883116883116883,
    "adapt_f1": 0.6842105263157895,
    "adapt_tn": 22,
    "adapt_fp": 6,
    "adapt_fn": 18,
    "adapt_tp": 26,
    "adapt_auc": 0.640422077922078,
    "adapt_routed_n": 14,
    "adapt_routed_pct": 0.19444444444444445,
    "adapt_pass_n": 58,
    "adapt_pass_acc": 0.6724137931034483,
    "adapt_routed_acc": 0.6428571428571429,
    "adapt_rescue_n": 9,
    "adapt_hurt_n": 5,
    "adapt_net_rescue": 4,
    "holdout_accuracy": 0.8034188034188035,
    "holdout_balanced_accuracy": 0.7129430719656284,
    "holdout_f1": 0.4888888888888889,
    "holdout_tn": 166,
    "holdout_fp": 30,
    "holdout_fn": 16,
    "holdout_tp": 22,
    "holdout_auc": 0.6956229860365198,
    "holdout_routed_n": 44,
    "holdout_routed_pct": 0.18803418803418803,
    "holdout_pass_n": 190,
    "holdout_pass_acc": 0.8368421052631579,
    "holdout_routed_acc": 0.6590909090909091,
    "holdout_rescue_n": 29,
    "holdout_hurt_n": 15,
    "holdout_net_rescue": 14,
    "old_guard_092": true,
    "old_guard_090": true,
    "adapt_tp_preserved": true,
    "adapt_acc_gain": 0.05555555555555547,
    "adapt_bacc_gain": 0.058441558441558406,
    "holdout_tp_preserved": false,
    "holdout_acc_gain": 0.05982905982905984,
    "holdout_bacc_gain": 0.003893662728249314,
    "selection_score_safe": 1.1595133287764867
  },
  "best_holdout_reference_under_old_guard92": {
    "adapt_candidate": "adapt_r2_c0.0003",
    "adapt_threshold": 0.62,
    "route_name": "base_low_margin",
    "threshold_source": "old_adapt",
    "budget_pct": 15,
    "route_threshold": 0.8655816063812498,
    "old_accuracy": 0.9228070175438596,
    "old_balanced_accuracy": 0.9226507092198581,
    "old_f1": 0.920863309352518,
    "old_tn": 135,
    "old_fp": 9,
    "old_fn": 13,
    "old_tp": 128,
    "old_auc": 0.9454787234042553,
    "old_routed_n": 8,
    "old_routed_pct": 0.028070175438596492,
    "old_pass_n": 277,
    "old_pass_acc": 0.927797833935018,
    "old_routed_acc": 0.75,
    "old_rescue_n": 1,
    "old_hurt_n": 2,
    "old_net_rescue": -1,
    "adapt_accuracy": 0.5138888888888888,
    "adapt_balanced_accuracy": 0.5762987012987013,
    "adapt_f1": 0.4262295081967213,
    "adapt_tn": 24,
    "adapt_fp": 4,
    "adapt_fn": 31,
    "adapt_tp": 13,
    "adapt_auc": 0.6477272727272727,
    "adapt_routed_n": 46,
    "adapt_routed_pct": 0.6388888888888888,
    "adapt_pass_n": 26,
    "adapt_pass_acc": 0.6153846153846154,
    "adapt_routed_acc": 0.45652173913043476,
    "adapt_rescue_n": 5,
    "adapt_hurt_n": 12,
    "adapt_net_rescue": -7,
    "holdout_accuracy": 0.8760683760683761,
    "holdout_balanced_accuracy": 0.7138829215896885,
    "holdout_f1": 0.5538461538461539,
    "holdout_tn": 187,
    "holdout_fp": 9,
    "holdout_fn": 20,
    "holdout_tp": 18,
    "holdout_auc": 0.7275778732545649,
    "holdout_routed_n": 129,
    "holdout_routed_pct": 0.5512820512820513,
    "holdout_pass_n": 105,
    "holdout_pass_acc": 0.8857142857142857,
    "holdout_routed_acc": 0.8682170542635659,
    "holdout_rescue_n": 41,
    "holdout_hurt_n": 10,
    "holdout_net_rescue": 31,
    "old_guard_092": true,
    "old_guard_090": true,
    "adapt_tp_preserved": false,
    "adapt_acc_gain": -0.09722222222222232,
    "adapt_bacc_gain": -0.0535714285714286,
    "holdout_tp_preserved": false,
    "holdout_acc_gain": 0.13247863247863245,
    "holdout_bacc_gain": 0.004833512352309333,
    "selection_score_safe": 0.7185453026505657
  },
  "best_holdout_tp_preserved_reference_under_old_guard92": {
    "adapt_candidate": "adapt_r2_c0.0003",
    "adapt_threshold": 0.57,
    "route_name": "candidate_range",
    "threshold_source": "old",
    "budget_pct": 2,
    "route_threshold": 0.7345473319292068,
    "old_accuracy": 0.9228070175438596,
    "old_balanced_accuracy": 0.9227245862884161,
    "old_f1": 0.9214285714285714,
    "old_tn": 134,
    "old_fp": 10,
    "old_fn": 12,
    "old_tp": 129,
    "old_auc": 0.9438041765169425,
    "old_routed_n": 6,
    "old_routed_pct": 0.021052631578947368,
    "old_pass_n": 279,
    "old_pass_acc": 0.9247311827956989,
    "old_routed_acc": 0.8333333333333334,
    "old_rescue_n": 0,
    "old_hurt_n": 1,
    "old_net_rescue": -1,
    "adapt_accuracy": 0.6388888888888888,
    "adapt_balanced_accuracy": 0.6590909090909092,
    "adapt_f1": 0.6578947368421053,
    "adapt_tn": 21,
    "adapt_fp": 7,
    "adapt_fn": 19,
    "adapt_tp": 25,
    "adapt_auc": 0.6534090909090909,
    "adapt_routed_n": 3,
    "adapt_routed_pct": 0.041666666666666664,
    "adapt_pass_n": 69,
    "adapt_pass_acc": 0.6231884057971014,
    "adapt_routed_acc": 1.0,
    "adapt_rescue_n": 2,
    "adapt_hurt_n": 0,
    "adapt_net_rescue": 2,
    "holdout_accuracy": 0.7521367521367521,
    "holdout_balanced_accuracy": 0.7141514500537057,
    "holdout_f1": 0.46296296296296297,
    "holdout_tn": 151,
    "holdout_fp": 45,
    "holdout_fn": 13,
    "holdout_tp": 25,
    "holdout_auc": 0.7400644468313641,
    "holdout_routed_n": 3,
    "holdout_routed_pct": 0.01282051282051282,
    "holdout_pass_n": 231,
    "holdout_pass_acc": 0.7489177489177489,
    "holdout_routed_acc": 1.0,
    "holdout_rescue_n": 2,
    "holdout_hurt_n": 0,
    "holdout_net_rescue": 2,
    "old_guard_092": true,
    "old_guard_090": true,
    "adapt_tp_preserved": true,
    "adapt_acc_gain": 0.02777777777777768,
    "adapt_bacc_gain": 0.02922077922077926,
    "holdout_tp_preserved": true,
    "holdout_acc_gain": 0.008547008547008517,
    "holdout_bacc_gain": 0.005102040816326592,
    "selection_score_safe": 1.0735013290802764
  },
  "n_policies": 5760,
  "n_guard92": 1915,
  "n_safe_adapt": 1125,
  "output_dir": "D:\\影响分析\\outputs\\batch1_batch2_task567_20260514\\task7_adaptation_runs\\25_no64_adapt_tuned_overlay_20260522"
}