{
  "guard092_best_acc": {
    "method": "mean",
    "crop_threshold": 0.89,
    "base_min_prob": 0.47,
    "old_accuracy": 0.9228070175438596,
    "old_balanced_accuracy": 0.9227245862884161,
    "old_f1": 0.9214285714285714,
    "old_tn": 134,
    "old_fp": 10,
    "old_fn": 12,
    "old_tp": 129,
    "old_auc": 0.9456264775413712,
    "holdout_accuracy": 0.8034188034188035,
    "holdout_balanced_accuracy": 0.7235499462943071,
    "holdout_f1": 0.5,
    "holdout_tn": 165,
    "holdout_fp": 31,
    "holdout_fn": 15,
    "holdout_tp": 23,
    "holdout_auc": 0.6989795918367347,
    "old_routed_n": 0,
    "holdout_routed_n": 2,
    "old_rescue_n": 0,
    "old_hurt_n": 0,
    "old_net": 0,
    "holdout_rescue_n": 1,
    "holdout_hurt_n": 1,
    "holdout_net": 0,
    "old_guard_092": true,
    "old_guard_090": true
  },
  "guard092_best_bacc": {
    "method": "mean",
    "crop_threshold": 0.89,
    "base_min_prob": 0.47,
    "old_accuracy": 0.9228070175438596,
    "old_balanced_accuracy": 0.9227245862884161,
    "old_f1": 0.9214285714285714,
    "old_tn": 134,
    "old_fp": 10,
    "old_fn": 12,
    "old_tp": 129,
    "old_auc": 0.9456264775413712,
    "holdout_accuracy": 0.8034188034188035,
    "holdout_balanced_accuracy": 0.7235499462943071,
    "holdout_f1": 0.5,
    "holdout_tn": 165,
    "holdout_fp": 31,
    "holdout_fn": 15,
    "holdout_tp": 23,
    "holdout_auc": 0.6989795918367347,
    "old_routed_n": 0,
    "holdout_routed_n": 2,
    "old_rescue_n": 0,
    "old_hurt_n": 0,
    "old_net": 0,
    "holdout_rescue_n": 1,
    "holdout_hurt_n": 1,
    "holdout_net": 0,
    "old_guard_092": true,
    "old_guard_090": true
  },
  "guard090_best_acc": {
    "method": "mean",
    "crop_threshold": 0.98,
    "base_min_prob": 0.25,
    "old_accuracy": 0.9157894736842105,
    "old_balanced_accuracy": 0.9157801418439716,
    "old_f1": 0.9148936170212766,
    "old_tn": 132,
    "old_fp": 12,
    "old_fn": 12,
    "old_tp": 129,
    "old_auc": 0.9327226162332547,
    "holdout_accuracy": 0.811965811965812,
    "holdout_balanced_accuracy": 0.7392588614393125,
    "holdout_f1": 0.5217391304347826,
    "holdout_tn": 166,
    "holdout_fp": 30,
    "holdout_fn": 14,
    "holdout_tp": 24,
    "holdout_auc": 0.73187432867884,
    "old_routed_n": 2,
    "holdout_routed_n": 2,
    "old_rescue_n": 0,
    "old_hurt_n": 2,
    "old_net": -2,
    "holdout_rescue_n": 2,
    "holdout_hurt_n": 0,
    "holdout_net": 2,
    "old_guard_092": false,
    "old_guard_090": true
  },
  "guard090_best_bacc": {
    "method": "mean",
    "crop_threshold": 0.82,
    "base_min_prob": 0.25,
    "old_accuracy": 0.9017543859649123,
    "old_balanced_accuracy": 0.9019651300236406,
    "old_f1": 0.9027777777777778,
    "old_tn": 127,
    "old_fp": 17,
    "old_fn": 11,
    "old_tp": 130,
    "old_auc": 0.906176122931442,
    "holdout_accuracy": 0.7649572649572649,
    "holdout_balanced_accuracy": 0.7642320085929108,
    "holdout_f1": 0.5132743362831859,
    "holdout_tn": 150,
    "holdout_fp": 46,
    "holdout_fn": 9,
    "holdout_tp": 29,
    "holdout_auc": 0.7576530612244898,
    "old_routed_n": 8,
    "holdout_routed_n": 23,
    "old_rescue_n": 1,
    "old_hurt_n": 7,
    "old_net": -6,
    "holdout_rescue_n": 7,
    "holdout_hurt_n": 16,
    "holdout_net": -9,
    "old_guard_092": false,
    "old_guard_090": true
  },
  "guard088_best_acc": {
    "method": "mean",
    "crop_threshold": 0.98,
    "base_min_prob": 0.25,
    "old_accuracy": 0.9157894736842105,
    "old_balanced_accuracy": 0.9157801418439716,
    "old_f1": 0.9148936170212766,
    "old_tn": 132,
    "old_fp": 12,
    "old_fn": 12,
    "old_tp": 129,
    "old_auc": 0.9327226162332547,
    "holdout_accuracy": 0.811965811965812,
    "holdout_balanced_accuracy": 0.7392588614393125,
    "holdout_f1": 0.5217391304347826,
    "holdout_tn": 166,
    "holdout_fp": 30,
    "holdout_fn": 14,
    "holdout_tp": 24,
    "holdout_auc": 0.73187432867884,
    "old_routed_n": 2,
    "holdout_routed_n": 2,
    "old_rescue_n": 0,
    "old_hurt_n": 2,
    "old_net": -2,
    "holdout_rescue_n": 2,
    "holdout_hurt_n": 0,
    "holdout_net": 2,
    "old_guard_092": false,
    "old_guard_090": true
  },
  "guard088_best_bacc": {
    "method": "mean",
    "crop_threshold": 0.82,
    "base_min_prob": 0.25,
    "old_accuracy": 0.9017543859649123,
    "old_balanced_accuracy": 0.9019651300236406,
    "old_f1": 0.9027777777777778,
    "old_tn": 127,
    "old_fp": 17,
    "old_fn": 11,
    "old_tp": 130,
    "old_auc": 0.906176122931442,
    "holdout_accuracy": 0.7649572649572649,
    "holdout_balanced_accuracy": 0.7642320085929108,
    "holdout_f1": 0.5132743362831859,
    "holdout_tn": 150,
    "holdout_fp": 46,
    "holdout_fn": 9,
    "holdout_tp": 29,
    "holdout_auc": 0.7576530612244898,
    "old_routed_n": 8,
    "holdout_routed_n": 23,
    "old_rescue_n": 1,
    "old_hurt_n": 7,
    "old_net": -6,
    "holdout_rescue_n": 7,
    "holdout_hurt_n": 16,
    "holdout_net": -9,
    "old_guard_092": false,
    "old_guard_090": true
  }
}