{
  "accuracy": 0.6385964912280702,
  "balanced_accuracy": 0.6388888888888888,
  "auc": 0.6809003152088259,
  "ap": 0.6679051952534486,
  "f1": 0.6460481099656358,
  "precision": 0.6266666666666667,
  "recall": 0.6666666666666666,
  "tn": 88,
  "fp": 56,
  "fn": 47,
  "tp": 94
}