task_l6_label,n,correct,accuracy
AB,188,144,0.7659574468085106
B1,8,5,0.625
B2,7,4,0.5714285714285714
TC,31,21,0.6774193548387096
