{
  "accuracy": 0.8315789473684211,
  "balanced_accuracy": 0.8313386524822695,
  "auc": 0.8450551615445232,
  "f1": 0.8260869565217391,
  "sensitivity": 0.8085106382978723,
  "specificity": 0.8541666666666666,
  "tn": 123,
  "fp": 21,
  "fn": 27,
  "tp": 114,
  "objective": "accuracy"
}