{
  "accuracy": 0.8280701754385965,
  "balanced_accuracy": 0.8276447990543736,
  "auc": 0.8206757289204099,
  "f1": 0.8191881918819188,
  "sensitivity": 0.7872340425531915,
  "specificity": 0.8680555555555556,
  "tn": 125,
  "fp": 19,
  "fn": 30,
  "tp": 111,
  "feature_set": "numeric_emb16",
  "target": "switch_gain",
  "model": "extra_d3_l8",
  "objective": "accuracy",
  "routed_n": 4,
  "routed_frac": 0.014035087719298246,
  "routed_acc": 0.25,
  "pass_n": 281,
  "pass_frac": 0.9859649122807017,
  "pass_acc": 0.8362989323843416,
  "rescue_n": 1,
  "hurt_n": 3,
  "net_rescue": -2
}