{
  "accuracy": 0.8245614035087719,
  "balanced_accuracy": 0.824394208037825,
  "auc": 0.8236800630417652,
  "f1": 0.8201438848920863,
  "sensitivity": 0.8085106382978723,
  "specificity": 0.8402777777777778,
  "tn": 121,
  "fp": 23,
  "fn": 27,
  "tp": 114,
  "feature_set": "numeric",
  "target": "hard_core",
  "model": "extra_d3_l8",
  "objective": "accuracy",
  "routed_n": 3,
  "routed_frac": 0.010526315789473684,
  "routed_acc": 0.0,
  "pass_n": 282,
  "pass_frac": 0.9894736842105263,
  "pass_acc": 0.8333333333333334,
  "rescue_n": 0,
  "hurt_n": 3,
  "net_rescue": -3
}