{
  "accuracy": 0.8210526315789474,
  "balanced_accuracy": 0.8205526004728132,
  "auc": 0.8188041765169424,
  "f1": 0.8104089219330854,
  "sensitivity": 0.7730496453900709,
  "specificity": 0.8680555555555556,
  "tn": 125,
  "fp": 19,
  "fn": 32,
  "tp": 109,
  "feature_set": "numeric",
  "target": "base_wrong",
  "model": "logreg_c01",
  "objective": "accuracy",
  "routed_n": 6,
  "routed_frac": 0.021052631578947368,
  "routed_acc": 0.16666666666666666,
  "pass_n": 279,
  "pass_frac": 0.9789473684210527,
  "pass_acc": 0.8351254480286738,
  "rescue_n": 1,
  "hurt_n": 5,
  "net_rescue": -4
}