{
  "protocol": {
    "selection_uses_holdout": false,
    "base_policy": "run25 selected no64 guarded adapt overlay",
    "added_step": "crop-only low-to-high rescue only"
  },
  "selected_base": {
    "old": {
      "accuracy": 0.9228070175438596,
      "balanced_accuracy": 0.9227245862884161,
      "f1": 0.9214285714285714,
      "tn": 134,
      "fp": 10,
      "fn": 12,
      "tp": 129,
      "auc": 0.9456264775413712,
      "routed_n": 1,
      "routed_pct": 0.0035087719298245615,
      "pass_n": 284,
      "pass_acc": 0.926056338028169,
      "routed_acc": 0.0,
      "rescue_n": 0,
      "hurt_n": 1,
      "net_rescue": -1
    },
    "adapt": {
      "accuracy": 0.6666666666666666,
      "balanced_accuracy": 0.6883116883116883,
      "f1": 0.6842105263157895,
      "tn": 22,
      "fp": 6,
      "fn": 18,
      "tp": 26,
      "auc": 0.640422077922078,
      "routed_n": 14,
      "routed_pct": 0.19444444444444445,
      "pass_n": 58,
      "pass_acc": 0.6724137931034483,
      "routed_acc": 0.6428571428571429,
      "rescue_n": 9,
      "hurt_n": 5,
      "net_rescue": 4
    },
    "holdout": {
      "accuracy": 0.8034188034188035,
      "balanced_accuracy": 0.7129430719656284,
      "f1": 0.4888888888888889,
      "tn": 166,
      "fp": 30,
      "fn": 16,
      "tp": 22,
      "auc": 0.6956229860365198,
      "routed_n": 44,
      "routed_pct": 0.18803418803418803,
      "pass_n": 190,
      "pass_acc": 0.8368421052631579,
      "routed_acc": 0.6590909090909091,
      "rescue_n": 29,
      "hurt_n": 15,
      "net_rescue": 14
    }
  },
  "selected_plus_crop_by_adapt": {
    "crop_candidate": "crop_logreg_c0.0003_aw1",
    "lh_threshold": 0.55,
    "threshold_source": "old",
    "budget_pct": 0,
    "route_threshold": Infinity,
    "old_accuracy": 0.9228070175438596,
    "old_balanced_accuracy": 0.9227245862884161,
    "old_f1": 0.9214285714285714,
    "old_tn": 134,
    "old_fp": 10,
    "old_fn": 12,
    "old_tp": 129,
    "old_auc": 0.9456264775413712,
    "old_routed_n": 0,
    "old_routed_pct": 0.0,
    "old_rescue_n": 0,
    "old_hurt_n": 0,
    "old_net_rescue": 0,
    "adapt_accuracy": 0.6666666666666666,
    "adapt_balanced_accuracy": 0.6883116883116883,
    "adapt_f1": 0.6842105263157895,
    "adapt_tn": 22,
    "adapt_fp": 6,
    "adapt_fn": 18,
    "adapt_tp": 26,
    "adapt_auc": 0.640422077922078,
    "adapt_routed_n": 0,
    "adapt_routed_pct": 0.0,
    "adapt_rescue_n": 0,
    "adapt_hurt_n": 0,
    "adapt_net_rescue": 0,
    "holdout_accuracy": 0.8034188034188035,
    "holdout_balanced_accuracy": 0.7129430719656284,
    "holdout_f1": 0.4888888888888889,
    "holdout_tn": 166,
    "holdout_fp": 30,
    "holdout_fn": 16,
    "holdout_tp": 22,
    "holdout_auc": 0.6956229860365198,
    "holdout_routed_n": 0,
    "holdout_routed_pct": 0.0,
    "holdout_rescue_n": 0,
    "holdout_hurt_n": 0,
    "holdout_net_rescue": 0,
    "old_guard_092": true,
    "adapt_non_drop": true,
    "holdout_tp_preserved_vs_original": false,
    "selection_score": 1.2173160173160174
  },
  "best_holdout_reference_under_old_guard92": {
    "crop_candidate": "crop_logreg_c0.0003_aw1",
    "lh_threshold": 0.55,
    "threshold_source": "old",
    "budget_pct": 0,
    "route_threshold": Infinity,
    "old_accuracy": 0.9228070175438596,
    "old_balanced_accuracy": 0.9227245862884161,
    "old_f1": 0.9214285714285714,
    "old_tn": 134,
    "old_fp": 10,
    "old_fn": 12,
    "old_tp": 129,
    "old_auc": 0.9456264775413712,
    "old_routed_n": 0,
    "old_routed_pct": 0.0,
    "old_rescue_n": 0,
    "old_hurt_n": 0,
    "old_net_rescue": 0,
    "adapt_accuracy": 0.6666666666666666,
    "adapt_balanced_accuracy": 0.6883116883116883,
    "adapt_f1": 0.6842105263157895,
    "adapt_tn": 22,
    "adapt_fp": 6,
    "adapt_fn": 18,
    "adapt_tp": 26,
    "adapt_auc": 0.640422077922078,
    "adapt_routed_n": 0,
    "adapt_routed_pct": 0.0,
    "adapt_rescue_n": 0,
    "adapt_hurt_n": 0,
    "adapt_net_rescue": 0,
    "holdout_accuracy": 0.8034188034188035,
    "holdout_balanced_accuracy": 0.7129430719656284,
    "holdout_f1": 0.4888888888888889,
    "holdout_tn": 166,
    "holdout_fp": 30,
    "holdout_fn": 16,
    "holdout_tp": 22,
    "holdout_auc": 0.6956229860365198,
    "holdout_routed_n": 0,
    "holdout_routed_pct": 0.0,
    "holdout_rescue_n": 0,
    "holdout_hurt_n": 0,
    "holdout_net_rescue": 0,
    "old_guard_092": true,
    "adapt_non_drop": true,
    "holdout_tp_preserved_vs_original": false,
    "selection_score": 1.2173160173160174
  },
  "best_holdout_tp_preserved_reference_under_old_guard92": null,
  "n_policies": 2304,
  "n_guard92": 666,
  "n_safe_adapt": 666,
  "output_dir": "D:\\影响分析\\outputs\\batch1_batch2_task567_20260514\\task7_adaptation_runs\\28_no64_selected_plus_crop_rescue_20260522"
}