split,level,aggregation,accuracy,balanced_accuracy,macro_precision,macro_recall,macro_f1,macro_auc
val,image,none,0.45614035087719296,0.4276094276094276,0.374780701754386,0.4276094276094276,0.38558543694659847,0.7844047058142802
val,case,mean,0.45614035087719296,0.4276094276094276,0.374780701754386,0.4276094276094276,0.38558543694659847,0.7844047058142802
val,case,max_prob,0.45614035087719296,0.4276094276094276,0.374780701754386,0.4276094276094276,0.38558543694659847,0.7844047058142802
val,case,majority_vote,0.45614035087719296,0.4276094276094276,0.374780701754386,0.4276094276094276,0.38558543694659847,0.6584733590919992
