{
  "boundary": {
    "third_batch_is_external_only": true,
    "no_doctor_gross_text": true,
    "no_case_id_lookup": true,
    "note": "The exact original No.64 candidate checkpoints were unavailable, so this is a frozen 64-style retraining on old 285 with third batch used only once for external scoring."
  },
  "old_data_n": 285,
  "third_data_n": 306,
  "third_distribution": {
    "AB": 212,
    "B1": 12,
    "B2": 29,
    "TC": 53
  },
  "old_oof_selected_base": {
    "accuracy": 0.7192982456140351,
    "balanced_accuracy": 0.7191932624113475,
    "f1": 0.7142857142857143,
    "tn": 105,
    "fp": 39,
    "fn": 41,
    "tp": 100,
    "auc": 0.7541371158392435,
    "base_name": "meta_extra_d3",
    "threshold": 0.48999999999999994,
    "kind": "stack"
  },
  "old_oof_selected_policy": {
    "accuracy": 0.7333333333333333,
    "balanced_accuracy": 0.7336731678486997,
    "f1": 0.7397260273972602,
    "tn": 101,
    "fp": 43,
    "fn": 33,
    "tp": 108,
    "auc": 0.7752659574468085,
    "route_name": "base_fn_model_route_logreg_c003",
    "route_threshold": 0.5232264463379662,
    "budget_pct": 30,
    "corrector": "dino_all_corr_rf_d5",
    "corrector_threshold": 0.5,
    "routed_n": 86,
    "routed_pct": 0.3017543859649123,
    "pass_n": 199,
    "pass_acc": 0.7638190954773869,
    "routed_acc": 0.6627906976744186,
    "hard_core_routed": 21,
    "rescue_n": 13,
    "hurt_n": 9,
    "net_rescue": 4
  },
  "third_external_base_metrics": {
    "accuracy": 0.6372549019607843,
    "balanced_accuracy": 0.59375,
    "f1": 0.42487046632124353,
    "tn": 154,
    "fp": 70,
    "fn": 41,
    "tp": 41,
    "auc": 0.673508275261324
  },
  "third_external_final_metrics": {
    "accuracy": 0.6405228758169934,
    "balanced_accuracy": 0.6075783972125436,
    "f1": 0.4444444444444444,
    "tn": 152,
    "fp": 72,
    "fn": 38,
    "tp": 44,
    "auc": 0.6569577526132405,
    "routed_n": 111,
    "routed_pct": 0.3627450980392157,
    "pass_n": 195,
    "pass_acc": 0.5641025641025641,
    "routed_acc": 0.7747747747747747,
    "base_accuracy": 0.6372549019607843,
    "base_balanced_accuracy": 0.59375,
    "base_f1": 0.42487046632124353,
    "selected_base": {
      "accuracy": 0.7192982456140351,
      "balanced_accuracy": 0.7191932624113475,
      "f1": 0.7142857142857143,
      "tn": 105,
      "fp": 39,
      "fn": 41,
      "tp": 100,
      "auc": 0.7541371158392435,
      "base_name": "meta_extra_d3",
      "threshold": 0.48999999999999994,
      "kind": "stack"
    },
    "selected_old_oof_policy": {
      "accuracy": 0.7333333333333333,
      "balanced_accuracy": 0.7336731678486997,
      "f1": 0.7397260273972602,
      "tn": 101,
      "fp": 43,
      "fn": 33,
      "tp": 108,
      "auc": 0.7752659574468085,
      "route_name": "base_fn_model_route_logreg_c003",
      "route_threshold": 0.5232264463379662,
      "budget_pct": 30,
      "corrector": "dino_all_corr_rf_d5",
      "corrector_threshold": 0.5,
      "routed_n": 86,
      "routed_pct": 0.3017543859649123,
      "pass_n": 199,
      "pass_acc": 0.7638190954773869,
      "routed_acc": 0.6627906976744186,
      "hard_core_routed": 21,
      "rescue_n": 13,
      "hurt_n": 9,
      "net_rescue": 4
    }
  }
}