{
  "accuracy": 0.8210526315789474,
  "balanced_accuracy": 0.820848108747045,
  "auc": 0.8130417651694247,
  "f1": 0.8158844765342961,
  "sensitivity": 0.8014184397163121,
  "specificity": 0.8402777777777778,
  "tn": 121,
  "fp": 23,
  "fn": 28,
  "tp": 113,
  "feature_set": "numeric_emb8",
  "target": "hard_core",
  "model": "logreg_c03",
  "objective": "accuracy",
  "routed_n": 4,
  "routed_frac": 0.014035087719298246,
  "routed_acc": 0.0,
  "pass_n": 281,
  "pass_frac": 0.9859649122807017,
  "pass_acc": 0.8327402135231317,
  "rescue_n": 0,
  "hurt_n": 4,
  "net_rescue": -4
}