{
  "group": "overall",
  "n": 285,
  "auc": 0.8313632781717888,
  "accuracy": 0.8070175438596491,
  "balanced_accuracy": 0.8065159574468085,
  "f1": 0.7955390334572491,
  "sensitivity": 0.7588652482269503,
  "specificity": 0.8541666666666666,
  "tn": 123,
  "fp": 21,
  "fn": 34,
  "tp": 107,
  "config": {
    "score": "review_score_hybrid_max_allrange_fn",
    "recall_target": 0.65,
    "model": "gb",
    "train_scope": "flag_train",
    "pass_n": 151,
    "pass_frac": 0.5298245614035088,
    "pass_acc": 0.8609271523178808,
    "hardlike_n": 134,
    "hard_recall": 0.6461538461538462,
    "hard_precision": 0.3134328358208955,
    "base_acc": 0.7684210526315789,
    "base_bacc": 0.7684692671394799,
    "final_acc": 0.8070175438596491,
    "final_bacc": 0.8065159574468085,
    "final_auc": 0.8313632781717888,
    "final_sens": 0.7588652482269503,
    "final_spec": 0.8541666666666666,
    "final_tn": 123,
    "final_fp": 21,
    "final_fn": 34,
    "final_tp": 107,
    "hard_base_acc": 0.2769230769230769,
    "hard_final_acc": 0.4307692307692308,
    "rescued": 20,
    "hurt": 9,
    "rescued_hard": 12,
    "hurt_hard": 2,
    "feature_set": "raw_plus_review_gross"
  },
  "note": "Strict fold-wise score split uses train-fold hard_core labels only for threshold selection; inference uses review score and GB corrector."
}