{
  "experiment": "Task7 DINOv3 frozen whole+crop feature development CV",
  "data_boundary": "Only old batch1+batch2 and third-batch development data are used. Strict external folder is not read.",
  "n_old": 285,
  "n_third": 306,
  "feature_shape_old": [
    285,
    2048
  ],
  "feature_shape_third": [
    306,
    2048
  ],
  "selected": {
    "feature_model": "convnext_base.dinov3_lvd1689m",
    "global_pool": "avg",
    "input_variant": "whole_plus_crop",
    "image_size": 512,
    "estimator": "logreg_bal_c0.03",
    "weight_mode": "none",
    "objective": "balanced_accuracy",
    "all_threshold": 0.4049999999999999,
    "all_accuracy": 0.6548223350253807,
    "all_balanced_accuracy": 0.6751194189900565,
    "all_f1": 0.6236162361623616,
    "all_tn": 218,
    "all_fp": 150,
    "all_fn": 54,
    "all_tp": 169,
    "all_sensitivity_high": 0.757847533632287,
    "all_specificity_low": 0.592391304347826,
    "all_auc": 0.7259334178202379,
    "old_threshold": 0.4049999999999999,
    "old_accuracy": 0.6842105263157895,
    "old_balanced_accuracy": 0.6853575650118203,
    "old_f1": 0.7133757961783439,
    "old_tn": 83,
    "old_fp": 61,
    "old_fn": 29,
    "old_tp": 112,
    "old_sensitivity_high": 0.7943262411347518,
    "old_specificity_low": 0.5763888888888888,
    "old_auc": 0.7231579984239559,
    "third_threshold": 0.4049999999999999,
    "third_accuracy": 0.6274509803921569,
    "third_balanced_accuracy": 0.6489002613240418,
    "third_f1": 0.5,
    "third_tn": 135,
    "third_fp": 89,
    "third_fn": 25,
    "third_tp": 57,
    "third_sensitivity_high": 0.6951219512195121,
    "third_specificity_low": 0.6026785714285714,
    "third_auc": 0.7091681184668989,
    "selection_score": 0.44194212677764955,
    "old_guard_090": false,
    "old_guard_092": false
  },
  "top10": [
    {
      "feature_model": "convnext_base.dinov3_lvd1689m",
      "global_pool": "avg",
      "input_variant": "whole_plus_crop",
      "image_size": 512,
      "estimator": "logreg_bal_c0.03",
      "weight_mode": "none",
      "objective": "balanced_accuracy",
      "all_threshold": 0.4049999999999999,
      "all_accuracy": 0.6548223350253807,
      "all_balanced_accuracy": 0.6751194189900565,
      "all_f1": 0.6236162361623616,
      "all_tn": 218,
      "all_fp": 150,
      "all_fn": 54,
      "all_tp": 169,
      "all_sensitivity_high": 0.757847533632287,
      "all_specificity_low": 0.592391304347826,
      "all_auc": 0.7259334178202379,
      "old_threshold": 0.4049999999999999,
      "old_accuracy": 0.6842105263157895,
      "old_balanced_accuracy": 0.6853575650118203,
      "old_f1": 0.7133757961783439,
      "old_tn": 83,
      "old_fp": 61,
      "old_fn": 29,
      "old_tp": 112,
      "old_sensitivity_high": 0.7943262411347518,
      "old_specificity_low": 0.5763888888888888,
      "old_auc": 0.7231579984239559,
      "third_threshold": 0.4049999999999999,
      "third_accuracy": 0.6274509803921569,
      "third_balanced_accuracy": 0.6489002613240418,
      "third_f1": 0.5,
      "third_tn": 135,
      "third_fp": 89,
      "third_fn": 25,
      "third_tp": 57,
      "third_sensitivity_high": 0.6951219512195121,
      "third_specificity_low": 0.6026785714285714,
      "third_auc": 0.7091681184668989,
      "selection_score": 0.44194212677764955,
      "old_guard_090": false,
      "old_guard_092": false
    },
    {
      "feature_model": "convnext_base.dinov3_lvd1689m",
      "global_pool": "avg",
      "input_variant": "whole_plus_crop",
      "image_size": 512,
      "estimator": "logreg_bal_c0.03",
      "weight_mode": "label",
      "objective": "balanced_accuracy",
      "all_threshold": 0.4049999999999999,
      "all_accuracy": 0.6548223350253807,
      "all_balanced_accuracy": 0.6751194189900565,
      "all_f1": 0.6236162361623616,
      "all_tn": 218,
      "all_fp": 150,
      "all_fn": 54,
      "all_tp": 169,
      "all_sensitivity_high": 0.757847533632287,
      "all_specificity_low": 0.592391304347826,
      "all_auc": 0.7259334178202379,
      "old_threshold": 0.4049999999999999,
      "old_accuracy": 0.6842105263157895,
      "old_balanced_accuracy": 0.6853575650118203,
      "old_f1": 0.7133757961783439,
      "old_tn": 83,
      "old_fp": 61,
      "old_fn": 29,
      "old_tp": 112,
      "old_sensitivity_high": 0.7943262411347518,
      "old_specificity_low": 0.5763888888888888,
      "old_auc": 0.7231579984239559,
      "third_threshold": 0.4049999999999999,
      "third_accuracy": 0.6274509803921569,
      "third_balanced_accuracy": 0.6489002613240418,
      "third_f1": 0.5,
      "third_tn": 135,
      "third_fp": 89,
      "third_fn": 25,
      "third_tp": 57,
      "third_sensitivity_high": 0.6951219512195121,
      "third_specificity_low": 0.6026785714285714,
      "third_auc": 0.7091681184668989,
      "selection_score": 0.44194212677764955,
      "old_guard_090": false,
      "old_guard_092": false
    },
    {
      "feature_model": "convnext_base.dinov3_lvd1689m",
      "global_pool": "avg",
      "input_variant": "whole_plus_crop",
      "image_size": 512,
      "estimator": "logreg_plain_c0.03",
      "weight_mode": "label",
      "objective": "balanced_accuracy",
      "all_threshold": 0.4049999999999999,
      "all_accuracy": 0.6548223350253807,
      "all_balanced_accuracy": 0.6751194189900565,
      "all_f1": 0.6236162361623616,
      "all_tn": 218,
      "all_fp": 150,
      "all_fn": 54,
      "all_tp": 169,
      "all_sensitivity_high": 0.757847533632287,
      "all_specificity_low": 0.592391304347826,
      "all_auc": 0.7259334178202379,
      "old_threshold": 0.4049999999999999,
      "old_accuracy": 0.6842105263157895,
      "old_balanced_accuracy": 0.6853575650118203,
      "old_f1": 0.7133757961783439,
      "old_tn": 83,
      "old_fp": 61,
      "old_fn": 29,
      "old_tp": 112,
      "old_sensitivity_high": 0.7943262411347518,
      "old_specificity_low": 0.5763888888888888,
      "old_auc": 0.7231579984239559,
      "third_threshold": 0.4049999999999999,
      "third_accuracy": 0.6274509803921569,
      "third_balanced_accuracy": 0.6489002613240418,
      "third_f1": 0.5,
      "third_tn": 135,
      "third_fp": 89,
      "third_fn": 25,
      "third_tp": 57,
      "third_sensitivity_high": 0.6951219512195121,
      "third_specificity_low": 0.6026785714285714,
      "third_auc": 0.7091681184668989,
      "selection_score": 0.44194212677764955,
      "old_guard_090": false,
      "old_guard_092": false
    },
    {
      "feature_model": "convnext_base.dinov3_lvd1689m",
      "global_pool": "avg",
      "input_variant": "whole_plus_crop",
      "image_size": 512,
      "estimator": "logreg_plain_c0.01",
      "weight_mode": "domain_label",
      "objective": "high_sensitivity",
      "all_threshold": 0.4099999999999999,
      "all_accuracy": 0.6429780033840947,
      "all_balanced_accuracy": 0.6735596607525833,
      "all_f1": 0.6278659611992945,
      "all_tn": 202,
      "all_fp": 166,
      "all_fn": 45,
      "all_tp": 178,
      "all_sensitivity_high": 0.7982062780269058,
      "all_specificity_low": 0.5489130434782609,
      "all_auc": 0.735523493858452,
      "old_threshold": 0.4099999999999999,
      "old_accuracy": 0.6807017543859649,
      "old_balanced_accuracy": 0.6821808510638298,
      "old_f1": 0.718266253869969,
      "old_tn": 78,
      "old_fp": 66,
      "old_fn": 25,
      "old_tp": 116,
      "old_sensitivity_high": 0.8226950354609929,
      "old_specificity_low": 0.5416666666666666,
      "old_auc": 0.7285263987391646,
      "third_threshold": 0.4099999999999999,
      "third_accuracy": 0.6078431372549019,
      "third_balanced_accuracy": 0.6548344947735192,
      "third_f1": 0.5081967213114754,
      "third_tn": 124,
      "third_fp": 100,
      "third_fn": 20,
      "third_tp": 62,
      "third_sensitivity_high": 0.7560975609756098,
      "third_specificity_low": 0.5535714285714286,
      "third_auc": 0.7218532229965158,
      "selection_score": 0.4395153364653429,