{
  "accuracy": 0.8350877192982457,
  "balanced_accuracy": 0.8348108747044918,
  "auc": 0.8359436564223799,
  "f1": 0.8290909090909091,
  "sensitivity": 0.8085106382978723,
  "specificity": 0.8611111111111112,
  "tn": 124,
  "fp": 20,
  "fn": 27,
  "tp": 114,
  "feature_set": "numeric",
  "target": "hard_core",
  "model": "rf_d3_l8",
  "objective": "accuracy",
  "routed_n": 0,
  "routed_frac": 0.0,
  "routed_acc": NaN,
  "pass_n": 285,
  "pass_frac": 1.0,
  "pass_acc": 0.8350877192982457,
  "rescue_n": 0,
  "hurt_n": 0,
  "net_rescue": 0
}