{
  "accuracy": 0.5789473684210527,
  "balanced_accuracy": 0.5815602836879432,
  "auc": 0.7350275807722616,
  "f1": 0.6610169491525424,
  "sensitivity": 0.8297872340425532,
  "specificity": 0.3333333333333333,
  "tn": 48,
  "fp": 96,
  "fn": 24,
  "tp": 117,
  "config": "gross_text_only_ng25_mindf1__f1",
  "use_text": true,
  "use_numeric": false,
  "ngram_range": "(2, 5)",
  "min_df": 1,
  "objective": "f1"
}