{
  "accuracy": 0.8280701754385965,
  "balanced_accuracy": 0.8274970449172576,
  "auc": 0.8172281323877068,
  "f1": 0.8164794007490637,
  "sensitivity": 0.7730496453900709,
  "specificity": 0.8819444444444444,
  "tn": 127,
  "fp": 17,
  "fn": 32,
  "tp": 109,
  "feature_set": "numeric_emb8",
  "target": "switch_gain",
  "model": "gb_d1",
  "objective": "accuracy",
  "routed_n": 8,
  "routed_frac": 0.028070175438596492,
  "routed_acc": 0.375,
  "pass_n": 277,
  "pass_frac": 0.9719298245614035,
  "pass_acc": 0.8411552346570397,
  "rescue_n": 3,
  "hurt_n": 5,
  "net_rescue": -2
}