{
  "boundary": {
    "third_batch_is_external_only": true,
    "no_doctor_gross_text": true,
    "no_case_id_lookup": true,
    "note": "The exact original No.64 candidate checkpoints were unavailable, so this is a frozen 64-style retraining on old 285 with third batch used only once for external scoring."
  },
  "old_data_n": 285,
  "third_data_n": 306,
  "third_distribution": {
    "AB": 212,
    "B1": 12,
    "B2": 29,
    "TC": 53
  },
  "old_oof_selected_base": {
    "accuracy": 0.7228070175438597,
    "balanced_accuracy": 0.7221483451536643,
    "f1": 0.7018867924528301,
    "tn": 113,
    "fp": 31,
    "fn": 48,
    "tp": 93,
    "auc": 0.772655634357762,
    "base_name": "logreg_c001",
    "threshold": 0.58,
    "kind": "single"
  },
  "old_oof_selected_policy": {
    "accuracy": 0.7403508771929824,
    "balanced_accuracy": 0.740839243498818,
    "f1": 0.75,
    "tn": 100,
    "fp": 44,
    "fn": 30,
    "tp": 111,
    "auc": 0.772655634357762,
    "route_name": "base_fn_model_route_logreg_c003",
    "route_threshold": 0.6543726708997327,
    "budget_pct": 20,
    "corrector": "dino_all_corr_logreg_c001",
    "corrector_threshold": 0.3,
    "routed_n": 57,
    "routed_pct": 0.2,
    "pass_n": 228,
    "pass_acc": 0.75,
    "routed_acc": 0.7017543859649122,
    "hard_core_routed": 14,
    "rescue_n": 18,
    "hurt_n": 13,
    "net_rescue": 5
  },
  "third_external_base_metrics": {
    "accuracy": 0.673202614379085,
    "balanced_accuracy": 0.5873802264808363,
    "f1": 0.39759036144578314,
    "tn": 173,
    "fp": 51,
    "fn": 49,
    "tp": 33,
    "auc": 0.6489002613240419
  },
  "third_external_final_metrics": {
    "accuracy": 0.630718954248366,
    "balanced_accuracy": 0.5892857142857143,
    "f1": 0.4205128205128205,
    "tn": 152,
    "fp": 72,
    "fn": 41,
    "tp": 41,
    "auc": 0.6489002613240419,
    "routed_n": 126,
    "routed_pct": 0.4117647058823529,
    "pass_n": 180,
    "pass_acc": 0.6055555555555555,
    "routed_acc": 0.6666666666666666,
    "base_accuracy": 0.673202614379085,
    "base_balanced_accuracy": 0.5873802264808363,
    "base_f1": 0.39759036144578314,
    "selected_base": {
      "accuracy": 0.7228070175438597,
      "balanced_accuracy": 0.7221483451536643,
      "f1": 0.7018867924528301,
      "tn": 113,
      "fp": 31,
      "fn": 48,
      "tp": 93,
      "auc": 0.772655634357762,
      "base_name": "logreg_c001",
      "threshold": 0.58,
      "kind": "single"
    },
    "selected_old_oof_policy": {
      "accuracy": 0.7403508771929824,
      "balanced_accuracy": 0.740839243498818,
      "f1": 0.75,
      "tn": 100,
      "fp": 44,
      "fn": 30,
      "tp": 111,
      "auc": 0.772655634357762,
      "route_name": "base_fn_model_route_logreg_c003",
      "route_threshold": 0.6543726708997327,
      "budget_pct": 20,
      "corrector": "dino_all_corr_logreg_c001",
      "corrector_threshold": 0.3,
      "routed_n": 57,
      "routed_pct": 0.2,
      "pass_n": 228,
      "pass_acc": 0.75,
      "routed_acc": 0.7017543859649122,
      "hard_core_routed": 14,
      "rescue_n": 18,
      "hurt_n": 13,
      "net_rescue": 5
    }
  }
}