{
  "accuracy": 0.8140350877192982,
  "balanced_accuracy": 0.813460401891253,
  "auc": 0.8025512214342002,
  "f1": 0.8014981273408239,
  "sensitivity": 0.7588652482269503,
  "specificity": 0.8680555555555556,
  "tn": 125,
  "fp": 19,
  "fn": 34,
  "tp": 107,
  "feature_set": "numeric",
  "target": "switch_gain",
  "model": "logreg_c01",
  "objective": "accuracy",
  "routed_n": 8,
  "routed_frac": 0.028070175438596492,
  "routed_acc": 0.125,
  "pass_n": 277,
  "pass_frac": 0.9719298245614035,
  "pass_acc": 0.8339350180505415,
  "rescue_n": 1,
  "hurt_n": 7,
  "net_rescue": -6
}