{
  "accuracy": 0.8245614035087719,
  "balanced_accuracy": 0.8243203309692672,
  "auc": 0.8215622537431048,
  "f1": 0.8188405797101449,
  "sensitivity": 0.8014184397163121,
  "specificity": 0.8472222222222222,
  "tn": 122,
  "fp": 22,
  "fn": 28,
  "tp": 113,
  "feature_set": "emb16",
  "target": "hard_core",
  "model": "logreg_c03",
  "objective": "accuracy",
  "routed_n": 3,
  "routed_frac": 0.010526315789473684,
  "routed_acc": 0.0,
  "pass_n": 282,
  "pass_frac": 0.9894736842105263,
  "pass_acc": 0.8333333333333334,
  "rescue_n": 0,
  "hurt_n": 3,
  "net_rescue": -3
}