{
  "accuracy": 0.8140350877192982,
  "balanced_accuracy": 0.8135342789598109,
  "auc": 0.798118597320725,
  "f1": 0.8029739776951673,
  "sensitivity": 0.7659574468085106,
  "specificity": 0.8611111111111112,
  "tn": 124,
  "fp": 20,
  "fn": 33,
  "tp": 108,
  "feature_set": "emb16",
  "target": "hard_core",
  "model": "rf_d3_l8",
  "objective": "accuracy",
  "routed_n": 6,
  "routed_frac": 0.021052631578947368,
  "routed_acc": 0.0,
  "pass_n": 279,
  "pass_frac": 0.9789473684210527,
  "pass_acc": 0.8315412186379928,
  "rescue_n": 0,
  "hurt_n": 6,
  "net_rescue": -6
}