split,level,aggregation,auc,accuracy,balanced_accuracy,sensitivity,specificity,precision,f1,tn,fp,fn,tp
test,image,none,0.6785714285714285,0.5789473684210527,0.5800492610837439,0.5172413793103449,0.6428571428571429,0.6,0.5555555555555556,18,10,14,15
test,case,mean,0.6785714285714285,0.5789473684210527,0.5800492610837439,0.5172413793103449,0.6428571428571429,0.6,0.5555555555555556,18,10,14,15
test,case,max_prob,0.6785714285714285,0.5789473684210527,0.5800492610837439,0.5172413793103449,0.6428571428571429,0.6,0.5555555555555556,18,10,14,15
test,case,majority_vote,0.5800492610837438,0.5789473684210527,0.5800492610837439,0.5172413793103449,0.6428571428571429,0.6,0.5555555555555556,18,10,14,15
