{
  "accuracy": 0.8210526315789474,
  "balanced_accuracy": 0.8207003546099291,
  "auc": 0.8193459416863673,
  "f1": 0.8131868131868132,
  "sensitivity": 0.7872340425531915,
  "specificity": 0.8541666666666666,
  "tn": 123,
  "fp": 21,
  "fn": 30,
  "tp": 111,
  "feature_set": "numeric_emb16",
  "target": "base_wrong",
  "model": "logreg_c01",
  "objective": "accuracy",
  "routed_n": 6,
  "routed_frac": 0.021052631578947368,
  "routed_acc": 0.16666666666666666,
  "pass_n": 279,
  "pass_frac": 0.9789473684210527,
  "pass_acc": 0.8351254480286738,
  "rescue_n": 1,
  "hurt_n": 5,
  "net_rescue": -4
}