{
  "accuracy": 0.8210526315789474,
  "balanced_accuracy": 0.820848108747045,
  "auc": 0.8215130023640662,
  "f1": 0.8158844765342961,
  "sensitivity": 0.8014184397163121,
  "specificity": 0.8402777777777778,
  "tn": 121,
  "fp": 23,
  "fn": 28,
  "tp": 113,
  "feature_set": "numeric",
  "target": "base_wrong",
  "model": "gb_d1",
  "objective": "accuracy",
  "routed_n": 6,
  "routed_frac": 0.021052631578947368,
  "routed_acc": 0.16666666666666666,
  "pass_n": 279,
  "pass_frac": 0.9789473684210527,
  "pass_acc": 0.8351254480286738,
  "rescue_n": 1,
  "hurt_n": 5,
  "net_rescue": -4
}