{
  "accuracy": 0.8280701754385965,
  "balanced_accuracy": 0.8280141843971631,
  "auc": 0.833234830575256,
  "f1": 0.8256227758007118,
  "sensitivity": 0.8226950354609929,
  "specificity": 0.8333333333333334,
  "tn": 120,
  "fp": 24,
  "fn": 25,
  "tp": 116,
  "feature_set": "emb16",
  "target": "switch_gain",
  "model": "logreg_c03",
  "objective": "accuracy",
  "routed_n": 6,
  "routed_frac": 0.021052631578947368,
  "routed_acc": 0.3333333333333333,
  "pass_n": 279,
  "pass_frac": 0.9789473684210527,
  "pass_acc": 0.8387096774193549,
  "rescue_n": 2,
  "hurt_n": 4,
  "net_rescue": -2
}