{
  "accuracy": 0.8350877192982457,
  "balanced_accuracy": 0.8348108747044918,
  "auc": 0.8257486209613869,
  "f1": 0.8290909090909091,
  "sensitivity": 0.8085106382978723,
  "specificity": 0.8611111111111112,
  "tn": 124,
  "fp": 20,
  "fn": 27,
  "tp": 114,
  "config": "deployable_rule_switch__train_allhard_calib_apply_all",
  "switched_n": 2,
  "rescue_n": 1,
  "hurt_n": 1,
  "base_accuracy": 0.8350877192982457,
  "base_balanced_accuracy": 0.8348108747044918,
  "calib_oracle_with_base_accuracy": 0.9578947368421052
}