{
  "accuracy": 0.8175438596491228,
  "balanced_accuracy": 0.8169326241134751,
  "auc": 0.8063435776201734,
  "f1": 0.8045112781954887,
  "sensitivity": 0.7588652482269503,
  "specificity": 0.875,
  "tn": 126,
  "fp": 18,
  "fn": 34,
  "tp": 107,
  "feature_set": "numeric",
  "target": "switch_gain",
  "model": "logreg_c03",
  "objective": "accuracy",
  "routed_n": 9,
  "routed_frac": 0.031578947368421054,
  "routed_acc": 0.2222222222222222,
  "pass_n": 276,
  "pass_frac": 0.968421052631579,
  "pass_acc": 0.8369565217391305,
  "rescue_n": 2,
  "hurt_n": 7,
  "net_rescue": -5
}