{
  "accuracy": 0.8315789473684211,
  "balanced_accuracy": 0.8312647754137117,
  "auc": 0.8310185185185185,
  "f1": 0.8248175182481752,
  "sensitivity": 0.8014184397163121,
  "specificity": 0.8611111111111112,
  "tn": 124,
  "fp": 20,
  "fn": 28,
  "tp": 113,
  "feature_set": "numeric_emb16",
  "target": "hard_core",
  "model": "extra_d3_l8",
  "objective": "accuracy",
  "routed_n": 1,
  "routed_frac": 0.0035087719298245615,
  "routed_acc": 0.0,
  "pass_n": 284,
  "pass_frac": 0.9964912280701754,
  "pass_acc": 0.8345070422535211,
  "rescue_n": 0,
  "hurt_n": 1,
  "net_rescue": -1
}