{
  "accuracy": 0.8175438596491228,
  "balanced_accuracy": 0.8172281323877069,
  "auc": 0.8124507486209613,
  "f1": 0.8102189781021898,
  "sensitivity": 0.7872340425531915,
  "specificity": 0.8472222222222222,
  "tn": 122,
  "fp": 22,
  "fn": 30,
  "tp": 111,
  "feature_set": "emb16",
  "target": "hard_core",
  "model": "gb_d1",
  "objective": "accuracy",
  "routed_n": 9,
  "routed_frac": 0.031578947368421054,
  "routed_acc": 0.2222222222222222,
  "pass_n": 276,
  "pass_frac": 0.968421052631579,
  "pass_acc": 0.8369565217391305,
  "rescue_n": 2,
  "hurt_n": 7,
  "net_rescue": -5
}