{
  "accuracy": 0.8280701754385965,
  "balanced_accuracy": 0.8277186761229315,
  "auc": 0.8244680851063829,
  "f1": 0.8205128205128205,
  "sensitivity": 0.7943262411347518,
  "specificity": 0.8611111111111112,
  "tn": 124,
  "fp": 20,
  "fn": 29,
  "tp": 112,
  "feature_set": "numeric_emb16",
  "target": "base_wrong",
  "model": "logreg_c03",
  "objective": "accuracy",
  "routed_n": 6,
  "routed_frac": 0.021052631578947368,
  "routed_acc": 0.3333333333333333,
  "pass_n": 279,
  "pass_frac": 0.9789473684210527,
  "pass_acc": 0.8387096774193549,
  "rescue_n": 2,
  "hurt_n": 4,
  "net_rescue": -2
}