split,level,aggregation,auc,accuracy,balanced_accuracy,sensitivity,specificity,precision,f1,tn,fp,fn,tp
val,image,none,0.7253694581280788,0.6666666666666666,0.6650246305418719,0.5714285714285714,0.7586206896551724,0.6956521739130435,0.6274509803921569,22,7,12,16
val,case,mean,0.7253694581280788,0.6666666666666666,0.6650246305418719,0.5714285714285714,0.7586206896551724,0.6956521739130435,0.6274509803921569,22,7,12,16
val,case,max_prob,0.7253694581280788,0.6666666666666666,0.6650246305418719,0.5714285714285714,0.7586206896551724,0.6956521739130435,0.6274509803921569,22,7,12,16
val,case,majority_vote,0.6650246305418719,0.6666666666666666,0.6650246305418719,0.5714285714285714,0.7586206896551724,0.6956521739130435,0.6274509803921569,22,7,12,16
