{
  "accuracy": 0.8280701754385965,
  "balanced_accuracy": 0.8278664302600472,
  "auc": 0.8289992119779354,
  "f1": 0.8231046931407943,
  "sensitivity": 0.8085106382978723,
  "specificity": 0.8472222222222222,
  "tn": 122,
  "fp": 22,
  "fn": 27,
  "tp": 114,
  "feature_set": "numeric_emb8",
  "target": "hard_core",
  "model": "extra_d3_l8",
  "objective": "accuracy",
  "routed_n": 2,
  "routed_frac": 0.007017543859649123,
  "routed_acc": 0.0,
  "pass_n": 283,
  "pass_frac": 0.9929824561403509,
  "pass_acc": 0.833922261484099,
  "rescue_n": 0,
  "hurt_n": 2,
  "net_rescue": -2
}