workflow,scope,n,release_n,release_rate,released_error_n,review_rate,auto_pass_rate,remaining_error_n,fn,fp,balanced_accuracy,accuracy,f1,auc
nested_fold_1,heldout_fold_1,119,23,0.19327731092436976,1,0.6050420168067226,0.3949579831932773,1,1,0,0.9891304347826086,0.9915966386554622,0.989010989010989,0.8478260869565217
nested_fold_2,heldout_fold_2,118,29,0.2457627118644068,0,0.5423728813559322,0.4576271186440678,0,0,0,1.0,1.0,1.0,0.8406019656019655
nested_fold_3,heldout_fold_3,118,24,0.2033898305084746,0,0.559322033898305,0.4406779661016949,1,1,0,0.9886363636363636,0.9915254237288136,0.9885057471264368,0.832002457002457
nested_fold_4,heldout_fold_4,118,31,0.2627118644067797,1,0.5423728813559322,0.4576271186440678,1,0,1,0.9932432432432432,0.9915254237288136,0.9887640449438202,0.8667076167076168
nested_fold_5,heldout_fold_5,118,34,0.288135593220339,0,0.4915254237288136,0.5084745762711864,0,0,0,1.0,1.0,1.0,0.917199391171994
