{
  "old_stage64_acc": 0.9263,
  "old_stage64_bacc": 0.9263,
  "old_stage64_auto_release_rate": 0.786,
  "old_stage64_review_rate": 0.214,
  "old_stage64_review_acc": 0.9016,
  "clean_n": 697,
  "clean_bacc": 0.9981343283582088,
  "clean_review_rate": 0.3601147776183644,
  "strict_external_n": 108,
  "strict_external_bacc": 1.0,
  "strict_external_review_rate": 0.5185185185185185,
  "v195_auto_decision_all": 447,
  "v195_wilson95_high_all": 0.0125617728514099,
  "v201_rescued_all": 2,
  "v201_hurt_all": 0,
  "best_task7_bacc": 0.7666666666666666,
  "best_task6_acc": 0.525
}