{
  "v118_bacc": 0.9981481481481482,
  "v118_review_rate": 0.7997138769670958,
  "v182_bacc": 0.9981481481481482,
  "v182_review_rate": 0.5608011444921316,
  "v182_released_errors": 0,
  "v180_released_errors": 3
}