feature_set,addon_rate,dev_accuracy,dev_balanced_accuracy,dev_sensitivity,dev_specificity,dev_precision,dev_f1,dev_tn,dev_fp,dev_fn,dev_tp,dev_review_n,dev_review_rate,dev_captured_wrong_n,dev_captured_fn_n,dev_captured_fp_n,dev_remaining_error_n,external_accuracy,external_balanced_accuracy,external_sensitivity,external_specificity,external_precision,external_f1,external_tn,external_fp,external_fn,external_tp,external_review_n,external_review_rate,external_captured_wrong_n,external_captured_fn_n,external_captured_fp_n,external_remaining_error_n,feature_set_n_numeric,feature_set_n_categorical,dev_pred_high_n,dev_false_positive_target_n,external_pred_high_n,external_false_positive_target_n,dev_auc,external_auc,scenario,sens_min,spec_min,constraints_met
all_with_gross_concepts,0.04,0.9780033840947546,0.9814534997075453,0.9955156950672646,0.967391304347826,0.9487179487179487,0.9715536105032823,356,12,1,222,408,0.6903553299492385,78,35,43,13,0.9629629629629629,0.9647715381932334,0.9787234042553191,0.9508196721311475,0.9387755102040817,0.9583333333333333,58,3,1,46,74,0.6851851851851852,28,14,14,4,45,0,242,55,49,17,0.7709285367039378,0.7095588235294117,sens985_spec965,0.985,0.965,1
model_prob_only,0.05,0.9796954314720813,0.9828121953597193,0.9955156950672646,0.970108695652174,0.9527896995708155,0.9736842105263159,357,11,1,222,414,0.700507614213198,79,35,44,12,0.9537037037037037,0.9565748168817579,0.9787234042553191,0.9344262295081968,0.92,0.9484536082474226,57,4,1,46,75,0.6944444444444444,27,14,13,5,28,0,242,55,49,17,0.8029168692270298,0.38786764705882354,sens985_spec970,0.985,0.97,1
model_prob_only,0.05,0.9796954314720813,0.9828121953597193,0.9955156950672646,0.970108695652174,0.9527896995708155,0.9736842105263159,357,11,1,222,414,0.700507614213198,79,35,44,12,0.9537037037037037,0.9565748168817579,0.9787234042553191,0.9344262295081968,0.92,0.9484536082474226,57,4,1,46,75,0.6944444444444444,27,14,13,5,28,0,242,55,49,17,0.8029168692270298,0.38786764705882354,sens990_spec970,0.99,0.97,1
