{
  "draft": "D:\\影响分析\\outputs\\grosspath_rc_v194_results_section_draft_20260527\\v194_results_section_draft.md",
  "adaptive_bacc": 0.9981481481481482,
  "adaptive_review_rate": 0.5894134477825465,
  "residual_case_id": "2516531",
  "wilson95_upper_all": 0.0194693509357862,
  "wilson95_upper_strict_external": 0.2153108027376358
}