router,n,error_rate,error_auc,error_ap,top20pct_error_enrichment
uncertainty_disagreement,591,0.12521150592216582,0.6466621360238382,0.21877088150722726,1.8274163994502979
uncertainty_disagreement_plus_concepts,591,0.12521150592216582,0.5425009148413403,0.1577220461507126,1.3536417773705909
