target_sensitivity,n_boot,selected_review_rate_median,selected_review_rate_ci025,selected_review_rate_ci975,external_bacc_median,external_bacc_ci025,external_bacc_ci975,external_sensitivity_median,external_fn_median,p_external_bacc_ge_95,p_external_fn_le_1,most_common_rule
0.95,2000,0.5648148148148149,0.48148148148148145,0.7037037037037037,0.9222183467038716,0.9033833275200558,0.9565748168817579,0.8936170212765957,5.0,0.0855,0.0645,0.45|pred_low_fn|0.05
0.97,2000,0.6759259259259259,0.5458333333333334,0.7314814814814815,0.9565748168817579,0.9140216253923963,0.9729682595047087,0.9787234042553191,1.0,0.675,0.5955,0.5|pred_low_fn|0.2
0.98,2000,0.7037037037037037,0.5740740740740741,0.7777777777777778,0.9647715381932334,0.9222183467038716,0.9729682595047087,0.9787234042553191,1.0,0.897,0.842,0.525|pred_low_fn|0.2
