{
  "main_table_rows": 23,
  "claim_count": 5,
  "v118_bacc": 0.9981481481481482,
  "v118_review_rate": 0.7997138769670958,
  "v182_bacc": 0.9981481481481482,
  "v182_review_rate": 0.5608011444921316,
  "v182_released_errors": 0,
  "strict_external_router_bacc": 0.8059427732942039,
  "strict_external_lowconf_bacc": 0.780997798972854,
  "clean_gate_variants": 7,
  "gate_variants": 9
}