{
  "exclusion_count_requested": 5,
  "exclusion_count_in_current_task7": 2,
  "current_task7_exclusion_ids_present": [
    "2307206",
    "2205101"
  ],
  "v195_full_all_domain": {
    "policy": "v195_stable_agreement_release",
    "cohort": "full_sensitivity",
    "scope": "all_domains",
    "n": 699,
    "low_risk_n": 429,
    "high_risk_n": 270,
    "auto_decision_n": 447,
    "auto_decision_rate": 0.6394849785407726,
    "review_or_reject_n": 252,
    "review_or_reject_rate": 0.3605150214592275,
    "auto_error_n": 1,
    "auto_error_rate": 0.0022371364653243847,
    "auto_error_wilson95_high": 0.012561772851409966,
    "auto_action_n": 160,
    "action_error_n": 0,
    "accuracy": 0.9985693848354793,
    "balanced_accuracy": 0.9981481481481482,
    "f1": 0.9981447124304267,
    "sensitivity_high": 0.9962962962962963,
    "specificity_low": 1.0,
    "tn": 429.0,
    "fp": 0,
    "fn": 1,
    "tp": 269.0,
    "auc": 0.8353017353017353
  },
  "v195_clean_all_domain": {
    "policy": "v195_stable_agreement_release",
    "cohort": "clean_primary",
    "scope": "all_domains",
    "n": 697,
    "low_risk_n": 429,
    "high_risk_n": 268,
    "auto_decision_n": 446,
    "auto_decision_rate": 0.6398852223816356,
    "review_or_reject_n": 251,
    "review_or_reject_rate": 0.3601147776183644,
    "auto_error_n": 1,
    "auto_error_rate": 0.002242152466367713,
    "auto_error_wilson95_high": 0.012589689931501995,
    "auto_action_n": 160,
    "action_error_n": 0,
    "accuracy": 0.9985652797704447,
    "balanced_accuracy": 0.9981343283582089,
    "f1": 0.9981308411214953,
    "sensitivity_high": 0.996268656716418,
    "specificity_low": 1.0,
    "tn": 429.0,
    "fp": 0,
    "fn": 1,
    "tp": 267.0,
    "auc": 0.8345162300386182
  }
}