scope,n,baseline_adaptive_review_n,baseline_adaptive_review_rate,auto_action_n,agreement_release_n,correction_attempt_n,action_error_n,rescued_n,hurt_n,remaining_review_n,remaining_review_rate,base_raw_error_n,base_raw_balanced_accuracy,accuracy,balanced_accuracy,f1,sensitivity_high,specificity_low,tn,fp,fn,tp,auc
old_data_nested,285,154,0.5403508771929825,91,91,0,0,0,0,63,0.22105263157894736,1,0.9965277777777778,1.0,1.0,1.0,1.0,1.0,144,0,0,141,0.8737687155240348
third_batch_nested,306,164,0.5359477124183006,69,69,0,3,0,0,95,0.3104575163398693,9,0.9528527874564461,0.9869281045751634,0.9833405923344948,0.975609756097561,0.975609756097561,0.9910714285714286,222,2,2,80,0.818270905923345
internal_nested_old_third,591,318,0.5380710659898477,160,160,0,3,0,0,158,0.2673434856175973,10,0.9802288457789043,0.9932318104906938,0.9927983037629167,0.9910313901345291,0.9910313901345291,0.9945652173913043,366,2,2,221,0.860011698186781
strict_external_locked,108,94,0.8703703703703703,38,38,0,0,0,0,56,0.5185185185185185,0,1.0,1.0,1.0,1.0,1.0,1.0,61,0,0,47,0.67317753749564
all_domains_nested_plus_locked_external,699,412,0.5894134477825465,198,198,0,3,0,0,214,0.3061516452074392,10,0.9835405335405336,0.994277539341917,0.993965293965294,0.9925925925925926,0.9925925925925926,0.9953379953379954,427,2,2,268,0.8353017353017353
