target_dev_bacc,n_boot,selected_budget_median,selected_budget_ci025,selected_budget_ci975,external_bacc_median,external_bacc_ci025,external_bacc_ci975,external_acc_median,external_fn_median,external_fp_median,p_external_bacc_ge_90,p_external_bacc_ge_93
0.9,2000,0.1525,0.05,0.305,0.7527031740495291,0.7174747122427625,0.8256016742239274,0.7592592592592593,14.0,12.0,0.0,0.0
0.92,2000,0.28,0.125,0.4251249999999993,0.8256016742239274,0.7445064527380537,0.8927450296477154,0.8333333333333334,11.0,7.0,0.02,0.0
0.95,2000,0.49,0.33,0.57,0.9033833275200558,0.8337983955354029,0.9222183467038716,0.9074074074074074,6.0,4.0,0.7605,0.014
0.97,2000,0.585,0.505,0.76,0.930415068015347,0.9033833275200558,0.9598883850715033,0.9351851851851852,5.0,2.0,0.998,0.566
