{
  "final_table_rows": 23,
  "claim_count": 6,
  "adaptive_all_bacc": 0.9981481481481482,
  "adaptive_all_review_rate": 0.5894134477825465,
  "fixed_v182_review_rate": 0.5608011444921316,
  "fixed_v118_review_rate": 0.7997138769670958,
  "strict_external_adaptive_review_rate": 0.8703703703703703,
  "strict_external_fixed_v182_review_rate": 0.6851851851851852
}