workflow,scope,n,auto_release_n,auto_release_rate,additional_image_release_n,final_review_n,final_review_rate,released_error_n,additional_released_error_n,accuracy,balanced_accuracy,f1,auc,fn,fp
v161_safe_release,old_data,285,59,0.20701754385964913,0,158,0.5543859649122806,0,0,1.0,1.0,1.0,0.8737687155240348,0,0
v161_safe_release,third_batch,306,78,0.2549019607843137,0,170,0.5555555555555556,0,0,0.9967320261437909,0.9939024390243902,0.9938650306748467,0.818270905923345,1,0
v161_safe_release,strict_external,108,20,0.18518518518518517,0,74,0.6851851851851852,0,0,1.0,1.0,1.0,0.67317753749564,0,0
v161_safe_release,all_domains,699,157,0.2246065808297568,0,402,0.575107296137339,0,0,0.9985693848354793,0.9981481481481482,0.9981447124304267,0.8353017353017353,1,0
v178_union_v118_review_or_control_dino_pca64_logreg_c03_t0.90,old_data,285,63,0.22105263157894736,4,154,0.5403508771929825,0,0,1.0,1.0,1.0,0.8737687155240348,0,0
v178_union_v118_review_or_control_dino_pca64_logreg_c03_t0.90,third_batch,306,84,0.27450980392156865,6,164,0.5359477124183006,0,0,0.9967320261437909,0.9939024390243902,0.9938650306748467,0.818270905923345,1,0
v178_union_v118_review_or_control_dino_pca64_logreg_c03_t0.90,strict_external,108,20,0.18518518518518517,0,74,0.6851851851851852,0,0,1.0,1.0,1.0,0.67317753749564,0,0
v178_union_v118_review_or_control_dino_pca64_logreg_c03_t0.90,all_domains,699,167,0.23891273247496422,10,392,0.5608011444921316,0,0,0.9985693848354793,0.9981481481481482,0.9981447124304267,0.8353017353017353,1,0
