{
  "v118_bacc": 0.9981481481481482,
  "v118_review_rate": 0.7997138769670958,
  "v161_bacc": 0.9981481481481482,
  "v161_review_rate": 0.575107296137339,
  "v178_full_fit_review_rate": 0.5608011444921316,
  "v180_nested_bacc": 0.993965293965294,
  "v180_nested_review_rate": 0.4821173104434907,
  "v180_released_errors": 3
}