workflow,scope,n,release_n,release_rate,released_error_n,review_rate,auto_pass_rate,remaining_error_n,fn,fp,balanced_accuracy,accuracy,f1,auc
fold_1_rules_on_external,strict_external,108,26,0.24074074074074073,0,0.6296296296296297,0.37037037037037035,0,0,0,1.0,1.0,1.0,0.67317753749564
fold_2_rules_on_external,strict_external,108,20,0.18518518518518517,0,0.6851851851851852,0.3148148148148148,0,0,0,1.0,1.0,1.0,0.67317753749564
fold_3_rules_on_external,strict_external,108,24,0.2222222222222222,0,0.6481481481481481,0.35185185185185186,0,0,0,1.0,1.0,1.0,0.67317753749564
fold_4_rules_on_external,strict_external,108,28,0.25925925925925924,0,0.6111111111111112,0.3888888888888889,0,0,0,1.0,1.0,1.0,0.67317753749564
fold_5_rules_on_external,strict_external,108,20,0.18518518518518517,0,0.6851851851851852,0.3148148148148148,0,0,0,1.0,1.0,1.0,0.67317753749564
