fold_id,best_c,best_val_primary_metric,test_case_mean_primary_metric,test_case_mean_accuracy,test_case_mean_balanced_accuracy
1,0.01,0.8194444444444444,0.8680555555555556,0.7916666666666666,0.7916666666666666
2,0.01,0.8541666666666666,0.8333333333333334,0.75,0.75
3,0.01,0.8611111111111112,0.8611111111111112,0.7916666666666666,0.7916666666666666
4,1.0,0.7083333333333334,0.7708333333333334,0.5833333333333334,0.5833333333333334
5,0.1,0.9374999999999999,0.763888888888889,0.7083333333333334,0.7083333333333333
