split,level,aggregation,auc,accuracy,balanced_accuracy,sensitivity,specificity,precision,f1,tn,fp,fn,tp
val,image,none,0.8719211822660098,0.7894736842105263,0.7906403940886699,0.7241379310344828,0.8571428571428571,0.84,0.7777777777777778,24,4,8,21
val,case,mean,0.8719211822660098,0.7894736842105263,0.7906403940886699,0.7241379310344828,0.8571428571428571,0.84,0.7777777777777778,24,4,8,21
