fold_id,best_c,best_val_primary_metric,test_case_mean_primary_metric,test_case_mean_accuracy,test_case_mean_balanced_accuracy
1,0.01,0.7916666666666667,0.8958333333333333,0.75,0.75
2,0.01,0.8333333333333334,0.8263888888888888,0.75,0.75
3,10.0,0.8055555555555556,0.8125,0.75,0.75
4,10.0,0.5902777777777777,0.7361111111111112,0.6666666666666666,0.6666666666666667
5,0.1,0.8958333333333334,0.6180555555555556,0.5833333333333334,0.5833333333333334
