split,level,aggregation,auc,accuracy,balanced_accuracy,sensitivity,specificity,precision,f1,tn,fp,fn,tp
test,image,none,0.8666666666666667,0.8214285714285714,0.823076923076923,0.8461538461538461,0.8,0.7857142857142857,0.8148148148148148,12,3,2,11
test,case,mean,0.8402777777777778,0.7916666666666666,0.7916666666666667,0.8333333333333334,0.75,0.7692307692307693,0.8,9,3,2,10
test,case,max_prob,0.8402777777777778,0.7916666666666666,0.7916666666666667,0.8333333333333334,0.75,0.7692307692307693,0.8,9,3,2,10
test,case,majority_vote,0.8229166666666666,0.7916666666666666,0.7916666666666667,0.8333333333333334,0.75,0.7692307692307693,0.8,9,3,2,10
