split,level,aggregation,auc,accuracy,balanced_accuracy,sensitivity,specificity,precision,f1,tn,fp,fn,tp
val,image,none,1.0,0.8846153846153846,0.8846153846153846,0.7692307692307693,1.0,1.0,0.8695652173913043,13,0,3,10
val,case,mean,1.0,0.9166666666666666,0.9166666666666667,0.8333333333333334,1.0,1.0,0.9090909090909091,12,0,2,10
val,case,max_prob,1.0,0.9166666666666666,0.9166666666666667,0.8333333333333334,1.0,1.0,0.9090909090909091,12,0,2,10
val,case,majority_vote,0.9166666666666667,0.9166666666666666,0.9166666666666667,0.8333333333333334,1.0,1.0,0.9090909090909091,12,0,2,10
