split,level,aggregation,auc,accuracy,balanced_accuracy,sensitivity,specificity,precision,f1,tn,fp,fn,tp
val,image,none,0.7371794871794871,0.68,0.6826923076923077,0.75,0.6153846153846154,0.6428571428571429,0.6923076923076923,8,5,3,9
val,case,mean,0.7222222222222222,0.6666666666666666,0.6666666666666667,0.75,0.5833333333333334,0.6428571428571429,0.6923076923076923,7,5,3,9
val,case,max_prob,0.7222222222222222,0.6666666666666666,0.6666666666666667,0.75,0.5833333333333334,0.6428571428571429,0.6923076923076923,7,5,3,9
val,case,majority_vote,0.6666666666666666,0.6666666666666666,0.6666666666666667,0.75,0.5833333333333334,0.6428571428571429,0.6923076923076923,7,5,3,9
