{
  "best_c": 0.01,
  "best_val_primary_metric": 0.7916666666666667,
  "val_case_mean": {
    "auc": 0.7916666666666667,
    "accuracy": 0.7083333333333334,
    "balanced_accuracy": 0.7083333333333333,
    "sensitivity": 0.75,
    "specificity": 0.6666666666666666,
    "precision": 0.6923076923076923,
    "f1": 0.72,
    "tn": 8,
    "fp": 4,
    "fn": 3,
    "tp": 9
  },
  "test_case_mean": {
    "auc": 0.8958333333333333,
    "accuracy": 0.75,
    "balanced_accuracy": 0.75,
    "sensitivity": 0.6666666666666666,
    "specificity": 0.8333333333333334,
    "precision": 0.8,
    "f1": 0.7272727272727273,
    "tn": 10,
    "fp": 2,
    "fn": 4,
    "tp": 8
  }
}