split,level,aggregation,auc,accuracy,balanced_accuracy,sensitivity,specificity,precision,f1,tn,fp,fn,tp
test,image,none,0.7916666666666667,0.6923076923076923,0.6964285714285714,0.6428571428571429,0.75,0.75,0.6923076923076923,9,3,5,9
test,case,mean,0.7638888888888888,0.6666666666666666,0.6666666666666667,0.5833333333333334,0.75,0.7,0.6363636363636364,9,3,5,7
test,case,max_prob,0.7708333333333333,0.6666666666666666,0.6666666666666667,0.5833333333333334,0.75,0.7,0.6363636363636364,9,3,5,7
test,case,majority_vote,0.6666666666666666,0.6666666666666666,0.6666666666666667,0.5833333333333334,0.75,0.7,0.6363636363636364,9,3,5,7
