split,level,aggregation,auc,accuracy,balanced_accuracy,sensitivity,specificity,precision,f1,tn,fp,fn,tp
val,image,none,0.7487179487179487,0.6071428571428571,0.617948717948718,0.7692307692307693,0.4666666666666667,0.5555555555555556,0.6451612903225806,7,8,3,10
val,case,mean,0.7986111111111112,0.6666666666666666,0.6666666666666667,0.8333333333333334,0.5,0.625,0.7142857142857143,6,6,2,10
val,case,max_prob,0.7569444444444444,0.6666666666666666,0.6666666666666667,0.8333333333333334,0.5,0.625,0.7142857142857143,6,6,2,10
val,case,majority_vote,0.6666666666666667,0.6666666666666666,0.6666666666666667,0.8333333333333334,0.5,0.625,0.7142857142857143,6,6,2,10
