split,level,aggregation,auc,accuracy,balanced_accuracy,sensitivity,specificity,precision,f1,tn,fp,fn,tp
val,image,none,0.9289940828402368,0.8461538461538461,0.8461538461538463,0.7692307692307693,0.9230769230769231,0.9090909090909091,0.8333333333333334,12,1,3,10
val,case,mean,0.9236111111111112,0.8333333333333334,0.8333333333333333,0.75,0.9166666666666666,0.9,0.8181818181818182,11,1,3,9
val,case,max_prob,0.9236111111111112,0.8333333333333334,0.8333333333333333,0.75,0.9166666666666666,0.9,0.8181818181818182,11,1,3,9
val,case,majority_vote,0.8333333333333333,0.8333333333333334,0.8333333333333333,0.75,0.9166666666666666,0.9,0.8181818181818182,11,1,3,9
