{
  "auc": 0.7955555555555557,
  "accuracy": 0.7333333333333333,
  "balanced_accuracy": 0.7333333333333334,
  "sensitivity": 0.65,
  "specificity": 0.8166666666666667,
  "precision": 0.78,
  "f1": 0.7090909090909091,
  "tn": 49,
  "fp": 11,
  "fn": 21,
  "tp": 39
}