split,level,aggregation,auc,accuracy,balanced_accuracy,sensitivity,specificity,precision,f1,tn,fp,fn,tp
test,image,none,0.9100985221674878,0.8245614035087719,0.8257389162561577,0.8928571428571429,0.7586206896551724,0.78125,0.8333333333333334,22,7,3,25
test,case,mean,0.9100985221674878,0.8245614035087719,0.8257389162561577,0.8928571428571429,0.7586206896551724,0.78125,0.8333333333333334,22,7,3,25
