{
  "best_c": NaN,
  "best_epoch": 3,
  "best_val_primary_metric": 0.8541666666666666,
  "val_case_mean": {
    "auc": 0.8541666666666666,
    "accuracy": 0.75,
    "balanced_accuracy": 0.75,
    "sensitivity": 0.8333333333333334,
    "specificity": 0.6666666666666666,
    "precision": 0.7142857142857143,
    "f1": 0.7692307692307693,
    "tn": 8,
    "fp": 4,
    "fn": 2,
    "tp": 10
  },
  "test_case_mean": {
    "auc": 0.875,
    "accuracy": 0.75,
    "balanced_accuracy": 0.75,
    "sensitivity": 0.6666666666666666,
    "specificity": 0.8333333333333334,
    "precision": 0.8,
    "f1": 0.7272727272727273,
    "tn": 10,
    "fp": 2,
    "fn": 4,
    "tp": 8
  },
  "aux_train_coverage": {
    "boundary_axis": 23,
    "lowrisk": 23,
    "bgroup": 23,
    "tc": 23
  }
}