split,level,aggregation,auc,accuracy,balanced_accuracy,sensitivity,specificity,precision,f1,tn,fp,fn,tp
test,image,none,0.7857142857142857,0.6666666666666666,0.6730769230769231,0.5,0.8461538461538461,0.7777777777777778,0.6086956521739131,11,2,7,7
test,case,mean,0.798611111111111,0.6666666666666666,0.6666666666666667,0.5,0.8333333333333334,0.75,0.6,10,2,6,6
test,case,max_prob,0.7916666666666666,0.6666666666666666,0.6666666666666667,0.5,0.8333333333333334,0.75,0.6,10,2,6,6
test,case,majority_vote,0.701388888888889,0.6666666666666666,0.6666666666666667,0.5,0.8333333333333334,0.75,0.6,10,2,6,6
