split,level,aggregation,auc,accuracy,balanced_accuracy,sensitivity,specificity,precision,f1,tn,fp,fn,tp
test,image,none,0.7435897435897435,0.72,0.717948717948718,0.6666666666666666,0.7692307692307693,0.7272727272727273,0.6956521739130435,10,3,4,8
test,case,mean,0.7222222222222222,0.7083333333333334,0.7083333333333333,0.6666666666666666,0.75,0.7272727272727273,0.6956521739130435,9,3,4,8
test,case,max_prob,0.7222222222222222,0.7083333333333334,0.7083333333333333,0.6666666666666666,0.75,0.7272727272727273,0.6956521739130435,9,3,4,8
test,case,majority_vote,0.7083333333333334,0.7083333333333334,0.7083333333333333,0.6666666666666666,0.75,0.7272727272727273,0.6956521739130435,9,3,4,8
