split,level,aggregation,auc,accuracy,balanced_accuracy,sensitivity,specificity,precision,f1,tn,fp,fn,tp
test,image,none,0.7912087912087913,0.7407407407407407,0.7472527472527473,0.5714285714285714,0.9230769230769231,0.8888888888888888,0.6956521739130435,12,1,6,8
test,case,mean,0.8125,0.75,0.75,0.5833333333333334,0.9166666666666666,0.875,0.7,11,1,5,7
test,case,max_prob,0.7777777777777778,0.75,0.75,0.5833333333333334,0.9166666666666666,0.875,0.7,11,1,5,7
test,case,majority_vote,0.7881944444444444,0.75,0.75,0.5833333333333334,0.9166666666666666,0.875,0.7,11,1,5,7
