split,level,aggregation,accuracy,balanced_accuracy,macro_precision,macro_recall,macro_f1,macro_auc
val,image,none,0.44,0.4583333333333333,0.38888888888888884,0.4583333333333333,0.4087301587301588,0.7664285714285715
val,case,mean,0.4583333333333333,0.4583333333333333,0.4166666666666667,0.4583333333333333,0.4166666666666667,0.7666666666666667
val,case,max_prob,0.4583333333333333,0.4583333333333333,0.4166666666666667,0.4583333333333333,0.4166666666666667,0.7562500000000001
val,case,majority_vote,0.4583333333333333,0.4583333333333333,0.4166666666666667,0.4583333333333333,0.4166666666666667,0.6749999999999999
