split,level,aggregation,auc,accuracy,balanced_accuracy,sensitivity,specificity,precision,f1,tn,fp,fn,tp
test_oof,image,none,0.7401285583103764,0.7045454545454546,0.7045454545454546,0.6515151515151515,0.7575757575757576,0.7288135593220338,0.688,50,16,23,43
test_oof,case,mean,0.7341666666666666,0.7,0.7,0.6666666666666666,0.7333333333333333,0.7142857142857143,0.6896551724137931,44,16,20,40
test_oof,case,max_prob,0.7313888888888889,0.7,0.7,0.6666666666666666,0.7333333333333333,0.7142857142857143,0.6896551724137931,44,16,20,40
test_oof,case,majority_vote,0.7016666666666667,0.6833333333333333,0.6833333333333333,0.6333333333333333,0.7333333333333333,0.7037037037037037,0.6666666666666666,44,16,22,38
