split,level,aggregation,auc,accuracy,balanced_accuracy,sensitivity,specificity,precision,f1,tn,fp,fn,tp
val,image,none,0.7302955665024631,0.7017543859649122,0.7013546798029557,0.6785714285714286,0.7241379310344828,0.7037037037037037,0.6909090909090909,21,8,9,19
val,case,mean,0.7302955665024631,0.7017543859649122,0.7013546798029557,0.6785714285714286,0.7241379310344828,0.7037037037037037,0.6909090909090909,21,8,9,19
