split,level,aggregation,auc,accuracy,balanced_accuracy,sensitivity,specificity,precision,f1,tn,fp,fn,tp
test,image,none,0.7992610837438424,0.7368421052631579,0.7358374384236454,0.6785714285714286,0.7931034482758621,0.76,0.7169811320754716,23,6,9,19
test,case,mean,0.7992610837438424,0.7368421052631579,0.7358374384236454,0.6785714285714286,0.7931034482758621,0.76,0.7169811320754716,23,6,9,19
