split,level,aggregation,accuracy,balanced_accuracy,macro_precision,macro_recall,macro_f1,macro_auc
test,image,none,0.4444444444444444,0.4583333333333333,0.37896825396825395,0.4583333333333333,0.3922318422318422,0.7213109354413701
test,case,mean,0.5,0.5,0.42063492063492053,0.5,0.4262626262626263,0.7583333333333334
test,case,max_prob,0.5,0.5,0.42063492063492053,0.5,0.4262626262626263,0.7583333333333333
test,case,majority_vote,0.5,0.5,0.4047619047619047,0.5,0.4274170274170275,0.6989583333333335
