fold_id,best_epoch,selection_metric,best_val_selection_metric,best_val_primary_metric,test_case_mean_primary_metric,test_case_mean_accuracy,test_case_mean_balanced_accuracy
1,7,auc,0.7361111111111112,0.7361111111111112,0.8680555555555555,0.7916666666666666,0.7916666666666666
2,23,auc,0.8819444444444444,0.8819444444444444,0.7847222222222223,0.7916666666666666,0.7916666666666667
3,2,auc,0.7291666666666667,0.7291666666666667,0.7291666666666667,0.625,0.625
4,1,auc,0.6388888888888888,0.6388888888888888,0.5069444444444444,0.5,0.5
5,13,auc,1.0,1.0,0.7291666666666667,0.625,0.625
