split,level,aggregation,auc,accuracy,balanced_accuracy,sensitivity,specificity,precision,f1,tn,fp,fn,tp
val,image,none,0.8769230769230769,0.7857142857142857,0.7897435897435897,0.8461538461538461,0.7333333333333333,0.7333333333333333,0.7857142857142857,11,4,2,11
val,case,mean,0.8541666666666666,0.75,0.75,0.8333333333333334,0.6666666666666666,0.7142857142857143,0.7692307692307693,8,4,2,10
val,case,max_prob,0.861111111111111,0.75,0.75,0.8333333333333334,0.6666666666666666,0.7142857142857143,0.7692307692307693,8,4,2,10
val,case,majority_vote,0.7500000000000002,0.75,0.75,0.8333333333333334,0.6666666666666666,0.7142857142857143,0.7692307692307693,8,4,2,10
