split,level,aggregation,auc,accuracy,balanced_accuracy,sensitivity,specificity,precision,f1,tn,fp,fn,tp
test,image,none,0.7435897435897436,0.75,0.7461538461538462,0.6923076923076923,0.8,0.75,0.72,12,3,4,9
test,case,mean,0.7847222222222223,0.7916666666666666,0.7916666666666667,0.75,0.8333333333333334,0.8181818181818182,0.782608695652174,10,2,3,9
test,case,max_prob,0.798611111111111,0.7916666666666666,0.7916666666666667,0.75,0.8333333333333334,0.8181818181818182,0.782608695652174,10,2,3,9
test,case,majority_vote,0.78125,0.7916666666666666,0.7916666666666667,0.75,0.8333333333333334,0.8181818181818182,0.782608695652174,10,2,3,9
