split,level,aggregation,accuracy,balanced_accuracy,macro_precision,macro_recall,macro_f1,macro_auc
test_oof,image,none,0.4090909090909091,0.4147273982056591,0.43733960016919343,0.4147273982056591,0.41380357783866556,0.7089823152820406
test_oof,case,mean,0.4166666666666667,0.4166666666666667,0.44434371184371185,0.4166666666666667,0.4200213517286688,0.7305833333333333
test_oof,case,max_prob,0.43333333333333335,0.43333333333333335,0.46134575569358177,0.43333333333333335,0.43774049482400884,0.7254999999999999
test_oof,case,majority_vote,0.425,0.42500000000000004,0.45450037884820493,0.42500000000000004,0.42854876452428425,0.6614166666666667
