{
  "best_c": 1.0,
  "best_val_primary_metric": 0.7083333333333334,
  "val_case_mean": {
    "auc": 0.7083333333333334,
    "accuracy": 0.625,
    "balanced_accuracy": 0.625,
    "sensitivity": 0.75,
    "specificity": 0.5,
    "precision": 0.6,
    "f1": 0.6666666666666666,
    "tn": 6,
    "fp": 6,
    "fn": 3,
    "tp": 9
  },
  "test_case_mean": {
    "auc": 0.7708333333333334,
    "accuracy": 0.5833333333333334,
    "balanced_accuracy": 0.5833333333333334,
    "sensitivity": 0.4166666666666667,
    "specificity": 0.75,
    "precision": 0.625,
    "f1": 0.5,
    "tn": 9,
    "fp": 3,
    "fn": 7,
    "tp": 5
  }
}