split,level,aggregation,auc,accuracy,balanced_accuracy,sensitivity,specificity,precision,f1,tn,fp,fn,tp
val,image,none,0.8362068965517241,0.7719298245614035,0.7721674876847291,0.7857142857142857,0.7586206896551724,0.7586206896551724,0.7719298245614035,22,7,6,22
val,case,mean,0.8362068965517241,0.7719298245614035,0.7721674876847291,0.7857142857142857,0.7586206896551724,0.7586206896551724,0.7719298245614035,22,7,6,22
