split,level,aggregation,auc,accuracy,balanced_accuracy,sensitivity,specificity,precision,f1,tn,fp,fn,tp
val,image,none,0.7339901477832512,0.7192982456140351,0.7192118226600985,0.7142857142857143,0.7241379310344828,0.7142857142857143,0.7142857142857143,21,8,8,20
val,case,mean,0.7339901477832512,0.7192982456140351,0.7192118226600985,0.7142857142857143,0.7241379310344828,0.7142857142857143,0.7142857142857143,21,8,8,20
