split,level,aggregation,auc,accuracy,balanced_accuracy,sensitivity,specificity,precision,f1,tn,fp,fn,tp
val,image,none,0.7076923076923078,0.5,0.517948717948718,0.7692307692307693,0.26666666666666666,0.47619047619047616,0.5882352941176471,4,11,3,10
val,case,mean,0.7361111111111112,0.5416666666666666,0.5416666666666667,0.8333333333333334,0.25,0.5263157894736842,0.6451612903225806,3,9,2,10
val,case,max_prob,0.7222222222222222,0.5416666666666666,0.5416666666666667,0.8333333333333334,0.25,0.5263157894736842,0.6451612903225806,3,9,2,10
val,case,majority_vote,0.5694444444444445,0.5833333333333334,0.5833333333333334,0.8333333333333334,0.3333333333333333,0.5555555555555556,0.6666666666666666,4,8,2,10
