split,level,aggregation,auc,accuracy,balanced_accuracy,sensitivity,specificity,precision,f1,tn,fp,fn,tp
test,image,none,0.8934911242603549,0.7692307692307693,0.7692307692307692,0.6923076923076923,0.8461538461538461,0.8181818181818182,0.75,11,2,4,9
test,case,mean,0.875,0.75,0.75,0.6666666666666666,0.8333333333333334,0.8,0.7272727272727273,10,2,4,8
test,case,max_prob,0.888888888888889,0.75,0.75,0.6666666666666666,0.8333333333333334,0.8,0.7272727272727273,10,2,4,8
test,case,majority_vote,0.75,0.75,0.75,0.6666666666666666,0.8333333333333334,0.8,0.7272727272727273,10,2,4,8
