split,level,aggregation,accuracy,balanced_accuracy,macro_precision,macro_recall,macro_f1,macro_auc
test_oof,image,none,0.4621212121212121,0.4605935127674259,0.44957835409780483,0.4605935127674259,0.4534566882392969,0.7902535517350461
test_oof,case,mean,0.49166666666666664,0.4916666666666667,0.4836500974658869,0.4916666666666667,0.48639505552214146,0.7992500000000001
test_oof,case,max_prob,0.49166666666666664,0.4916666666666667,0.4836500974658869,0.4916666666666667,0.48639505552214146,0.8043333333333335
test_oof,case,majority_vote,0.4666666666666667,0.4666666666666666,0.4596364098652428,0.4666666666666666,0.46213551170711514,0.6920416666666668
