split,level,aggregation,auc,accuracy,balanced_accuracy,sensitivity,specificity,precision,f1,tn,fp,fn,tp
test,image,none,0.9395604395604396,0.8148148148148148,0.8186813186813187,0.7142857142857143,0.9230769230769231,0.9090909090909091,0.8,12,1,4,10
test,case,mean,0.9444444444444444,0.8333333333333334,0.8333333333333333,0.75,0.9166666666666666,0.9,0.8181818181818182,11,1,3,9
test,case,max_prob,0.9375,0.8333333333333334,0.8333333333333333,0.75,0.9166666666666666,0.9,0.8181818181818182,11,1,3,9
test,case,majority_vote,0.8680555555555556,0.7916666666666666,0.7916666666666666,0.6666666666666666,0.9166666666666666,0.8888888888888888,0.7619047619047619,11,1,4,8
