split,level,aggregation,accuracy,balanced_accuracy,macro_precision,macro_recall,macro_f1,macro_auc
test,image,none,0.5,0.4916666666666667,0.5047619047619047,0.4916666666666667,0.4825757575757575,0.7608405483405484
test,case,mean,0.5416666666666666,0.5416666666666666,0.5464285714285714,0.5416666666666666,0.5214646464646465,0.7791666666666668
test,case,max_prob,0.5,0.5,0.5047619047619047,0.5,0.4837662337662338,0.7875
test,case,majority_vote,0.5,0.5,0.5047619047619047,0.5,0.4837662337662338,0.7156250000000001
