{
  "fold_id": 2,
  "best_epoch": 23,
  "selection_metric": "auc",
  "best_val_selection_metric": 0.8819444444444444,
  "best_val_primary_metric": 0.8819444444444444,
  "val_case_mean": {
    "auc": 0.8819444444444444,
    "accuracy": 0.75,
    "balanced_accuracy": 0.75,
    "sensitivity": 0.6666666666666666,
    "specificity": 0.8333333333333334,
    "precision": 0.8,
    "f1": 0.7272727272727273,
    "tn": 10,
    "fp": 2,
    "fn": 4,
    "tp": 8
  },
  "test_case_mean": {
    "auc": 0.7847222222222223,
    "accuracy": 0.7916666666666666,
    "balanced_accuracy": 0.7916666666666667,
    "sensitivity": 0.75,
    "specificity": 0.8333333333333334,
    "precision": 0.8181818181818182,
    "f1": 0.782608695652174,
    "tn": 10,
    "fp": 2,
    "fn": 3,
    "tp": 9
  },
  "test_image": {
    "auc": 0.7435897435897436,
    "accuracy": 0.75,
    "balanced_accuracy": 0.7461538461538462,
    "sensitivity": 0.6923076923076923,
    "specificity": 0.8,
    "precision": 0.75,
    "f1": 0.72,
    "tn": 12,
    "fp": 3,
    "fn": 4,
    "tp": 9
  }
}