split,level,aggregation,accuracy,balanced_accuracy,macro_precision,macro_recall,macro_f1,macro_auc
test,image,none,0.5185185185185185,0.525,0.4444444444444444,0.525,0.4631313131313131,0.7421607378129117
test,case,mean,0.5833333333333334,0.5833333333333334,0.498015873015873,0.5833333333333334,0.5247835497835498,0.7770833333333335
test,case,max_prob,0.5833333333333334,0.5833333333333334,0.498015873015873,0.5833333333333334,0.5247835497835498,0.7687499999999999
test,case,majority_vote,0.5833333333333334,0.5833333333333334,0.498015873015873,0.5833333333333334,0.5247835497835498,0.7552083333333334
