split,level,aggregation,auc,accuracy,balanced_accuracy,sensitivity,specificity,precision,f1,tn,fp,fn,tp
test,image,none,0.8485221674876847,0.8070175438596491,0.8054187192118227,0.896551724137931,0.7142857142857143,0.7647058823529411,0.8253968253968254,20,8,3,26
test,case,mean,0.8485221674876847,0.8070175438596491,0.8054187192118227,0.896551724137931,0.7142857142857143,0.7647058823529411,0.8253968253968254,20,8,3,26
