split,level,aggregation,auc,accuracy,balanced_accuracy,sensitivity,specificity,precision,f1,tn,fp,fn,tp
test,image,none,0.8012820512820512,0.84,0.8397435897435898,0.8333333333333334,0.8461538461538461,0.8333333333333334,0.8333333333333334,11,2,2,10
test,case,mean,0.7847222222222222,0.8333333333333334,0.8333333333333334,0.8333333333333334,0.8333333333333334,0.8333333333333334,0.8333333333333334,10,2,2,10
test,case,max_prob,0.7916666666666666,0.8333333333333334,0.8333333333333334,0.8333333333333334,0.8333333333333334,0.8333333333333334,0.8333333333333334,10,2,2,10
test,case,majority_vote,0.8333333333333334,0.8333333333333334,0.8333333333333334,0.8333333333333334,0.8333333333333334,0.8333333333333334,0.8333333333333334,10,2,2,10
