fold_id,best_c,best_val_primary_metric,test_case_mean_primary_metric,test_case_mean_accuracy,test_case_mean_balanced_accuracy
1,,0.8541666666666666,0.875,0.75,0.75
2,,0.8611111111111112,0.8819444444444445,0.7916666666666666,0.7916666666666667
3,,0.826388888888889,0.8541666666666667,0.7916666666666666,0.7916666666666666
4,,0.6736111111111112,0.7638888888888888,0.6666666666666666,0.6666666666666667
5,,0.9236111111111112,0.736111111111111,0.625,0.625
