split,level,aggregation,auc,accuracy,balanced_accuracy,sensitivity,specificity,precision,f1,tn,fp,fn,tp
test,image,none,0.7931034482758621,0.7368421052631579,0.7352216748768473,0.6428571428571429,0.8275862068965517,0.782608695652174,0.7058823529411765,24,5,10,18
test,case,mean,0.7931034482758621,0.7368421052631579,0.7352216748768473,0.6428571428571429,0.8275862068965517,0.782608695652174,0.7058823529411765,24,5,10,18
