split,level,aggregation,auc,accuracy,balanced_accuracy,sensitivity,specificity,precision,f1,tn,fp,fn,tp
val,image,none,0.8608374384236454,0.8070175438596491,0.8084975369458128,0.7241379310344828,0.8928571428571429,0.875,0.7924528301886793,25,3,8,21
val,case,mean,0.8608374384236454,0.8070175438596491,0.8084975369458128,0.7241379310344828,0.8928571428571429,0.875,0.7924528301886793,25,3,8,21
