split,level,aggregation,auc,accuracy,balanced_accuracy,sensitivity,specificity,precision,f1,tn,fp,fn,tp
val,image,none,0.9408284023668638,0.8076923076923077,0.8076923076923077,0.7692307692307693,0.8461538461538461,0.8333333333333334,0.8,11,2,3,10
val,case,mean,0.9374999999999999,0.7916666666666666,0.7916666666666667,0.75,0.8333333333333334,0.8181818181818182,0.782608695652174,10,2,3,9
val,case,max_prob,0.9374999999999999,0.7916666666666666,0.7916666666666667,0.75,0.8333333333333334,0.8181818181818182,0.782608695652174,10,2,3,9
val,case,majority_vote,0.7916666666666667,0.7916666666666666,0.7916666666666667,0.75,0.8333333333333334,0.8181818181818182,0.782608695652174,10,2,3,9
