fold_id,best_epoch,selection_metric,best_val_selection_metric,best_val_primary_metric,test_case_mean_primary_metric,test_case_mean_accuracy,test_case_mean_balanced_accuracy
1,13,auc,0.7986111111111112,0.7986111111111112,0.9166666666666667,0.875,0.875
2,8,auc,0.7777777777777778,0.7777777777777778,0.8472222222222222,0.7916666666666666,0.7916666666666667
3,26,auc,0.7986111111111112,0.7986111111111112,0.798611111111111,0.6666666666666666,0.6666666666666667
4,24,auc,0.6319444444444444,0.6319444444444444,0.6527777777777777,0.5833333333333334,0.5833333333333334
5,25,auc,0.9861111111111112,0.9861111111111112,0.6805555555555556,0.7083333333333334,0.7083333333333334
