{
  "best_c": NaN,
  "best_epoch": 42,
  "best_val_primary_metric": 0.826388888888889,
  "val_case_mean": {
    "auc": 0.826388888888889,
    "accuracy": 0.625,
    "balanced_accuracy": 0.625,
    "sensitivity": 0.4166666666666667,
    "specificity": 0.8333333333333334,
    "precision": 0.7142857142857143,
    "f1": 0.5263157894736842,
    "tn": 10,
    "fp": 2,
    "fn": 7,
    "tp": 5
  },
  "test_case_mean": {
    "auc": 0.8541666666666667,
    "accuracy": 0.7916666666666666,
    "balanced_accuracy": 0.7916666666666666,
    "sensitivity": 0.6666666666666666,
    "specificity": 0.9166666666666666,
    "precision": 0.8888888888888888,
    "f1": 0.7619047619047619,
    "tn": 11,
    "fp": 1,
    "fn": 4,
    "tp": 8
  },
  "aux_train_coverage": {
    "boundary_axis": 25,
    "lowrisk": 25,
    "bgroup": 25,
    "tc": 25
  }
}