split,level,aggregation,auc,accuracy,balanced_accuracy,sensitivity,specificity,precision,f1,tn,fp,fn,tp
test,image,none,0.8698224852071006,0.8076923076923077,0.8076923076923077,0.6923076923076923,0.9230769230769231,0.9,0.782608695652174,12,1,4,9
test,case,mean,0.8611111111111112,0.7916666666666666,0.7916666666666666,0.6666666666666666,0.9166666666666666,0.8888888888888888,0.7619047619047619,11,1,4,8
test,case,max_prob,0.8680555555555556,0.7916666666666666,0.7916666666666666,0.6666666666666666,0.9166666666666666,0.8888888888888888,0.7619047619047619,11,1,4,8
test,case,majority_vote,0.7916666666666666,0.7916666666666666,0.7916666666666666,0.6666666666666666,0.9166666666666666,0.8888888888888888,0.7619047619047619,11,1,4,8
