split,level,aggregation,accuracy,balanced_accuracy,macro_precision,macro_recall,macro_f1,macro_auc
val,image,none,0.5769230769230769,0.5694444444444444,0.5750000000000001,0.5694444444444444,0.5591750841750841,0.8454545454545453
val,case,mean,0.5833333333333334,0.5833333333333334,0.5833333333333334,0.5833333333333334,0.5740740740740741,0.84375
val,case,max_prob,0.5833333333333334,0.5833333333333334,0.5833333333333334,0.5833333333333334,0.5740740740740741,0.8541666666666666
val,case,majority_vote,0.5416666666666666,0.5416666666666666,0.5527777777777777,0.5416666666666666,0.5332010582010582,0.7479166666666667
