split,level,aggregation,auc,accuracy,balanced_accuracy,sensitivity,specificity,precision,f1,tn,fp,fn,tp
val,image,none,0.9224137931034483,0.8070175438596491,0.8078817733990147,0.8571428571428571,0.7586206896551724,0.7741935483870968,0.8135593220338984,22,7,4,24
val,case,mean,0.9224137931034483,0.8070175438596491,0.8078817733990147,0.8571428571428571,0.7586206896551724,0.7741935483870968,0.8135593220338984,22,7,4,24
