split,level,aggregation,auc,accuracy,balanced_accuracy,sensitivity,specificity,precision,f1,tn,fp,fn,tp
test_oof,image,none,0.7114325068870524,0.6590909090909091,0.6590909090909091,0.6363636363636364,0.6818181818181818,0.6666666666666666,0.6511627906976745,45,21,24,42
test_oof,case,mean,0.7191666666666667,0.6666666666666666,0.6666666666666666,0.6666666666666666,0.6666666666666666,0.6666666666666666,0.6666666666666666,40,20,20,40
test_oof,case,max_prob,0.7202777777777777,0.6666666666666666,0.6666666666666666,0.6666666666666666,0.6666666666666666,0.6666666666666666,0.6666666666666666,40,20,20,40
test_oof,case,majority_vote,0.6665277777777777,0.6666666666666666,0.6666666666666667,0.65,0.6833333333333333,0.6724137931034483,0.6610169491525424,41,19,21,39
