split,level,aggregation,auc,accuracy,balanced_accuracy,sensitivity,specificity,precision,f1,tn,fp,fn,tp
test_oof,image,none,0.8271349862258953,0.7727272727272727,0.7727272727272727,0.696969696969697,0.8484848484848485,0.8214285714285714,0.7540983606557377,56,10,20,46
test_oof,case,mean,0.8172222222222222,0.7666666666666667,0.7666666666666666,0.7,0.8333333333333334,0.8076923076923077,0.75,50,10,18,42
test_oof,case,max_prob,0.8224999999999999,0.7666666666666667,0.7666666666666666,0.7,0.8333333333333334,0.8076923076923077,0.75,50,10,18,42
test_oof,case,majority_vote,0.7722222222222224,0.7583333333333333,0.7583333333333333,0.6833333333333333,0.8333333333333334,0.803921568627451,0.7387387387387387,50,10,19,41
