split,level,aggregation,auc,accuracy,balanced_accuracy,sensitivity,specificity,precision,f1,tn,fp,fn,tp
val,image,none,0.8076923076923077,0.7407407407407407,0.7417582417582418,0.7142857142857143,0.7692307692307693,0.7692307692307693,0.7407407407407407,10,3,4,10
val,case,mean,0.8333333333333334,0.7083333333333334,0.7083333333333333,0.6666666666666666,0.75,0.7272727272727273,0.6956521739130435,9,3,4,8
val,case,max_prob,0.8055555555555556,0.7083333333333334,0.7083333333333333,0.6666666666666666,0.75,0.7272727272727273,0.6956521739130435,9,3,4,8
val,case,majority_vote,0.7708333333333334,0.7083333333333334,0.7083333333333333,0.6666666666666666,0.75,0.7272727272727273,0.6956521739130435,9,3,4,8
