split,level,aggregation,auc,accuracy,balanced_accuracy,sensitivity,specificity,precision,f1,tn,fp,fn,tp
test,image,none,0.8435960591133005,0.7894736842105263,0.7881773399014778,0.8620689655172413,0.7142857142857143,0.7575757575757576,0.8064516129032258,20,8,4,25
test,case,mean,0.8435960591133005,0.7894736842105263,0.7881773399014778,0.8620689655172413,0.7142857142857143,0.7575757575757576,0.8064516129032258,20,8,4,25
