{
  "best_c": 10.0,
  "best_val_primary_metric": 0.5902777777777777,
  "val_case_mean": {
    "auc": 0.5902777777777777,
    "accuracy": 0.5416666666666666,
    "balanced_accuracy": 0.5416666666666666,
    "sensitivity": 0.6666666666666666,
    "specificity": 0.4166666666666667,
    "precision": 0.5333333333333333,
    "f1": 0.5925925925925926,
    "tn": 5,
    "fp": 7,
    "fn": 4,
    "tp": 8
  },
  "test_case_mean": {
    "auc": 0.7361111111111112,
    "accuracy": 0.6666666666666666,
    "balanced_accuracy": 0.6666666666666667,
    "sensitivity": 0.5,
    "specificity": 0.8333333333333334,
    "precision": 0.75,
    "f1": 0.6,
    "tn": 10,
    "fp": 2,
    "fn": 6,
    "tp": 6
  }
}