split,level,aggregation,auc,accuracy,balanced_accuracy,sensitivity,specificity,precision,f1,tn,fp,fn,tp
test,image,none,0.761904761904762,0.6923076923076923,0.7023809523809523,0.5714285714285714,0.8333333333333334,0.8,0.6666666666666666,10,2,6,8
test,case,mean,0.7361111111111112,0.6666666666666666,0.6666666666666667,0.5,0.8333333333333334,0.75,0.6,10,2,6,6
test,case,max_prob,0.7430555555555556,0.6666666666666666,0.6666666666666667,0.5,0.8333333333333334,0.75,0.6,10,2,6,6
test,case,majority_vote,0.6666666666666666,0.6666666666666666,0.6666666666666667,0.5,0.8333333333333334,0.75,0.6,10,2,6,6
