{
  "best_c": 0.1,
  "best_val_primary_metric": 0.9375,
  "val_case_mean": {
    "auc": 0.9375,
    "accuracy": 0.8333333333333334,
    "balanced_accuracy": 0.8333333333333333,
    "sensitivity": 0.75,
    "specificity": 0.9166666666666666,
    "precision": 0.9,
    "f1": 0.8181818181818182,
    "tn": 11,
    "fp": 1,
    "fn": 3,
    "tp": 9
  },
  "test_case_mean": {
    "auc": 0.7222222222222222,
    "accuracy": 0.7083333333333334,
    "balanced_accuracy": 0.7083333333333333,
    "sensitivity": 0.6666666666666666,
    "specificity": 0.75,
    "precision": 0.7272727272727273,
    "f1": 0.6956521739130435,
    "tn": 9,
    "fp": 3,
    "fn": 4,
    "tp": 8
  }
}