split,level,aggregation,auc,accuracy,balanced_accuracy,sensitivity,specificity,precision,f1,tn,fp,fn,tp
test,image,none,0.6987179487179488,0.72,0.7147435897435898,0.5833333333333334,0.8461538461538461,0.7777777777777778,0.6666666666666666,11,2,5,7
test,case,mean,0.6805555555555556,0.7083333333333334,0.7083333333333334,0.5833333333333334,0.8333333333333334,0.7777777777777778,0.6666666666666666,10,2,5,7
test,case,max_prob,0.701388888888889,0.7083333333333334,0.7083333333333334,0.5833333333333334,0.8333333333333334,0.7777777777777778,0.6666666666666666,10,2,5,7
test,case,majority_vote,0.7083333333333335,0.7083333333333334,0.7083333333333334,0.5833333333333334,0.8333333333333334,0.7777777777777778,0.6666666666666666,10,2,5,7
