split,level,aggregation,auc,accuracy,balanced_accuracy,sensitivity,specificity,precision,f1,tn,fp,fn,tp
test,image,none,0.8994082840236687,0.7307692307692307,0.7307692307692308,0.6153846153846154,0.8461538461538461,0.8,0.6956521739130435,11,2,5,8
test,case,mean,0.8958333333333333,0.75,0.75,0.6666666666666666,0.8333333333333334,0.8,0.7272727272727273,10,2,4,8
test,case,max_prob,0.9097222222222222,0.75,0.75,0.6666666666666666,0.8333333333333334,0.8,0.7272727272727273,10,2,4,8
test,case,majority_vote,0.7430555555555556,0.7083333333333334,0.7083333333333334,0.5833333333333334,0.8333333333333334,0.7777777777777778,0.6666666666666666,10,2,5,7
