split,level,aggregation,auc,accuracy,balanced_accuracy,sensitivity,specificity,precision,f1,tn,fp,fn,tp
test_oof,image,none,0.806473829201102,0.7272727272727273,0.7272727272727273,0.6515151515151515,0.803030303030303,0.7678571428571429,0.7049180327868853,53,13,23,43
test_oof,case,mean,0.7899999999999999,0.725,0.725,0.6666666666666666,0.7833333333333333,0.7547169811320755,0.7079646017699115,47,13,20,40
test_oof,case,max_prob,0.7958333333333333,0.725,0.725,0.6666666666666666,0.7833333333333333,0.7547169811320755,0.7079646017699115,47,13,20,40
test_oof,case,majority_vote,0.7231944444444444,0.7166666666666667,0.7166666666666667,0.65,0.7833333333333333,0.75,0.6964285714285714,47,13,21,39
