split,level,aggregation,auc,accuracy,balanced_accuracy,sensitivity,specificity,precision,f1,tn,fp,fn,tp
val,image,none,0.6538461538461539,0.64,0.6474358974358975,0.8333333333333334,0.46153846153846156,0.5882352941176471,0.6896551724137931,6,7,2,10
val,case,mean,0.6319444444444444,0.625,0.625,0.8333333333333334,0.4166666666666667,0.5882352941176471,0.6896551724137931,5,7,2,10
val,case,max_prob,0.6388888888888888,0.625,0.625,0.8333333333333334,0.4166666666666667,0.5882352941176471,0.6896551724137931,5,7,2,10
val,case,majority_vote,0.625,0.625,0.625,0.8333333333333334,0.4166666666666667,0.5882352941176471,0.6896551724137931,5,7,2,10
