split,level,aggregation,auc,accuracy,balanced_accuracy,sensitivity,specificity,precision,f1,tn,fp,fn,tp
test,image,none,0.782051282051282,0.72,0.7211538461538461,0.75,0.6923076923076923,0.6923076923076923,0.72,9,4,3,9
test,case,mean,0.763888888888889,0.7083333333333334,0.7083333333333333,0.75,0.6666666666666666,0.6923076923076923,0.72,8,4,3,9
test,case,max_prob,0.763888888888889,0.7083333333333334,0.7083333333333333,0.75,0.6666666666666666,0.6923076923076923,0.72,8,4,3,9
test,case,majority_vote,0.7083333333333334,0.7083333333333334,0.7083333333333333,0.75,0.6666666666666666,0.6923076923076923,0.72,8,4,3,9
