split,level,aggregation,auc,accuracy,balanced_accuracy,sensitivity,specificity,precision,f1,tn,fp,fn,tp
test,image,none,0.8035714285714286,0.6153846153846154,0.625,0.5,0.75,0.7,0.5833333333333334,9,3,7,7
test,case,mean,0.7708333333333334,0.5833333333333334,0.5833333333333334,0.4166666666666667,0.75,0.625,0.5,9,3,7,5
test,case,max_prob,0.7708333333333334,0.5833333333333334,0.5833333333333334,0.4166666666666667,0.75,0.625,0.5,9,3,7,5
test,case,majority_vote,0.5833333333333334,0.5833333333333334,0.5833333333333334,0.4166666666666667,0.75,0.625,0.5,9,3,7,5
