split,level,aggregation,auc,accuracy,balanced_accuracy,sensitivity,specificity,precision,f1,tn,fp,fn,tp
val,image,none,0.9187192118226601,0.8070175438596491,0.8091133004926109,0.9285714285714286,0.6896551724137931,0.7428571428571429,0.8253968253968254,20,9,2,26
val,case,mean,0.9187192118226601,0.8070175438596491,0.8091133004926109,0.9285714285714286,0.6896551724137931,0.7428571428571429,0.8253968253968254,20,9,2,26
