{
  "best_c": 0.01,
  "best_val_primary_metric": 0.8333333333333334,
  "val_case_mean": {
    "auc": 0.8333333333333334,
    "accuracy": 0.7083333333333334,
    "balanced_accuracy": 0.7083333333333333,
    "sensitivity": 0.6666666666666666,
    "specificity": 0.75,
    "precision": 0.7272727272727273,
    "f1": 0.6956521739130435,
    "tn": 9,
    "fp": 3,
    "fn": 4,
    "tp": 8
  },
  "test_case_mean": {
    "auc": 0.8263888888888888,
    "accuracy": 0.75,
    "balanced_accuracy": 0.75,
    "sensitivity": 0.8333333333333334,
    "specificity": 0.6666666666666666,
    "precision": 0.7142857142857143,
    "f1": 0.7692307692307693,
    "tn": 8,
    "fp": 4,
    "fn": 2,
    "tp": 10
  }
}