{
  "best_c": 10.0,
  "best_val_primary_metric": 0.8055555555555556,
  "val_case_mean": {
    "auc": 0.8055555555555556,
    "accuracy": 0.5833333333333334,
    "balanced_accuracy": 0.5833333333333333,
    "sensitivity": 0.5,
    "specificity": 0.6666666666666666,
    "precision": 0.6,
    "f1": 0.5454545454545454,
    "tn": 8,
    "fp": 4,
    "fn": 6,
    "tp": 6
  },
  "test_case_mean": {
    "auc": 0.8125,
    "accuracy": 0.75,
    "balanced_accuracy": 0.75,
    "sensitivity": 0.5833333333333334,
    "specificity": 0.9166666666666666,
    "precision": 0.875,
    "f1": 0.7,
    "tn": 11,
    "fp": 1,
    "fn": 5,
    "tp": 7
  }
}