split,level,aggregation,accuracy,balanced_accuracy,macro_precision,macro_recall,macro_f1,macro_auc
test,image,none,0.5,0.5,0.6222222222222221,0.5,0.5,0.7674963924963926
test,case,mean,0.5416666666666666,0.5416666666666666,0.6347222222222222,0.5416666666666666,0.5349206349206349,0.7833333333333333
test,case,max_prob,0.5416666666666666,0.5416666666666666,0.6347222222222222,0.5416666666666666,0.5349206349206349,0.7937500000000001
test,case,majority_vote,0.5,0.5,0.6333333333333333,0.5,0.5071428571428571,0.7229166666666665
