split,level,aggregation,auc,accuracy,balanced_accuracy,sensitivity,specificity,precision,f1,tn,fp,fn,tp
test,image,none,0.8615384615384616,0.75,0.7512820512820513,0.7692307692307693,0.7333333333333333,0.7142857142857143,0.7407407407407407,11,4,3,10
test,case,mean,0.8263888888888888,0.75,0.75,0.8333333333333334,0.6666666666666666,0.7142857142857143,0.7692307692307693,8,4,2,10
test,case,max_prob,0.8472222222222222,0.75,0.75,0.8333333333333334,0.6666666666666666,0.7142857142857143,0.7692307692307693,8,4,2,10
test,case,majority_vote,0.7361111111111113,0.7083333333333334,0.7083333333333333,0.75,0.6666666666666666,0.6923076923076923,0.72,8,4,3,9
