split,level,aggregation,auc,accuracy,balanced_accuracy,sensitivity,specificity,precision,f1,tn,fp,fn,tp
val,image,none,0.8362068965517241,0.7894736842105263,0.7900246305418719,0.8214285714285714,0.7586206896551724,0.7666666666666667,0.7931034482758621,22,7,5,23
val,case,mean,0.8362068965517241,0.7894736842105263,0.7900246305418719,0.8214285714285714,0.7586206896551724,0.7666666666666667,0.7931034482758621,22,7,5,23
