fold_id,best_c,best_val_primary_metric,test_case_mean_primary_metric,test_case_mean_accuracy,test_case_mean_balanced_accuracy
1,0.01,0.7916666666666666,0.8541666666666666,0.7916666666666666,0.7916666666666666
2,0.01,0.9236111111111112,0.8611111111111112,0.7083333333333334,0.7083333333333333
3,1.0,0.7777777777777778,0.9444444444444444,0.8333333333333334,0.8333333333333333
4,100.0,0.6597222222222222,0.6111111111111112,0.5416666666666666,0.5416666666666666
5,0.1,0.9375,0.7222222222222222,0.7083333333333334,0.7083333333333333
