split,level,aggregation,auc,accuracy,balanced_accuracy,sensitivity,specificity,precision,f1,tn,fp,fn,tp
test_oof,image,none,0.8064738292011019,0.7348484848484849,0.7348484848484849,0.6818181818181818,0.7878787878787878,0.7627118644067796,0.72,52,14,21,45
test_oof,case,mean,0.7994444444444445,0.725,0.7250000000000001,0.6833333333333333,0.7666666666666667,0.7454545454545455,0.7130434782608696,46,14,19,41
test_oof,case,max_prob,0.8038888888888889,0.725,0.7250000000000001,0.6833333333333333,0.7666666666666667,0.7454545454545455,0.7130434782608696,46,14,19,41
test_oof,case,majority_vote,0.7294444444444443,0.7166666666666667,0.7166666666666667,0.6666666666666666,0.7666666666666667,0.7407407407407407,0.7017543859649122,46,14,20,40
