{
  "best_c": NaN,
  "final_stage": "stage3_all",
  "best_val_primary_metric": 0.868421052631579,
  "stage_summaries": {
    "stage1_easy": {
      "best_epoch": 3,
      "best_val_primary_metric": 0.9354838709677419,
      "best_val_metrics": {
        "auc": 0.9453781512605042,
        "accuracy": 0.9354838709677419,
        "balanced_accuracy": 0.9285714285714286,
        "sensitivity": 0.8571428571428571,
        "specificity": 1.0,
        "precision": 1.0,
        "f1": 0.9230769230769231,
        "tn": 17.0,
        "fp": 0.0,
        "fn": 2.0,
        "tp": 12.0
      },
      "aux_coverage": {
        "manual_pale_uniform": 55,
        "manual_round_smooth": 55,
        "manual_multinodular": 55,
        "manual_hemonec": 55,
        "manual_irregularity": 55,
        "manual_confound_target": 55,
        "manual_view_limit": 55
      }
    },
    "stage2_easy_medium": {
      "best_epoch": 1,
      "best_val_primary_metric": 0.9142857142857143,
      "best_val_metrics": {
        "auc": 0.9703947368421053,
        "accuracy": 0.9142857142857143,
        "balanced_accuracy": 0.9111842105263157,
        "sensitivity": 0.875,
        "specificity": 0.9473684210526315,
        "precision": 0.9333333333333333,
        "f1": 0.9032258064516129,
        "tn": 18.0,
        "fp": 1.0,
        "fn": 2.0,
        "tp": 14.0
      },
      "aux_coverage": {
        "manual_pale_uniform": 71,
        "manual_round_smooth": 71,
        "manual_multinodular": 71,
        "manual_hemonec": 71,
        "manual_irregularity": 71,
        "manual_confound_target": 71,
        "manual_view_limit": 71
      }
    },
    "stage3_all": {
      "best_epoch": 3,
      "best_val_primary_metric": 0.868421052631579,
      "best_val_metrics": {
        "auc": 0.9488636363636364,
        "accuracy": 0.868421052631579,
        "balanced_accuracy": 0.8778409090909092,
        "sensitivity": 0.9375,
        "specificity": 0.8181818181818182,
        "precision": 0.7894736842105263,
        "f1": 0.8571428571428571,
        "tn": 18.0,
        "fp": 4.0,
        "fn": 1.0,
        "tp": 15.0
      },
      "aux_coverage": {
        "manual_pale_uniform": 90,
        "manual_round_smooth": 90,
        "manual_multinodular": 90,
        "manual_hemonec": 90,
        "manual_irregularity": 90,
        "manual_confound_target": 90,
        "manual_view_limit": 90
      }
    }
  },
  "val_case_mean": {
    "auc": 0.7315270935960592,
    "accuracy": 0.6842105263157895,
    "balanced_accuracy": 0.6834975369458128,
    "sensitivity": 0.6428571428571429,
    "specificity": 0.7241379310344828,
    "precision": 0.6923076923076923,
    "f1": 0.6666666666666666,
    "tn": 21,
    "fp": 8,
    "fn": 10,
    "tp": 18
  },
  "test_case_mean": {
    "auc": 0.7672413793103449,
    "accuracy": 0.7543859649122807,
    "balanced_accuracy": 0.7536945812807883,
    "sensitivity": 0.7142857142857143,
    "specificity": 0.7931034482758621,
    "precision": 0.7692307692307693,
    "f1": 0.7407407407407407,
    "tn": 23,
    "fp": 6,
    "fn": 8,
    "tp": 20
  },
  "aux_loss_weight": 0.02
}