{
  "final_stage": "stage3_all",
  "best_val_primary_metric": 0.868421052631579,
  "stage_summaries": {
    "stage1_easy": {
      "best_epoch": 3,
      "best_val_primary_metric": 0.9354838709677419,
      "best_val_metrics": {
        "auc": 0.9453781512605042,
        "accuracy": 0.9354838709677419,
        "balanced_accuracy": 0.9285714285714286,
        "sensitivity": 0.8571428571428571,
        "specificity": 1.0,
        "precision": 1.0,
        "f1": 0.9230769230769231,
        "tn": 17.0,
        "fp": 0.0,
        "fn": 2.0,
        "tp": 12.0
      },
      "aux_coverage": {
        "manual_pale_uniform": 9,
        "manual_round_smooth": 9,
        "manual_multinodular": 9,
        "manual_hemonec": 9,
        "manual_irregularity": 9,
        "manual_confound_target": 9,
        "manual_view_limit": 9
      }
    },
    "stage2_easy_medium": {
      "best_epoch": 1,
      "best_val_primary_metric": 0.9142857142857143,
      "best_val_metrics": {
        "auc": 0.9802631578947368,
        "accuracy": 0.9142857142857143,
        "balanced_accuracy": 0.9111842105263157,
        "sensitivity": 0.875,
        "specificity": 0.9473684210526315,
        "precision": 0.9333333333333333,
        "f1": 0.9032258064516129,
        "tn": 18.0,
        "fp": 1.0,
        "fn": 2.0,
        "tp": 14.0
      },
      "aux_coverage": {
        "manual_pale_uniform": 10,
        "manual_round_smooth": 10,
        "manual_multinodular": 10,
        "manual_hemonec": 10,
        "manual_irregularity": 10,
        "manual_confound_target": 10,
        "manual_view_limit": 10
      }
    },
    "stage3_all": {
      "best_epoch": 3,
      "best_val_primary_metric": 0.868421052631579,
      "best_val_metrics": {
        "auc": 0.9488636363636364,
        "accuracy": 0.868421052631579,
        "balanced_accuracy": 0.8778409090909092,
        "sensitivity": 0.9375,
        "specificity": 0.8181818181818182,
        "precision": 0.7894736842105263,
        "f1": 0.8571428571428571,
        "tn": 18.0,
        "fp": 4.0,
        "fn": 1.0,
        "tp": 15.0
      },
      "aux_coverage": {
        "manual_pale_uniform": 18,
        "manual_round_smooth": 18,
        "manual_multinodular": 18,
        "manual_hemonec": 18,
        "manual_irregularity": 18,
        "manual_confound_target": 18,
        "manual_view_limit": 18
      }
    }
  },
  "val_case_mean": {
    "auc": 0.7339901477832512,
    "accuracy": 0.7192982456140351,
    "balanced_accuracy": 0.7192118226600985,
    "sensitivity": 0.7142857142857143,
    "specificity": 0.7241379310344828,
    "precision": 0.7142857142857143,
    "f1": 0.7142857142857143,
    "tn": 21,
    "fp": 8,
    "fn": 8,
    "tp": 20
  },
  "test_case_mean": {
    "auc": 0.768472906403941,
    "accuracy": 0.7543859649122807,
    "balanced_accuracy": 0.7536945812807883,
    "sensitivity": 0.7142857142857143,
    "specificity": 0.7931034482758621,
    "precision": 0.7692307692307693,
    "f1": 0.7407407407407407,
    "tn": 23,
    "fp": 6,
    "fn": 8,
    "tp": 20
  },
  "aux_loss_weight": 0.05,
  "best_c": NaN
}