split,level,aggregation,auc,accuracy,balanced_accuracy,sensitivity,specificity,precision,f1,tn,fp,fn,tp
val,image,none,0.8273809523809523,0.6153846153846154,0.6190476190476191,0.5714285714285714,0.6666666666666666,0.6666666666666666,0.6153846153846154,8,4,6,8
val,case,mean,0.8055555555555556,0.5833333333333334,0.5833333333333333,0.5,0.6666666666666666,0.6,0.5454545454545454,8,4,6,6
val,case,max_prob,0.8055555555555556,0.5833333333333334,0.5833333333333333,0.5,0.6666666666666666,0.6,0.5454545454545454,8,4,6,6
val,case,majority_vote,0.5833333333333334,0.5833333333333334,0.5833333333333333,0.5,0.6666666666666666,0.6,0.5454545454545454,8,4,6,6
