split,level,aggregation,auc,accuracy,balanced_accuracy,sensitivity,specificity,precision,f1,tn,fp,fn,tp
val,image,none,0.9285714285714286,0.8518518518518519,0.8516483516483516,0.8571428571428571,0.8461538461538461,0.8571428571428571,0.8571428571428571,11,2,2,12
val,case,mean,0.9236111111111112,0.875,0.875,0.9166666666666666,0.8333333333333334,0.8461538461538461,0.88,10,2,1,11
val,case,max_prob,0.9375,0.875,0.875,0.9166666666666666,0.8333333333333334,0.8461538461538461,0.88,10,2,1,11
val,case,majority_vote,0.8680555555555555,0.8333333333333334,0.8333333333333334,0.8333333333333334,0.8333333333333334,0.8333333333333334,0.8333333333333334,10,2,2,10
