{
  "fold_id": 5,
  "best_epoch": 25,
  "selection_metric": "auc",
  "best_val_selection_metric": 0.9861111111111112,
  "best_val_primary_metric": 0.9861111111111112,
  "val_case_mean": {
    "auc": 0.9861111111111112,
    "accuracy": 0.9166666666666666,
    "balanced_accuracy": 0.9166666666666667,
    "sensitivity": 0.8333333333333334,
    "specificity": 1.0,
    "precision": 1.0,
    "f1": 0.9090909090909091,
    "tn": 12,
    "fp": 0,
    "fn": 2,
    "tp": 10
  },
  "test_case_mean": {
    "auc": 0.6805555555555556,
    "accuracy": 0.7083333333333334,
    "balanced_accuracy": 0.7083333333333334,
    "sensitivity": 0.5833333333333334,
    "specificity": 0.8333333333333334,
    "precision": 0.7777777777777778,
    "f1": 0.6666666666666666,
    "tn": 10,
    "fp": 2,
    "fn": 5,
    "tp": 7
  },
  "test_image": {
    "auc": 0.6987179487179488,
    "accuracy": 0.72,
    "balanced_accuracy": 0.7147435897435898,
    "sensitivity": 0.5833333333333334,
    "specificity": 0.8461538461538461,
    "precision": 0.7777777777777778,
    "f1": 0.6666666666666666,
    "tn": 11,
    "fp": 2,
    "fn": 5,
    "tp": 7
  }
}