split,level,aggregation,accuracy,balanced_accuracy,macro_precision,macro_recall,macro_f1,macro_auc
val,image,none,0.44,0.44166666666666665,0.4341269841269841,0.44166666666666665,0.41883116883116883,0.7728571428571428
val,case,mean,0.4166666666666667,0.4166666666666667,0.4063492063492063,0.4166666666666667,0.3923761423761423,0.7645833333333334
val,case,max_prob,0.4166666666666667,0.4166666666666667,0.4063492063492063,0.4166666666666667,0.3923761423761423,0.7625000000000001
val,case,majority_vote,0.4583333333333333,0.4583333333333333,0.4619047619047619,0.4583333333333333,0.43602693602693604,0.6697916666666667
