split,level,aggregation,auc,accuracy,balanced_accuracy,sensitivity,specificity,precision,f1,tn,fp,fn,tp
val,image,none,0.9053254437869822,0.8076923076923077,0.8076923076923077,0.8461538461538461,0.7692307692307693,0.7857142857142857,0.8148148148148148,10,3,2,11
val,case,mean,0.8958333333333334,0.7916666666666666,0.7916666666666667,0.8333333333333334,0.75,0.7692307692307693,0.8,9,3,2,10
val,case,max_prob,0.9097222222222223,0.7916666666666666,0.7916666666666667,0.8333333333333334,0.75,0.7692307692307693,0.8,9,3,2,10
val,case,majority_vote,0.7916666666666666,0.7916666666666666,0.7916666666666667,0.8333333333333334,0.75,0.7692307692307693,0.8,9,3,2,10
