split,level,aggregation,auc,accuracy,balanced_accuracy,sensitivity,specificity,precision,f1,tn,fp,fn,tp
val,image,none,0.875,0.6923076923076923,0.7023809523809523,0.5714285714285714,0.8333333333333334,0.8,0.6666666666666666,10,2,6,8
val,case,mean,0.8611111111111112,0.6666666666666666,0.6666666666666667,0.5,0.8333333333333334,0.75,0.6,10,2,6,6
val,case,max_prob,0.8611111111111112,0.6666666666666666,0.6666666666666667,0.5,0.8333333333333334,0.75,0.6,10,2,6,6
val,case,majority_vote,0.6666666666666666,0.6666666666666666,0.6666666666666667,0.5,0.8333333333333334,0.75,0.6,10,2,6,6
