split,level,aggregation,auc,accuracy,balanced_accuracy,sensitivity,specificity,precision,f1,tn,fp,fn,tp
test,image,none,0.7401477832512315,0.6666666666666666,0.6656403940886699,0.6071428571428571,0.7241379310344828,0.68,0.6415094339622641,21,8,11,17
test,case,mean,0.7401477832512315,0.6666666666666666,0.6656403940886699,0.6071428571428571,0.7241379310344828,0.68,0.6415094339622641,21,8,11,17
