split,level,aggregation,auc,accuracy,balanced_accuracy,sensitivity,specificity,precision,f1,tn,fp,fn,tp
test,image,none,0.8256410256410257,0.7857142857142857,0.7692307692307692,0.5384615384615384,1.0,1.0,0.7,15,0,6,7
test,case,mean,0.8472222222222222,0.7916666666666666,0.7916666666666667,0.5833333333333334,1.0,1.0,0.7368421052631579,12,0,5,7
test,case,max_prob,0.8472222222222223,0.7916666666666666,0.7916666666666667,0.5833333333333334,1.0,1.0,0.7368421052631579,12,0,5,7
test,case,majority_vote,0.7916666666666667,0.7916666666666666,0.7916666666666667,0.5833333333333334,1.0,1.0,0.7368421052631579,12,0,5,7
