split,level,aggregation,auc,accuracy,balanced_accuracy,sensitivity,specificity,precision,f1,tn,fp,fn,tp
val,image,none,0.8051282051282052,0.7142857142857143,0.7128205128205127,0.6923076923076923,0.7333333333333333,0.6923076923076923,0.6923076923076923,11,4,4,9
val,case,mean,0.7916666666666666,0.7083333333333334,0.7083333333333333,0.75,0.6666666666666666,0.6923076923076923,0.72,8,4,3,9
val,case,max_prob,0.8194444444444444,0.7083333333333334,0.7083333333333333,0.75,0.6666666666666666,0.6923076923076923,0.72,8,4,3,9
val,case,majority_vote,0.6944444444444444,0.6666666666666666,0.6666666666666666,0.6666666666666666,0.6666666666666666,0.6666666666666666,0.6666666666666666,8,4,4,8
