split,level,aggregation,accuracy,balanced_accuracy,macro_precision,macro_recall,macro_f1,macro_auc
val,image,none,0.4230769230769231,0.4166666666666667,0.5,0.4166666666666667,0.4444444444444444,0.7835137085137084
val,case,mean,0.4583333333333333,0.4583333333333333,0.5305555555555556,0.4583333333333333,0.4781746031746031,0.7937500000000001
val,case,max_prob,0.4583333333333333,0.4583333333333333,0.5,0.4583333333333333,0.46296296296296297,0.8020833333333334
val,case,majority_vote,0.4583333333333333,0.4583333333333333,0.5305555555555556,0.4583333333333333,0.4781746031746031,0.6697916666666667
