{
  "best_c": 0.1,
  "best_val_primary_metric": 0.8472222222222222,
  "val_case_mean": {
    "auc": 0.8472222222222222,
    "accuracy": 0.6666666666666666,
    "balanced_accuracy": 0.6666666666666666,
    "sensitivity": 0.4166666666666667,
    "specificity": 0.9166666666666666,
    "precision": 0.8333333333333334,
    "f1": 0.5555555555555556,
    "tn": 11,
    "fp": 1,
    "fn": 7,
    "tp": 5
  },
  "test_case_mean": {
    "auc": 0.8819444444444444,
    "accuracy": 0.7916666666666666,
    "balanced_accuracy": 0.7916666666666666,
    "sensitivity": 0.6666666666666666,
    "specificity": 0.9166666666666666,
    "precision": 0.8888888888888888,
    "f1": 0.7619047619047619,
    "tn": 11,
    "fp": 1,
    "fn": 4,
    "tp": 8
  }
}