{
  "final_stage": "stage3_all",
  "best_val_primary_metric": 0.8260869565217391,
  "stage_summaries": {
    "stage1_easy": {
      "best_epoch": 1,
      "best_val_primary_metric": 0.96,
      "best_val_metrics": {
        "auc": 0.967948717948718,
        "accuracy": 0.96,
        "balanced_accuracy": 0.9583333333333333,
        "sensitivity": 1.0,
        "specificity": 0.9166666666666666,
        "precision": 0.9285714285714286,
        "f1": 0.9629629629629629,
        "tn": 11.0,
        "fp": 1.0,
        "fn": 0.0,
        "tp": 13.0
      },
      "aux_coverage": {
        "manual_hemonec": 10,
        "manual_irregularity": 10,
        "manual_confound_target": 10,
        "manual_view_limit": 10
      }
    },
    "stage2_easy_medium": {
      "best_epoch": 7,
      "best_val_primary_metric": 0.9393939393939394,
      "best_val_metrics": {
        "auc": 0.9740740740740741,
        "accuracy": 0.9393939393939394,
        "balanced_accuracy": 0.9444444444444444,
        "sensitivity": 0.8888888888888888,
        "specificity": 1.0,
        "precision": 1.0,
        "f1": 0.9411764705882353,
        "tn": 15.0,
        "fp": 0.0,
        "fn": 2.0,
        "tp": 16.0
      },
      "aux_coverage": {
        "manual_hemonec": 10,
        "manual_irregularity": 10,
        "manual_confound_target": 10,
        "manual_view_limit": 10
      }
    },
    "stage3_all": {
      "best_epoch": 1,
      "best_val_primary_metric": 0.8260869565217391,
      "best_val_metrics": {
        "auc": 0.9035916824196597,
        "accuracy": 0.8260869565217391,
        "balanced_accuracy": 0.8260869565217391,
        "sensitivity": 0.8260869565217391,
        "specificity": 0.8260869565217391,
        "precision": 0.8260869565217391,
        "f1": 0.8260869565217391,
        "tn": 19.0,
        "fp": 4.0,
        "fn": 4.0,
        "tp": 19.0
      },
      "aux_coverage": {
        "manual_hemonec": 21,
        "manual_irregularity": 21,
        "manual_confound_target": 21,
        "manual_view_limit": 21
      }
    }
  },
  "val_case_mean": {
    "auc": 0.8300492610837439,
    "accuracy": 0.7543859649122807,
    "balanced_accuracy": 0.7543103448275862,
    "sensitivity": 0.7586206896551724,
    "specificity": 0.75,
    "precision": 0.7586206896551724,
    "f1": 0.7586206896551724,
    "tn": 21,
    "fp": 7,
    "fn": 7,
    "tp": 22
  },
  "test_case_mean": {
    "auc": 0.8472906403940887,
    "accuracy": 0.7368421052631579,
    "balanced_accuracy": 0.7370689655172413,
    "sensitivity": 0.75,
    "specificity": 0.7241379310344828,
    "precision": 0.7241379310344828,
    "f1": 0.7368421052631579,
    "tn": 21,
    "fp": 8,
    "fn": 7,
    "tp": 21
  },
  "aux_loss_weight": 0.05,
  "best_c": NaN
}