split,level,aggregation,accuracy,balanced_accuracy,macro_precision,macro_recall,macro_f1,macro_auc
test,image,none,0.5357142857142857,0.5305555555555556,0.6200396825396827,0.5305555555555556,0.5202686202686202,0.7947902942468161
test,case,mean,0.5,0.5,0.6063492063492064,0.5,0.48734968734968726,0.7916666666666666
test,case,max_prob,0.5,0.5,0.6063492063492064,0.5,0.48734968734968726,0.7770833333333332
test,case,majority_vote,0.5,0.5,0.6063492063492064,0.5,0.48734968734968726,0.7000000000000001
