split,level,aggregation,auc,accuracy,balanced_accuracy,sensitivity,specificity,precision,f1,tn,fp,fn,tp
val,image,none,0.8406593406593407,0.7407407407407407,0.7445054945054945,0.6428571428571429,0.8461538461538461,0.8181818181818182,0.72,11,2,5,9
val,case,mean,0.8819444444444444,0.75,0.75,0.6666666666666666,0.8333333333333334,0.8,0.7272727272727273,10,2,4,8
val,case,max_prob,0.8541666666666667,0.75,0.75,0.6666666666666666,0.8333333333333334,0.8,0.7272727272727273,10,2,4,8
val,case,majority_vote,0.7847222222222223,0.75,0.75,0.6666666666666666,0.8333333333333334,0.8,0.7272727272727273,10,2,4,8
