split,level,aggregation,auc,accuracy,balanced_accuracy,sensitivity,specificity,precision,f1,tn,fp,fn,tp
val,image,none,0.7315270935960592,0.6842105263157895,0.6834975369458128,0.6428571428571429,0.7241379310344828,0.6923076923076923,0.6666666666666666,21,8,10,18
val,case,mean,0.7315270935960592,0.6842105263157895,0.6834975369458128,0.6428571428571429,0.7241379310344828,0.6923076923076923,0.6666666666666666,21,8,10,18
