{
  "best_c": NaN,
  "final_stage": "stage3_all",
  "best_val_primary_metric": 0.8260869565217391,
  "stage_summaries": {
    "stage1_easy": {
      "best_epoch": 1,
      "best_val_primary_metric": 0.92,
      "best_val_metrics": {
        "auc": 0.9615384615384615,
        "accuracy": 0.92,
        "balanced_accuracy": 0.9198717948717949,
        "sensitivity": 0.9230769230769231,
        "specificity": 0.9166666666666666,
        "precision": 0.9230769230769231,
        "f1": 0.9230769230769231,
        "tn": 11.0,
        "fp": 1.0,
        "fn": 1.0,
        "tp": 12.0
      },
      "aux_coverage": {
        "manual_pale_uniform": 0,
        "manual_round_smooth": 0,
        "manual_multinodular": 0,
        "manual_hemonec": 0,
        "manual_irregularity": 0,
        "manual_confound_target": 0,
        "manual_view_limit": 0
      }
    },
    "stage2_easy_medium": {
      "best_epoch": 2,
      "best_val_primary_metric": 0.9393939393939394,
      "best_val_metrics": {
        "auc": 0.9851851851851852,
        "accuracy": 0.9393939393939394,
        "balanced_accuracy": 0.9388888888888889,
        "sensitivity": 0.9444444444444444,
        "specificity": 0.9333333333333333,
        "precision": 0.9444444444444444,
        "f1": 0.9444444444444444,
        "tn": 14.0,
        "fp": 1.0,
        "fn": 1.0,
        "tp": 17.0
      },
      "aux_coverage": {
        "manual_pale_uniform": 1,
        "manual_round_smooth": 1,
        "manual_multinodular": 1,
        "manual_hemonec": 1,
        "manual_irregularity": 1,
        "manual_confound_target": 1,
        "manual_view_limit": 1
      }
    },
    "stage3_all": {
      "best_epoch": 5,
      "best_val_primary_metric": 0.8260869565217391,
      "best_val_metrics": {
        "auc": 0.9187145557655955,
        "accuracy": 0.8260869565217391,
        "balanced_accuracy": 0.826086956521739,
        "sensitivity": 0.7391304347826086,
        "specificity": 0.9130434782608695,
        "precision": 0.8947368421052632,
        "f1": 0.8095238095238095,
        "tn": 21.0,
        "fp": 2.0,
        "fn": 6.0,
        "tp": 17.0
      },
      "aux_coverage": {
        "manual_pale_uniform": 16,
        "manual_round_smooth": 16,
        "manual_multinodular": 16,
        "manual_hemonec": 16,
        "manual_irregularity": 16,
        "manual_confound_target": 16,
        "manual_view_limit": 16
      }
    }
  },
  "val_case_mean": {
    "auc": 0.8719211822660098,
    "accuracy": 0.7894736842105263,
    "balanced_accuracy": 0.7906403940886699,
    "sensitivity": 0.7241379310344828,
    "specificity": 0.8571428571428571,
    "precision": 0.84,
    "f1": 0.7777777777777778,
    "tn": 24,
    "fp": 4,
    "fn": 8,
    "tp": 21
  },
  "test_case_mean": {
    "auc": 0.9100985221674878,
    "accuracy": 0.8245614035087719,
    "balanced_accuracy": 0.8257389162561577,
    "sensitivity": 0.8928571428571429,
    "specificity": 0.7586206896551724,
    "precision": 0.78125,
    "f1": 0.8333333333333334,
    "tn": 22,
    "fp": 7,
    "fn": 3,
    "tp": 25
  },
  "aux_loss_weight": 0.02
}