{
  "best_c": 0.01,
  "best_val_primary_metric": 0.8194444444444444,
  "val_case_mean": {
    "auc": 0.8194444444444444,
    "accuracy": 0.75,
    "balanced_accuracy": 0.75,
    "sensitivity": 0.8333333333333334,
    "specificity": 0.6666666666666666,
    "precision": 0.7142857142857143,
    "f1": 0.7692307692307693,
    "tn": 8,
    "fp": 4,
    "fn": 2,
    "tp": 10
  },
  "test_case_mean": {
    "auc": 0.8680555555555556,
    "accuracy": 0.7916666666666666,
    "balanced_accuracy": 0.7916666666666666,
    "sensitivity": 0.6666666666666666,
    "specificity": 0.9166666666666666,
    "precision": 0.8888888888888888,
    "f1": 0.7619047619047619,
    "tn": 11,
    "fp": 1,
    "fn": 4,
    "tp": 8
  }
}