split,level,aggregation,auc,accuracy,balanced_accuracy,sensitivity,specificity,precision,f1,tn,fp,fn,tp
val,image,none,0.8177339901477833,0.7894736842105263,0.7887931034482758,0.75,0.8275862068965517,0.8076923076923077,0.7777777777777778,24,5,7,21
val,case,mean,0.8177339901477833,0.7894736842105263,0.7887931034482758,0.75,0.8275862068965517,0.8076923076923077,0.7777777777777778,24,5,7,21
