split,level,aggregation,auc,accuracy,balanced_accuracy,sensitivity,specificity,precision,f1,tn,fp,fn,tp
val,image,none,0.75,0.6153846153846154,0.6369047619047619,0.35714285714285715,0.9166666666666666,0.8333333333333334,0.5,11,1,9,5
val,case,mean,0.7986111111111112,0.5833333333333334,0.5833333333333333,0.25,0.9166666666666666,0.75,0.375,11,1,9,3
val,case,max_prob,0.7152777777777778,0.5833333333333334,0.5833333333333333,0.25,0.9166666666666666,0.75,0.375,11,1,9,3
val,case,majority_vote,0.6597222222222222,0.5833333333333334,0.5833333333333333,0.25,0.9166666666666666,0.75,0.375,11,1,9,3
