split,level,aggregation,auc,accuracy,balanced_accuracy,sensitivity,specificity,precision,f1,tn,fp,fn,tp
test,image,none,0.768472906403941,0.7543859649122807,0.7536945812807883,0.7142857142857143,0.7931034482758621,0.7692307692307693,0.7407407407407407,23,6,8,20
test,case,mean,0.768472906403941,0.7543859649122807,0.7536945812807883,0.7142857142857143,0.7931034482758621,0.7692307692307693,0.7407407407407407,23,6,8,20
