split,level,aggregation,auc,accuracy,balanced_accuracy,sensitivity,specificity,precision,f1,tn,fp,fn,tp
test,image,none,0.9112426035502958,0.8461538461538461,0.8461538461538461,0.8461538461538461,0.8461538461538461,0.8461538461538461,0.8461538461538461,11,2,2,11
test,case,mean,0.9166666666666667,0.875,0.875,0.9166666666666666,0.8333333333333334,0.8461538461538461,0.88,10,2,1,11
test,case,max_prob,0.9374999999999999,0.875,0.875,0.9166666666666666,0.8333333333333334,0.8461538461538461,0.88,10,2,1,11
test,case,majority_vote,0.8680555555555555,0.8333333333333334,0.8333333333333334,0.8333333333333334,0.8333333333333334,0.8333333333333334,0.8333333333333334,10,2,2,10
