split,level,aggregation,auc,accuracy,balanced_accuracy,sensitivity,specificity,precision,f1,tn,fp,fn,tp
test,image,none,0.8564102564102565,0.75,0.7461538461538462,0.6923076923076923,0.8,0.75,0.72,12,3,4,9
test,case,mean,0.8611111111111112,0.7083333333333334,0.7083333333333333,0.6666666666666666,0.75,0.7272727272727273,0.6956521739130435,9,3,4,8
test,case,max_prob,0.8402777777777778,0.7083333333333334,0.7083333333333333,0.6666666666666666,0.75,0.7272727272727273,0.6956521739130435,9,3,4,8
test,case,majority_vote,0.7395833333333334,0.7083333333333334,0.7083333333333333,0.6666666666666666,0.75,0.7272727272727273,0.6956521739130435,9,3,4,8
