split,level,aggregation,accuracy,balanced_accuracy,macro_precision,macro_recall,macro_f1,macro_auc
test,image,none,0.5384615384615384,0.5277777777777778,0.613095238095238,0.5277777777777778,0.515909090909091,0.854040404040404
test,case,mean,0.5416666666666666,0.5416666666666666,0.625,0.5416666666666666,0.5345238095238095,0.8479166666666669
test,case,max_prob,0.5416666666666666,0.5416666666666666,0.625,0.5416666666666666,0.5345238095238095,0.8500000000000001
test,case,majority_vote,0.5,0.5,0.613095238095238,0.5,0.4936868686868687,0.7239583333333334
