split,level,aggregation,accuracy,balanced_accuracy,macro_precision,macro_recall,macro_f1,macro_auc
test,image,none,0.56,0.5750000000000001,0.5535714285714285,0.5750000000000001,0.5497835497835498,0.8230158730158731
test,case,mean,0.5833333333333334,0.5833333333333334,0.5813492063492063,0.5833333333333334,0.5676406926406926,0.81875
test,case,max_prob,0.5833333333333334,0.5833333333333334,0.5813492063492063,0.5833333333333334,0.5676406926406926,0.8229166666666669
test,case,majority_vote,0.5833333333333334,0.5833333333333334,0.5813492063492063,0.5833333333333334,0.5676406926406926,0.75
