{
  "best_c": 0.01,
  "best_val_primary_metric": 0.9236111111111112,
  "val_case_mean": {
    "auc": 0.9236111111111112,
    "accuracy": 0.875,
    "balanced_accuracy": 0.875,
    "sensitivity": 0.9166666666666666,
    "specificity": 0.8333333333333334,
    "precision": 0.8461538461538461,
    "f1": 0.88,
    "tn": 10,
    "fp": 2,
    "fn": 1,
    "tp": 11
  },
  "test_case_mean": {
    "auc": 0.8611111111111112,
    "accuracy": 0.7083333333333334,
    "balanced_accuracy": 0.7083333333333333,
    "sensitivity": 0.6666666666666666,
    "specificity": 0.75,
    "precision": 0.7272727272727273,
    "f1": 0.6956521739130435,
    "tn": 9,
    "fp": 3,
    "fn": 4,
    "tp": 8
  }
}