split,level,aggregation,auc,accuracy,balanced_accuracy,sensitivity,specificity,precision,f1,tn,fp,fn,tp
test,image,none,0.8461538461538461,0.7692307692307693,0.7692307692307692,0.8461538461538461,0.6923076923076923,0.7333333333333333,0.7857142857142857,9,4,2,11
test,case,mean,0.8680555555555555,0.7916666666666666,0.7916666666666666,0.9166666666666666,0.6666666666666666,0.7333333333333333,0.8148148148148148,8,4,1,11
test,case,max_prob,0.8541666666666666,0.7916666666666666,0.7916666666666666,0.9166666666666666,0.6666666666666666,0.7333333333333333,0.8148148148148148,8,4,1,11
test,case,majority_vote,0.8159722222222223,0.7916666666666666,0.7916666666666667,0.8333333333333334,0.75,0.7692307692307693,0.8,9,3,2,10
