split,level,aggregation,accuracy,balanced_accuracy,macro_precision,macro_recall,macro_f1,macro_auc
val,image,none,0.5357142857142857,0.5388888888888889,0.5416666666666666,0.5388888888888889,0.5279970029970029,0.7693785682916118
val,case,mean,0.5833333333333334,0.5833333333333334,0.611111111111111,0.5833333333333334,0.5809523809523809,0.7708333333333334
val,case,max_prob,0.5416666666666666,0.5416666666666666,0.5416666666666666,0.5416666666666666,0.5234126984126984,0.7479166666666667
val,case,majority_vote,0.5,0.5,0.4972222222222222,0.5,0.48955026455026457,0.7416666666666666
