split,level,aggregation,accuracy,balanced_accuracy,macro_precision,macro_recall,macro_f1,macro_auc
test,image,none,0.46153846153846156,0.4444444444444444,0.5337301587301587,0.4444444444444444,0.461002886002886,0.8018939393939393
test,case,mean,0.4583333333333333,0.4583333333333333,0.5476190476190476,0.4583333333333333,0.47647907647907645,0.7979166666666666
test,case,max_prob,0.4583333333333333,0.4583333333333333,0.5476190476190476,0.4583333333333333,0.47647907647907645,0.8020833333333334
test,case,majority_vote,0.4166666666666667,0.4166666666666667,0.5337301587301587,0.4166666666666667,0.4387806637806637,0.671875
