split,level,aggregation,auc,accuracy,balanced_accuracy,sensitivity,specificity,precision,f1,tn,fp,fn,tp
val,image,none,0.6794871794871795,0.64,0.6442307692307692,0.75,0.5384615384615384,0.6,0.6666666666666666,7,6,3,9
val,case,mean,0.6736111111111112,0.625,0.625,0.75,0.5,0.6,0.6666666666666666,6,6,3,9
val,case,max_prob,0.6736111111111112,0.625,0.625,0.75,0.5,0.6,0.6666666666666666,6,6,3,9
val,case,majority_vote,0.625,0.625,0.625,0.75,0.5,0.6,0.6666666666666666,6,6,3,9
