fold_id,best_c,best_val_primary_metric,test_case_mean_primary_metric,test_case_mean_accuracy,test_case_mean_balanced_accuracy
1,0.01,0.8194444444444444,0.8611111111111112,0.7916666666666666,0.7916666666666666
2,0.01,0.8611111111111112,0.8402777777777778,0.7916666666666666,0.7916666666666667
3,0.1,0.8472222222222222,0.8819444444444444,0.7916666666666666,0.7916666666666666
4,0.1,0.7222222222222222,0.7777777777777778,0.625,0.625
5,100.0,0.951388888888889,0.7847222222222222,0.8333333333333334,0.8333333333333334
