split,level,aggregation,auc,accuracy,balanced_accuracy,sensitivity,specificity,precision,f1,tn,fp,fn,tp
val,image,none,0.8226600985221674,0.8070175438596491,0.8060344827586207,0.75,0.8620689655172413,0.84,0.7924528301886793,25,4,7,21
val,case,mean,0.8226600985221674,0.8070175438596491,0.8060344827586207,0.75,0.8620689655172413,0.84,0.7924528301886793,25,4,7,21
