split,level,aggregation,auc,accuracy,balanced_accuracy,sensitivity,specificity,precision,f1,tn,fp,fn,tp
val,image,none,0.727832512315271,0.7017543859649122,0.7007389162561577,0.6428571428571429,0.7586206896551724,0.72,0.6792452830188679,22,7,10,18
val,case,mean,0.727832512315271,0.7017543859649122,0.7007389162561577,0.6428571428571429,0.7586206896551724,0.72,0.6792452830188679,22,7,10,18
