{
  "best_c": 1.0,
  "best_val_primary_metric": 0.7777777777777778,
  "val_case_mean": {
    "auc": 0.7777777777777778,
    "accuracy": 0.625,
    "balanced_accuracy": 0.625,
    "sensitivity": 0.5,
    "specificity": 0.75,
    "precision": 0.6666666666666666,
    "f1": 0.5714285714285714,
    "tn": 9,
    "fp": 3,
    "fn": 6,
    "tp": 6
  },
  "test_case_mean": {
    "auc": 0.9444444444444444,
    "accuracy": 0.8333333333333334,
    "balanced_accuracy": 0.8333333333333333,
    "sensitivity": 0.75,
    "specificity": 0.9166666666666666,
    "precision": 0.9,
    "f1": 0.8181818181818182,
    "tn": 11,
    "fp": 1,
    "fn": 3,
    "tp": 9
  }
}