split,level,aggregation,auc,accuracy,balanced_accuracy,sensitivity,specificity,precision,f1,tn,fp,fn,tp
test,image,none,0.7371794871794872,0.64,0.641025641025641,0.6666666666666666,0.6153846153846154,0.6153846153846154,0.64,8,5,4,8
test,case,mean,0.7291666666666667,0.625,0.625,0.6666666666666666,0.5833333333333334,0.6153846153846154,0.64,7,5,4,8
test,case,max_prob,0.7291666666666667,0.625,0.625,0.6666666666666666,0.5833333333333334,0.6153846153846154,0.64,7,5,4,8
test,case,majority_vote,0.6249999999999999,0.625,0.625,0.6666666666666666,0.5833333333333334,0.6153846153846154,0.64,7,5,4,8
