split,level,aggregation,auc,accuracy,balanced_accuracy,sensitivity,specificity,precision,f1,tn,fp,fn,tp
test,image,none,0.6666666666666667,0.5769230769230769,0.5833333333333333,0.5,0.6666666666666666,0.6363636363636364,0.56,8,4,7,7
test,case,mean,0.6111111111111112,0.5416666666666666,0.5416666666666666,0.4166666666666667,0.6666666666666666,0.5555555555555556,0.47619047619047616,8,4,7,5
test,case,max_prob,0.625,0.5416666666666666,0.5416666666666666,0.4166666666666667,0.6666666666666666,0.5555555555555556,0.47619047619047616,8,4,7,5
test,case,majority_vote,0.5416666666666667,0.5416666666666666,0.5416666666666666,0.4166666666666667,0.6666666666666666,0.5555555555555556,0.47619047619047616,8,4,7,5
