split,level,aggregation,accuracy,balanced_accuracy,macro_precision,macro_recall,macro_f1,macro_auc
test_oof,image,none,0.4015151515151515,0.4053071083505866,0.40039107430411774,0.4053071083505866,0.40109096405602557,0.7261653963627409
test_oof,case,mean,0.4083333333333333,0.40833333333333327,0.40093432190618894,0.40833333333333327,0.4035857242099592,0.73475
test_oof,case,max_prob,0.4083333333333333,0.40833333333333327,0.40093432190618894,0.40833333333333327,0.4035857242099592,0.7325833333333334
test_oof,case,majority_vote,0.4,0.3999999999999999,0.3963210702341137,0.3999999999999999,0.3957382559505917,0.6530833333333333
