split,level,aggregation,accuracy,balanced_accuracy,macro_precision,macro_recall,macro_f1,macro_auc
test_oof,image,none,0.5151515151515151,0.5086024844720497,0.492556281771968,0.5086024844720497,0.4935338937813118,0.8056492090480741
test_oof,case,mean,0.525,0.525,0.5069682945642024,0.525,0.5090713139663356,0.8121666666666667
test_oof,case,max_prob,0.525,0.525,0.5069682945642024,0.525,0.5090713139663356,0.8125833333333333
test_oof,case,majority_vote,0.5083333333333333,0.5083333333333333,0.4915982057158527,0.5083333333333333,0.49405748459456905,0.7164583333333333
