split,level,aggregation,auc,accuracy,balanced_accuracy,sensitivity,specificity,precision,f1,tn,fp,fn,tp
val,image,none,0.7142857142857142,0.6153846153846154,0.6011904761904762,0.7857142857142857,0.4166666666666667,0.6111111111111112,0.6875,5,7,3,11
val,case,mean,0.7291666666666667,0.5833333333333334,0.5833333333333334,0.75,0.4166666666666667,0.5625,0.6428571428571429,5,7,3,9
val,case,max_prob,0.7083333333333333,0.5833333333333334,0.5833333333333334,0.75,0.4166666666666667,0.5625,0.6428571428571429,5,7,3,9
val,case,majority_vote,0.6006944444444444,0.5833333333333334,0.5833333333333334,0.75,0.4166666666666667,0.5625,0.6428571428571429,5,7,3,9
