split,level,aggregation,accuracy,balanced_accuracy,macro_precision,macro_recall,macro_f1,macro_auc
val,image,none,0.48148148148148145,0.47500000000000003,0.4464285714285714,0.47500000000000003,0.4490740740740741,0.8250658761528328
val,case,mean,0.5,0.5,0.4781746031746032,0.5,0.4784632034632035,0.8249999999999998
val,case,max_prob,0.4583333333333333,0.4583333333333333,0.47222222222222227,0.4583333333333333,0.44166666666666665,0.8229166666666666
val,case,majority_vote,0.5,0.5,0.4476190476190476,0.5,0.468013468013468,0.6979166666666666
