{
  "best_c": 100.0,
  "best_val_primary_metric": 0.6597222222222222,
  "val_case_mean": {
    "auc": 0.6597222222222222,
    "accuracy": 0.6666666666666666,
    "balanced_accuracy": 0.6666666666666666,
    "sensitivity": 0.6666666666666666,
    "specificity": 0.6666666666666666,
    "precision": 0.6666666666666666,
    "f1": 0.6666666666666666,
    "tn": 8,
    "fp": 4,
    "fn": 4,
    "tp": 8
  },
  "test_case_mean": {
    "auc": 0.6111111111111112,
    "accuracy": 0.5416666666666666,
    "balanced_accuracy": 0.5416666666666666,
    "sensitivity": 0.4166666666666667,
    "specificity": 0.6666666666666666,
    "precision": 0.5555555555555556,
    "f1": 0.47619047619047616,
    "tn": 8,
    "fp": 4,
    "fn": 7,
    "tp": 5
  }
}