split,level,aggregation,auc,accuracy,balanced_accuracy,sensitivity,specificity,precision,f1,tn,fp,fn,tp
test_oof,image,none,0.7837465564738292,0.7348484848484849,0.7348484848484849,0.6515151515151515,0.8181818181818182,0.7818181818181819,0.7107438016528925,54,12,23,43
test_oof,case,mean,0.7702777777777777,0.7166666666666667,0.7166666666666667,0.6333333333333333,0.8,0.76,0.6909090909090909,48,12,22,38
test_oof,case,max_prob,0.7711111111111111,0.7166666666666667,0.7166666666666667,0.6333333333333333,0.8,0.76,0.6909090909090909,48,12,22,38
test_oof,case,majority_vote,0.7283333333333333,0.7083333333333334,0.7083333333333334,0.6166666666666667,0.8,0.7551020408163265,0.6788990825688074,48,12,23,37
