split,level,aggregation,auc,accuracy,balanced_accuracy,sensitivity,specificity,precision,f1,tn,fp,fn,tp
val,image,none,0.8095238095238095,0.6538461538461539,0.6607142857142857,0.5714285714285714,0.75,0.7272727272727273,0.64,9,3,6,8
val,case,mean,0.7777777777777778,0.625,0.625,0.5,0.75,0.6666666666666666,0.5714285714285714,9,3,6,6
val,case,max_prob,0.7777777777777778,0.625,0.625,0.5,0.75,0.6666666666666666,0.5714285714285714,9,3,6,6
val,case,majority_vote,0.625,0.625,0.625,0.5,0.75,0.6666666666666666,0.5714285714285714,9,3,6,6
