split,level,aggregation,accuracy,balanced_accuracy,macro_precision,macro_recall,macro_f1,macro_auc
test_oof,image,none,0.5075757575757576,0.5053795721187025,0.49712256697550816,0.5053795721187025,0.4978629278023792,0.7940917386865448
test_oof,case,mean,0.5083333333333333,0.5083333333333334,0.5018065998329155,0.5083333333333334,0.5027940216964607,0.8066666666666666
test_oof,case,max_prob,0.5083333333333333,0.5083333333333334,0.5018065998329155,0.5083333333333334,0.5027940216964607,0.8021666666666666
test_oof,case,majority_vote,0.49166666666666664,0.4916666666666667,0.48827798663324984,0.4916666666666667,0.4880196587513661,0.711375
