split,level,aggregation,auc,accuracy,balanced_accuracy,sensitivity,specificity,precision,f1,tn,fp,fn,tp
test,image,none,0.641025641025641,0.6,0.6057692307692308,0.75,0.46153846153846156,0.5625,0.6428571428571429,6,7,3,9
test,case,mean,0.6180555555555556,0.5833333333333334,0.5833333333333334,0.75,0.4166666666666667,0.5625,0.6428571428571429,5,7,3,9
test,case,max_prob,0.6180555555555556,0.5833333333333334,0.5833333333333334,0.75,0.4166666666666667,0.5625,0.6428571428571429,5,7,3,9
test,case,majority_vote,0.5833333333333333,0.5833333333333334,0.5833333333333334,0.75,0.4166666666666667,0.5625,0.6428571428571429,5,7,3,9
