split,level,aggregation,auc,accuracy,balanced_accuracy,sensitivity,specificity,precision,f1,tn,fp,fn,tp
val,image,none,0.6794871794871795,0.68,0.6794871794871795,0.6666666666666666,0.6923076923076923,0.6666666666666666,0.6666666666666666,9,4,4,8
val,case,mean,0.6597222222222222,0.6666666666666666,0.6666666666666666,0.6666666666666666,0.6666666666666666,0.6666666666666666,0.6666666666666666,8,4,4,8
val,case,max_prob,0.6597222222222222,0.6666666666666666,0.6666666666666666,0.6666666666666666,0.6666666666666666,0.6666666666666666,0.6666666666666666,8,4,4,8
val,case,majority_vote,0.6666666666666667,0.6666666666666666,0.6666666666666666,0.6666666666666666,0.6666666666666666,0.6666666666666666,0.6666666666666666,8,4,4,8
