split,level,aggregation,accuracy,balanced_accuracy,macro_precision,macro_recall,macro_f1,macro_auc
test_oof,image,none,0.48484848484848486,0.47957902001380265,0.47685897435897434,0.47957902001380265,0.47398375626471306,0.7518676297203326
test_oof,case,mean,0.49166666666666664,0.4916666666666667,0.48733766233766235,0.4916666666666667,0.4846758215481315,0.7646666666666667
test_oof,case,max_prob,0.49166666666666664,0.4916666666666667,0.48733766233766235,0.4916666666666667,0.4846758215481315,0.7635833333333334
test_oof,case,majority_vote,0.48333333333333334,0.4833333333333334,0.48162698412698407,0.4833333333333334,0.47818868123746167,0.6963333333333334
