split,level,aggregation,auc,accuracy,balanced_accuracy,sensitivity,specificity,precision,f1,tn,fp,fn,tp
test,image,none,0.8472906403940887,0.7368421052631579,0.7370689655172413,0.75,0.7241379310344828,0.7241379310344828,0.7368421052631579,21,8,7,21
test,case,mean,0.8472906403940887,0.7368421052631579,0.7370689655172413,0.75,0.7241379310344828,0.7241379310344828,0.7368421052631579,21,8,7,21
