{
  "fold_id": 3,
  "best_epoch": 2,
  "selection_metric": "auc",
  "best_val_selection_metric": 0.7291666666666667,
  "best_val_primary_metric": 0.7291666666666667,
  "val_case_mean": {
    "auc": 0.7291666666666667,
    "accuracy": 0.5833333333333334,
    "balanced_accuracy": 0.5833333333333334,
    "sensitivity": 0.75,
    "specificity": 0.4166666666666667,
    "precision": 0.5625,
    "f1": 0.6428571428571429,
    "tn": 5,
    "fp": 7,
    "fn": 3,
    "tp": 9
  },
  "test_case_mean": {
    "auc": 0.7291666666666667,
    "accuracy": 0.625,
    "balanced_accuracy": 0.625,
    "sensitivity": 1.0,
    "specificity": 0.25,
    "precision": 0.5714285714285714,
    "f1": 0.7272727272727273,
    "tn": 3,
    "fp": 9,
    "fn": 0,
    "tp": 12
  },
  "test_image": {
    "auc": 0.7307692307692308,
    "accuracy": 0.6666666666666666,
    "balanced_accuracy": 0.6538461538461539,
    "sensitivity": 1.0,
    "specificity": 0.3076923076923077,
    "precision": 0.6086956521739131,
    "f1": 0.7567567567567568,
    "tn": 4,
    "fp": 9,
    "fn": 0,
    "tp": 14
  }
}