split,level,aggregation,auc,accuracy,balanced_accuracy,sensitivity,specificity,precision,f1,tn,fp,fn,tp
test,image,none,0.7573891625615763,0.7719298245614035,0.770320197044335,0.6785714285714286,0.8620689655172413,0.8260869565217391,0.7450980392156863,25,4,9,19
test,case,mean,0.7573891625615763,0.7719298245614035,0.770320197044335,0.6785714285714286,0.8620689655172413,0.8260869565217391,0.7450980392156863,25,4,9,19
