{
  "best_c": 0.01,
  "best_val_primary_metric": 0.8194444444444444,
  "val_case_mean": {
    "auc": 0.8194444444444444,
    "accuracy": 0.7083333333333334,
    "balanced_accuracy": 0.7083333333333333,
    "sensitivity": 0.75,
    "specificity": 0.6666666666666666,
    "precision": 0.6923076923076923,
    "f1": 0.72,
    "tn": 8,
    "fp": 4,
    "fn": 3,
    "tp": 9
  },
  "test_case_mean": {
    "auc": 0.8611111111111112,
    "accuracy": 0.7916666666666666,
    "balanced_accuracy": 0.7916666666666666,
    "sensitivity": 0.6666666666666666,
    "specificity": 0.9166666666666666,
    "precision": 0.8888888888888888,
    "f1": 0.7619047619047619,
    "tn": 11,
    "fp": 1,
    "fn": 4,
    "tp": 8
  }
}