split,level,aggregation,auc,accuracy,balanced_accuracy,sensitivity,specificity,precision,f1,tn,fp,fn,tp
val,image,none,0.9467455621301776,0.8846153846153846,0.8846153846153846,0.7692307692307693,1.0,1.0,0.8695652173913043,13,0,3,10
val,case,mean,0.951388888888889,0.875,0.875,0.75,1.0,1.0,0.8571428571428571,12,0,3,9
val,case,max_prob,0.9583333333333334,0.875,0.875,0.75,1.0,1.0,0.8571428571428571,12,0,3,9
val,case,majority_vote,0.875,0.875,0.875,0.75,1.0,1.0,0.8571428571428571,12,0,3,9
