split,level,aggregation,accuracy,balanced_accuracy,macro_precision,macro_recall,macro_f1,macro_auc
val,image,none,0.4230769230769231,0.4166666666666667,0.4527777777777778,0.4166666666666667,0.42857142857142855,0.7591991341991342
val,case,mean,0.4583333333333333,0.4583333333333333,0.4888888888888889,0.4583333333333333,0.4682539682539682,0.7854166666666665
val,case,max_prob,0.4583333333333333,0.4583333333333333,0.48055555555555557,0.4583333333333333,0.4636243386243386,0.7645833333333333
val,case,majority_vote,0.4583333333333333,0.4583333333333333,0.4888888888888889,0.4583333333333333,0.4682539682539682,0.6697916666666667
