split,level,aggregation,auc,accuracy,balanced_accuracy,sensitivity,specificity,precision,f1,tn,fp,fn,tp
test,image,none,0.7307692307692308,0.6666666666666666,0.6538461538461539,1.0,0.3076923076923077,0.6086956521739131,0.7567567567567568,4,9,0,14
test,case,mean,0.7291666666666667,0.625,0.625,1.0,0.25,0.5714285714285714,0.7272727272727273,3,9,0,12
test,case,max_prob,0.763888888888889,0.625,0.625,1.0,0.25,0.5714285714285714,0.7272727272727273,3,9,0,12
test,case,majority_vote,0.625,0.625,0.625,1.0,0.25,0.5714285714285714,0.7272727272727273,3,9,0,12
