split,level,aggregation,auc,accuracy,balanced_accuracy,sensitivity,specificity,precision,f1,tn,fp,fn,tp
val,image,none,0.7472527472527473,0.5925925925925926,0.6016483516483516,0.35714285714285715,0.8461538461538461,0.7142857142857143,0.47619047619047616,11,2,9,5
val,case,mean,0.7777777777777778,0.625,0.625,0.4166666666666667,0.8333333333333334,0.7142857142857143,0.5263157894736842,10,2,7,5
val,case,max_prob,0.7638888888888888,0.625,0.625,0.4166666666666667,0.8333333333333334,0.7142857142857143,0.5263157894736842,10,2,7,5
val,case,majority_vote,0.625,0.625,0.625,0.4166666666666667,0.8333333333333334,0.7142857142857143,0.5263157894736842,10,2,7,5
