split,level,aggregation,auc,accuracy,balanced_accuracy,sensitivity,specificity,precision,f1,tn,fp,fn,tp
val,image,none,0.608974358974359,0.56,0.5641025641025641,0.6666666666666666,0.46153846153846156,0.5333333333333333,0.5925925925925926,6,7,4,8
val,case,mean,0.5902777777777777,0.5416666666666666,0.5416666666666666,0.6666666666666666,0.4166666666666667,0.5333333333333333,0.5925925925925926,5,7,4,8
val,case,max_prob,0.5902777777777777,0.5416666666666666,0.5416666666666666,0.6666666666666666,0.4166666666666667,0.5333333333333333,0.5925925925925926,5,7,4,8
val,case,majority_vote,0.5416666666666666,0.5416666666666666,0.5416666666666666,0.6666666666666666,0.4166666666666667,0.5333333333333333,0.5925925925925926,5,7,4,8
