split,level,aggregation,accuracy,balanced_accuracy,macro_precision,macro_recall,macro_f1,macro_auc
test,image,none,0.48,0.4916666666666667,0.4861111111111111,0.4916666666666667,0.46957671957671954,0.811111111111111
test,case,mean,0.5,0.5,0.5138888888888888,0.5,0.486111111111111,0.8145833333333333
test,case,max_prob,0.5,0.5,0.5138888888888888,0.5,0.486111111111111,0.8145833333333333
test,case,majority_vote,0.5,0.5,0.5138888888888888,0.5,0.486111111111111,0.6999999999999998
