split,level,aggregation,accuracy,balanced_accuracy,macro_precision,macro_recall,macro_f1,macro_auc
val,image,none,0.4074074074074074,0.40833333333333327,0.4222222222222222,0.40833333333333327,0.4070707070707071,0.797463768115942
val,case,mean,0.4583333333333333,0.4583333333333333,0.48888888888888893,0.4583333333333333,0.4571428571428571,0.8125
val,case,max_prob,0.4166666666666667,0.4166666666666667,0.4916666666666667,0.4166666666666667,0.41203703703703703,0.8020833333333334
val,case,majority_vote,0.4583333333333333,0.4583333333333333,0.5305555555555556,0.4583333333333333,0.4503968253968254,0.6687500000000001
