split,level,aggregation,accuracy,balanced_accuracy,macro_precision,macro_recall,macro_f1,macro_auc
test_oof,image,none,0.4696969696969697,0.4665320910973085,0.4823441457922882,0.4665320910973085,0.4628339140534263,0.7621659613454516
test_oof,case,mean,0.4666666666666667,0.4666666666666666,0.4767857142857143,0.4666666666666666,0.4594801712448771,0.7635000000000001
test_oof,case,max_prob,0.4666666666666667,0.4666666666666666,0.4767857142857143,0.4666666666666666,0.4594801712448771,0.7564166666666666
test_oof,case,majority_vote,0.4666666666666667,0.46666666666666673,0.4811783185261887,0.46666666666666673,0.46352799924228494,0.6932083333333333
