split,level,aggregation,auc,accuracy,balanced_accuracy,sensitivity,specificity,precision,f1,tn,fp,fn,tp
val,image,none,0.9289940828402368,0.8076923076923077,0.8076923076923077,0.7692307692307693,0.8461538461538461,0.8333333333333334,0.8,11,2,3,10
val,case,mean,0.9375,0.8333333333333334,0.8333333333333333,0.75,0.9166666666666666,0.9,0.8181818181818182,11,1,3,9
val,case,max_prob,0.9375,0.8333333333333334,0.8333333333333333,0.75,0.9166666666666666,0.9,0.8181818181818182,11,1,3,9
val,case,majority_vote,0.8229166666666667,0.8333333333333334,0.8333333333333333,0.75,0.9166666666666666,0.9,0.8181818181818182,11,1,3,9
