split,level,aggregation,auc,accuracy,balanced_accuracy,sensitivity,specificity,precision,f1,tn,fp,fn,tp
val,image,none,0.8690476190476191,0.6923076923076923,0.7083333333333333,0.5,0.9166666666666666,0.875,0.6363636363636364,11,1,7,7
val,case,mean,0.8472222222222222,0.6666666666666666,0.6666666666666666,0.4166666666666667,0.9166666666666666,0.8333333333333334,0.5555555555555556,11,1,7,5
val,case,max_prob,0.8541666666666666,0.6666666666666666,0.6666666666666666,0.4166666666666667,0.9166666666666666,0.8333333333333334,0.5555555555555556,11,1,7,5
val,case,majority_vote,0.6666666666666667,0.6666666666666666,0.6666666666666666,0.4166666666666667,0.9166666666666666,0.8333333333333334,0.5555555555555556,11,1,7,5
