split,level,aggregation,auc,accuracy,balanced_accuracy,sensitivity,specificity,precision,f1,tn,fp,fn,tp
test,image,none,0.7241379310344828,0.6666666666666666,0.666256157635468,0.6428571428571429,0.6896551724137931,0.6666666666666666,0.6545454545454545,20,9,10,18
test,case,mean,0.7241379310344828,0.6666666666666666,0.666256157635468,0.6428571428571429,0.6896551724137931,0.6666666666666666,0.6545454545454545,20,9,10,18
