split,level,aggregation,accuracy,balanced_accuracy,macro_precision,macro_recall,macro_f1,macro_auc
test,image,none,0.32142857142857145,0.325,0.25,0.325,0.2788461538461539,0.8208017676767678
test,case,mean,0.375,0.375,0.376984126984127,0.375,0.35202020202020207,0.8270833333333334
test,case,max_prob,0.3333333333333333,0.3333333333333333,0.27976190476190477,0.3333333333333333,0.2944805194805195,0.8166666666666668
test,case,majority_vote,0.2916666666666667,0.2916666666666667,0.23611111111111108,0.2916666666666667,0.2583333333333333,0.59375
