split,level,aggregation,accuracy,balanced_accuracy,macro_precision,macro_recall,macro_f1,macro_auc
test,image,none,0.5384615384615384,0.5333333333333333,0.6638888888888889,0.5333333333333333,0.5396825396825397,0.7706709956709957
test,case,mean,0.5833333333333334,0.5833333333333334,0.6763888888888889,0.5833333333333334,0.5765873015873016,0.7895833333333334
test,case,max_prob,0.5833333333333334,0.5833333333333334,0.6763888888888889,0.5833333333333334,0.5765873015873016,0.7958333333333334
test,case,majority_vote,0.5,0.5,0.6333333333333333,0.5,0.5071428571428571,0.7447916666666666
