{
  "fold_id": 1,
  "best_epoch": 7,
  "selection_metric": "auc",
  "best_val_selection_metric": 0.7361111111111112,
  "best_val_primary_metric": 0.7361111111111112,
  "val_case_mean": {
    "auc": 0.7361111111111112,
    "accuracy": 0.5416666666666666,
    "balanced_accuracy": 0.5416666666666667,
    "sensitivity": 0.8333333333333334,
    "specificity": 0.25,
    "precision": 0.5263157894736842,
    "f1": 0.6451612903225806,
    "tn": 3,
    "fp": 9,
    "fn": 2,
    "tp": 10
  },
  "test_case_mean": {
    "auc": 0.8680555555555555,
    "accuracy": 0.7916666666666666,
    "balanced_accuracy": 0.7916666666666666,
    "sensitivity": 0.9166666666666666,
    "specificity": 0.6666666666666666,
    "precision": 0.7333333333333333,
    "f1": 0.8148148148148148,
    "tn": 8,
    "fp": 4,
    "fn": 1,
    "tp": 11
  },
  "test_image": {
    "auc": 0.8461538461538461,
    "accuracy": 0.7692307692307693,
    "balanced_accuracy": 0.7692307692307692,
    "sensitivity": 0.8461538461538461,
    "specificity": 0.6923076923076923,
    "precision": 0.7333333333333333,
    "f1": 0.7857142857142857,
    "tn": 9,
    "fp": 4,
    "fn": 2,
    "tp": 11
  }
}