split,level,aggregation,auc,accuracy,balanced_accuracy,sensitivity,specificity,precision,f1,tn,fp,fn,tp
val,image,none,0.9881656804733727,0.9230769230769231,0.9230769230769231,0.8461538461538461,1.0,1.0,0.9166666666666666,13,0,2,11
val,case,mean,0.9861111111111112,0.9166666666666666,0.9166666666666667,0.8333333333333334,1.0,1.0,0.9090909090909091,12,0,2,10
val,case,max_prob,0.9861111111111112,0.9166666666666666,0.9166666666666667,0.8333333333333334,1.0,1.0,0.9090909090909091,12,0,2,10
val,case,majority_vote,0.9166666666666667,0.9166666666666666,0.9166666666666667,0.8333333333333334,1.0,1.0,0.9090909090909091,12,0,2,10
