split,level,aggregation,auc,accuracy,balanced_accuracy,sensitivity,specificity,precision,f1,tn,fp,fn,tp
val,image,none,0.8300492610837439,0.7543859649122807,0.7543103448275862,0.7586206896551724,0.75,0.7586206896551724,0.7586206896551724,21,7,7,22
val,case,mean,0.8300492610837439,0.7543859649122807,0.7543103448275862,0.7586206896551724,0.75,0.7586206896551724,0.7586206896551724,21,7,7,22
