split,level,aggregation,accuracy,balanced_accuracy,macro_precision,macro_recall,macro_f1,macro_auc
val,image,none,0.5769230769230769,0.5833333333333334,0.638095238095238,0.5833333333333334,0.5681577681577681,0.8487373737373738
val,case,mean,0.5833333333333334,0.5833333333333334,0.65,0.5833333333333334,0.5772486772486772,0.8395833333333332
val,case,max_prob,0.5833333333333334,0.5833333333333334,0.65,0.5833333333333334,0.5772486772486772,0.8458333333333332
val,case,majority_vote,0.5416666666666666,0.5416666666666666,0.638095238095238,0.5416666666666666,0.5237133237133237,0.7489583333333334
