split,level,aggregation,auc,accuracy,balanced_accuracy,sensitivity,specificity,precision,f1,tn,fp,fn,tp
test,image,none,0.8054187192118227,0.7543859649122807,0.7530788177339902,0.6785714285714286,0.8275862068965517,0.7916666666666666,0.7307692307692307,24,5,9,19
test,case,mean,0.8054187192118227,0.7543859649122807,0.7530788177339902,0.6785714285714286,0.8275862068965517,0.7916666666666666,0.7307692307692307,24,5,9,19
