split,level,aggregation,auc,accuracy,balanced_accuracy,sensitivity,specificity,precision,f1,tn,fp,fn,tp
val,image,none,0.8511904761904762,0.6538461538461539,0.6666666666666667,0.5,0.8333333333333334,0.7777777777777778,0.6086956521739131,10,2,7,7
val,case,mean,0.826388888888889,0.625,0.625,0.4166666666666667,0.8333333333333334,0.7142857142857143,0.5263157894736842,10,2,7,5
val,case,max_prob,0.826388888888889,0.625,0.625,0.4166666666666667,0.8333333333333334,0.7142857142857143,0.5263157894736842,10,2,7,5
val,case,majority_vote,0.625,0.625,0.625,0.4166666666666667,0.8333333333333334,0.7142857142857143,0.5263157894736842,10,2,7,5
