split,level,aggregation,auc,accuracy,balanced_accuracy,sensitivity,specificity,precision,f1,tn,fp,fn,tp
val,image,none,0.8406593406593407,0.7777777777777778,0.7774725274725275,0.7857142857142857,0.7692307692307693,0.7857142857142857,0.7857142857142857,10,3,3,11
val,case,mean,0.8611111111111112,0.75,0.75,0.75,0.75,0.75,0.75,9,3,3,9
val,case,max_prob,0.8472222222222222,0.75,0.75,0.75,0.75,0.75,0.75,9,3,3,9
val,case,majority_vote,0.78125,0.75,0.75,0.75,0.75,0.75,0.75,9,3,3,9
