{
  "fold_id": 3,
  "best_epoch": 26,
  "selection_metric": "auc",
  "best_val_selection_metric": 0.7986111111111112,
  "best_val_primary_metric": 0.7986111111111112,
  "val_case_mean": {
    "auc": 0.7986111111111112,
    "accuracy": 0.5833333333333334,
    "balanced_accuracy": 0.5833333333333333,
    "sensitivity": 0.25,
    "specificity": 0.9166666666666666,
    "precision": 0.75,
    "f1": 0.375,
    "tn": 11,
    "fp": 1,
    "fn": 9,
    "tp": 3
  },
  "test_case_mean": {
    "auc": 0.798611111111111,
    "accuracy": 0.6666666666666666,
    "balanced_accuracy": 0.6666666666666667,
    "sensitivity": 0.5,
    "specificity": 0.8333333333333334,
    "precision": 0.75,
    "f1": 0.6,
    "tn": 10,
    "fp": 2,
    "fn": 6,
    "tp": 6
  },
  "test_image": {
    "auc": 0.7857142857142857,
    "accuracy": 0.6666666666666666,
    "balanced_accuracy": 0.6730769230769231,
    "sensitivity": 0.5,
    "specificity": 0.8461538461538461,
    "precision": 0.7777777777777778,
    "f1": 0.6086956521739131,
    "tn": 11,
    "fp": 2,
    "fn": 7,
    "tp": 7
  }
}