policy,scope,n,margin_threshold,raw_accuracy_all_auto,raw_error_n_all_auto,raw_high_risk_fn_n_all_auto,auto_decision_n,auto_decision_rate,review_or_reject_n,review_or_reject_rate,auto_error_n,auto_error_rate,auto_error_wilson95_high,auto_high_risk_fn_n,auto_low_risk_fp_n,system_if_review_corrected_accuracy,raw_tn,raw_fp,raw_fn,raw_tp,auto_tn,auto_fp,auto_fn,auto_tp
raw_all_auto_v135_main_prob,strict_external_locked,108,0.0,0.6481481481481481,38,25,108,1.0,0,0.0,38,0.35185185185185186,0.44559068083128534,25,13,0.6481481481481481,48,13,25,22,48,13,25,22
internal_selected_zero_auto_error,strict_external_locked,108,0.404595189588,0.6481481481481481,38,25,4,0.037037037037037035,104,0.9629629629629629,2,0.5,0.8499610108478506,2,0,0.9814814814814815,48,13,25,22,2,0,2,0
internal_selected_zero_high_risk_fn,strict_external_locked,108,0.404595189588,0.6481481481481481,38,25,4,0.037037037037037035,104,0.9629629629629629,2,0.5,0.8499610108478506,2,0,0.9814814814814815,48,13,25,22,2,0,2,0
strict_oracle_zero_auto_error,strict_external_locked,108,0.48106949783,0.6481481481481481,38,25,1,0.009259259259259259,107,0.9907407407407407,0,0.0,0.7934506856227626,0,0,1.0,48,13,25,22,1,0,0,0
strict_oracle_zero_high_risk_fn,strict_external_locked,108,0.48106949783,0.6481481481481481,38,25,1,0.009259259259259259,107,0.9907407407407407,0,0.0,0.7934506856227626,0,0,1.0,48,13,25,22,1,0,0,0
