{
  "protocol": {
    "selection_uses_holdout": false,
    "selection_data": "old OOF + third adapt72 only",
    "holdout_data": "third adapt72 holdout 234 cases",
    "base_policy": "run25 selected No.64 guarded adapt overlay",
    "added_step": "fast confusion-matrix eval of crop-only low-case rescue corrector"
  },
  "lowcase_counts": {
    "old_low_n": 146,
    "old_low_pos": 12,
    "adapt_low_n": 40,
    "adapt_low_pos": 18,
    "holdout_low_n": 182,
    "holdout_low_pos": 16
  },
  "rescue_candidates_used": [
    "et_d3_aw3",
    "pca32_logreg_c0.01_aw1",
    "logreg_c0.0003_aw2",
    "pca32_logreg_c0.03_aw1",
    "pca16_logreg_c0.003_aw2",
    "pca16_logreg_c0.003_aw4",
    "pca16_logreg_c0.01_aw2",
    "pca16_logreg_c0.01_aw4",
    "logreg_c0.0003_aw1",
    "logreg_c0.001_aw1"
  ],
  "selected_base": {
    "old": {
      "accuracy": 0.9228070175438596,
      "balanced_accuracy": 0.9227245862884161,
      "f1": 0.9214285714285714,
      "tn": 134,
      "fp": 10,
      "fn": 12,
      "tp": 129,
      "auc": 0.9456264775413712,
      "routed_n": 1,
      "routed_pct": 0.0035087719298245615,
      "pass_n": 284,
      "pass_acc": 0.926056338028169,
      "routed_acc": 0.0,
      "rescue_n": 0,
      "hurt_n": 1,
      "net_rescue": -1
    },
    "adapt": {
      "accuracy": 0.6666666666666666,
      "balanced_accuracy": 0.6883116883116883,
      "f1": 0.6842105263157895,
      "tn": 22,
      "fp": 6,
      "fn": 18,
      "tp": 26,
      "auc": 0.640422077922078,
      "routed_n": 14,
      "routed_pct": 0.19444444444444445,
      "pass_n": 58,
      "pass_acc": 0.6724137931034483,
      "routed_acc": 0.6428571428571429,
      "rescue_n": 9,
      "hurt_n": 5,
      "net_rescue": 4
    },
    "holdout": {
      "accuracy": 0.8034188034188035,
      "balanced_accuracy": 0.7129430719656284,
      "f1": 0.4888888888888889,
      "tn": 166,
      "fp": 30,
      "fn": 16,
      "tp": 22,
      "auc": 0.6956229860365198,
      "routed_n": 44,
      "routed_pct": 0.18803418803418803,
      "pass_n": 190,
      "pass_acc": 0.8368421052631579,
      "routed_acc": 0.6590909090909091,
      "rescue_n": 29,
      "hurt_n": 15,
      "net_rescue": 14
    }
  },
  "selected_crop_rescue_by_old_plus_adapt": {
    "rescue_candidate": "logreg_c0.001_aw1",
    "rescue_threshold": 0.4,
    "threshold_source": "old",
    "budget_pct": 1,
    "route_threshold": 0.4522920176268316,
    "old_accuracy": 0.9263157894736842,
    "old_balanced_accuracy": 0.9262706855791962,
    "old_f1": 0.9252669039145908,
    "old_tn": 134,
    "old_fp": 10,
    "old_fn": 11,
    "old_tp": 130,
    "old_routed_n": 1,
    "old_routed_pct": 0.0035087719298245615,
    "old_rescue_n": 1,
    "old_hurt_n": 0,
    "old_net_rescue": 1,
    "adapt_accuracy": 0.6666666666666666,
    "adapt_balanced_accuracy": 0.6883116883116883,
    "adapt_f1": 0.6842105263157895,
    "adapt_tn": 22,
    "adapt_fp": 6,
    "adapt_fn": 18,
    "adapt_tp": 26,
    "adapt_routed_n": 0,
    "adapt_routed_pct": 0.0,
    "adapt_rescue_n": 0,
    "adapt_hurt_n": 0,
    "adapt_net_rescue": 0,
    "holdout_accuracy": 0.8034188034188035,
    "holdout_balanced_accuracy": 0.7129430719656284,
    "holdout_f1": 0.4888888888888889,
    "holdout_tn": 166,
    "holdout_fp": 30,
    "holdout_fn": 16,
    "holdout_tp": 22,
    "holdout_routed_n": 0,
    "holdout_routed_pct": 0.0,
    "holdout_rescue_n": 0,
    "holdout_hurt_n": 0,
    "holdout_net_rescue": 0,
    "old_guard_092": true,
    "adapt_acc_gain": 0.0,
    "adapt_bacc_gain": 0.0,
    "adapt_tp_gain": 0,
    "adapt_fp_increase": 0,
    "holdout_acc_gain": 0.0,
    "holdout_bacc_gain": 0.0,
    "holdout_tp_preserved_vs_original": false,
    "selection_score_safe": 1.2373160173160174
  },
  "best_holdout_reference_under_old_guard92": {
    "rescue_candidate": "et_d3_aw3",
    "rescue_threshold": 0.4,
    "threshold_source": "old",
    "budget_pct": 0,
    "route_threshold": Infinity,
    "old_accuracy": 0.9228070175438596,
    "old_balanced_accuracy": 0.9227245862884161,
    "old_f1": 0.9214285714285714,
    "old_tn": 134,
    "old_fp": 10,
    "old_fn": 12,
    "old_tp": 129,
    "old_routed_n": 0,
    "old_routed_pct": 0.0,
    "old_rescue_n": 0,
    "old_hurt_n": 0,
    "old_net_rescue": 0,
    "adapt_accuracy": 0.6666666666666666,
    "adapt_balanced_accuracy": 0.6883116883116883,
    "adapt_f1": 0.6842105263157895,
    "adapt_tn": 22,
    "adapt_fp": 6,
    "adapt_fn": 18,
    "adapt_tp": 26,
    "adapt_routed_n": 0,
    "adapt_routed_pct": 0.0,
    "adapt_rescue_n": 0,
    "adapt_hurt_n": 0,
    "adapt_net_rescue": 0,
    "holdout_accuracy": 0.8034188034188035,
    "holdout_balanced_accuracy": 0.7129430719656284,
    "holdout_f1": 0.4888888888888889,
    "holdout_tn": 166,
    "holdout_fp": 30,
    "holdout_fn": 16,
    "holdout_tp": 22,
    "holdout_routed_n": 0,
    "holdout_routed_pct": 0.0,
    "holdout_rescue_n": 0,
    "holdout_hurt_n": 0,
    "holdout_net_rescue": 0,
    "old_guard_092": true,
    "adapt_acc_gain": 0.0,
    "adapt_bacc_gain": 0.0,
    "adapt_tp_gain": 0,
    "adapt_fp_increase": 0,
    "holdout_acc_gain": 0.0,
    "holdout_bacc_gain": 0.0,
    "holdout_tp_preserved_vs_original": false,
    "selection_score_safe": 1.2173160173160174
  },
  "best_holdout_tp_preserved_reference_under_old_guard92": null,
  "n_policies": 2430,
  "n_guard92": 760,
  "n_safe_adapt": 407,
  "output_dir": "D:\\影响分析\\outputs\\batch1_batch2_task567_20260514\\task7_adaptation_runs\\29_no64_crop_rescue_corrector_20260522"
}