group,n,auc,accuracy,balanced_accuracy,sensitivity,specificity,precision,f1,tn,fp,fn,tp
overall,162,0.7327731092436974,0.6790123456790124,0.6763941940412528,0.7294117647058823,0.6233766233766234,0.6813186813186813,0.7045454545454546,48,29,23,62
subtype:A,22,,0.5454545454545454,0.5454545454545454,0.0,0.5454545454545454,0.0,0.0,12,10,0,0
subtype:AB,29,,0.7931034482758621,0.7931034482758621,0.0,0.7931034482758621,0.0,0.0,23,6,0,0
subtype:B1,26,,0.5,0.5,0.0,0.5,0.0,0.0,13,13,0,0
subtype:B2,28,,0.6428571428571429,0.6428571428571429,0.6428571428571429,,1.0,0.782608695652174,0,0,10,18
subtype:B3,29,,0.6551724137931034,0.6551724137931034,0.6551724137931034,,1.0,0.7916666666666666,0,0,10,19
subtype:TC,28,,0.8928571428571429,0.8928571428571429,0.8928571428571429,,1.0,0.9433962264150944,0,0,3,25
domain:new_external_160,162,0.7327731092436974,0.6790123456790124,0.6763941940412528,0.7294117647058823,0.6233766233766234,0.6813186813186813,0.7045454545454546,48,29,23,62
